<shapes type=list>
	<scaling type=logical names=FALSE length=1 as.numeric=FALSE >NA</scaling>
	<landmarks.pixel type=matrix rownames=TRUE colnames=FALSE nrow=17 ncol=2 as.numeric=TRUE >
		pectoral_dors	2662	2313
		pectoral_vent	2813	2668
		premax_post	1321	2415
		eye_ant	1619	2146
		eye_post	2019	2060
		upper_jaw	1208	2430
		dorsal_ant	3709	1868
		dorsal_post	4003	2035
		caud_pedunc_dors	4438	2136
		caud_scale_dors	4691	2060
		caud_scale_vent	4701	2587
		caud_pedunc_vent	4493	2551
		anal_post	4251	2653
		anal_ant	3891	2779
		lower_jaw	1265	2491
		operc_vent	2576	2556
		oper_dor	2510	2246
	</landmarks.pixel>
	<curves.control type=list>
		<head type=matrix rownames=FALSE colnames=FALSE nrow=11 ncol=2 as.numeric=TRUE >
			1208	2430
			1265	2268
			1397	2111
			1629	1845
			2100	1746
			2540	1721
			3051	1716
			3350	1746
			3592	1838
			3632	1851
			3709	1868
		</head>
		<dorsal type=matrix rownames=FALSE colnames=FALSE nrow=3 ncol=2 as.numeric=TRUE >
			3709	1868
			3866	1965
			4003	2035
		</dorsal>
		<caudal_dors_ant type=matrix rownames=FALSE colnames=FALSE nrow=3 ncol=2 as.numeric=TRUE >
			4003	2035
			4188	2049
			4438	2136
		</caudal_dors_ant>
		<caud_dors_post type=matrix rownames=FALSE colnames=FALSE nrow=5 ncol=2 as.numeric=TRUE >
			4438	2136
			4529	2132
			4590	2111
			4638	2080
			4691	2060
		</caud_dors_post>
		<caud_vent_post type=matrix rownames=FALSE colnames=FALSE nrow=3 ncol=2 as.numeric=TRUE >
			4701	2587
			4598	2582
			4493	2551
		</caud_vent_post>
		<caudal_vent_ant type=matrix rownames=FALSE colnames=FALSE nrow=3 ncol=2 as.numeric=TRUE >
			4493	2551
			4377	2622
			4251	2653
		</caudal_vent_ant>
		<anal type=matrix rownames=FALSE colnames=FALSE nrow=3 ncol=2 as.numeric=TRUE >
			4251	2653
			4058	2718
			3891	2779
		</anal>
		<ventral_body type=matrix rownames=FALSE colnames=FALSE nrow=13 ncol=2 as.numeric=TRUE >
			3891	2779
			3704	2830
			3451	2860
			3284	2936
			2874	2977
			2444	3002
			1928	2930
			1665	2848
			1488	2713
			1410	2654
			1354	2611
			1303	2542
			1265	2491
		</ventral_body>
		<operculum type=matrix rownames=FALSE colnames=FALSE nrow=5 ncol=2 as.numeric=TRUE >
			2576	2556
			2510	2480
			2464	2384
			2462	2305
			2510	2246
		</operculum>
	</curves.control>
	<curves.pixel type=list>
		<head type=matrix rownames=FALSE colnames=FALSE nrow=2685 ncol=2 as.numeric=TRUE >
			1208	2430
			1208	2429
			1209	2428
			1209	2427
			1209	2426
			1210	2425
			1210	2424
			1211	2423
			1211	2422
			1211	2421
			1211	2420
			1212	2420
			1212	2419
			1212	2418
			1213	2417
			1213	2416
			1214	2415
			1214	2414
			1214	2413
			1214	2412
			1215	2411
			1215	2410
			1216	2409
			1216	2408
			1217	2407
			1217	2406
			1217	2405
			1218	2404
			1218	2403
			1218	2402
			1219	2401
			1219	2400
			1220	2399
			1220	2398
			1220	2397
			1221	2396
			1221	2395
			1222	2394
			1222	2393
			1222	2392
			1223	2391
			1223	2390
			1224	2389
			1224	2388
			1225	2387
			1225	2386
			1225	2385
			1226	2384
			1226	2383
			1227	2382
			1227	2381
			1227	2380
			1228	2379
			1228	2378
			1229	2377
			1229	2376
			1230	2375
			1230	2374
			1230	2373
			1231	2372
			1231	2371
			1232	2370
			1232	2369
			1233	2368
			1233	2367
			1233	2366
			1234	2365
			1234	2364
			1235	2363
			1235	2362
			1236	2361
			1236	2360
			1237	2359
			1237	2358
			1238	2357
			1238	2356
			1238	2355
			1239	2354
			1239	2353
			1240	2352
			1240	2351
			1241	2350
			1241	2349
			1242	2348
			1242	2347
			1243	2346
			1243	2345
			1244	2344
			1244	2343
			1245	2342
			1245	2341
			1245	2340
			1246	2339
			1246	2338
			1247	2337
			1247	2336
			1248	2335
			1248	2334
			1249	2333
			1249	2332
			1250	2331
			1250	2330
			1251	2329
			1251	2328
			1252	2328
			1252	2327
			1253	2326
			1253	2325
			1254	2324
			1254	2323
			1255	2322
			1255	2321
			1256	2320
			1256	2319
			1257	2318
			1257	2317
			1258	2316
			1258	2315
			1259	2314
			1259	2313
			1260	2312
			1260	2311
			1261	2310
			1262	2309
			1262	2308
			1263	2307
			1263	2306
			1264	2305
			1264	2304
			1265	2303
			1265	2302
			1266	2301
			1266	2300
			1267	2299
			1267	2298
			1268	2297
			1268	2296
			1269	2295
			1270	2294
			1270	2293
			1271	2292
			1271	2291
			1272	2290
			1272	2289
			1273	2288
			1273	2287
			1274	2286
			1275	2285
			1275	2284
			1276	2283
			1276	2282
			1277	2281
			1277	2280
			1278	2279
			1278	2278
			1279	2277
			1280	2276
			1280	2275
			1281	2274
			1281	2273
			1282	2272
			1282	2271
			1283	2270
			1284	2269
			1284	2268
			1285	2267
			1285	2266
			1286	2265
			1287	2265
			1287	2264
			1288	2263
			1288	2262
			1289	2261
			1290	2260
			1290	2259
			1291	2258
			1291	2257
			1292	2256
			1293	2255
			1293	2254
			1294	2253
			1294	2252
			1295	2251
			1296	2250
			1296	2249
			1297	2248
			1297	2247
			1298	2246
			1299	2245
			1299	2244
			1300	2243
			1300	2242
			1301	2241
			1302	2240
			1302	2239
			1303	2238
			1304	2237
			1304	2236
			1305	2235
			1306	2234
			1306	2233
			1307	2232
			1307	2231
			1308	2230
			1309	2229
			1309	2228
			1310	2227
			1311	2226
			1311	2225
			1312	2224
			1313	2223
			1313	2222
			1314	2221
			1314	2220
			1315	2219
			1316	2218
			1317	2217
			1318	2216
			1318	2215
			1319	2214
			1319	2213
			1320	2212
			1321	2211
			1322	2210
			1322	2209
			1323	2208
			1323	2207
			1324	2207
			1325	2206
			1325	2205
			1326	2204
			1326	2203
			1327	2202
			1328	2201
			1329	2200
			1329	2199
			1330	2198
			1331	2197
			1332	2196
			1332	2195
			1333	2194
			1334	2193
			1334	2192
			1335	2191
			1336	2190
			1337	2189
			1337	2188
			1338	2187
			1339	2186
			1339	2185
			1340	2184
			1341	2183
			1341	2182
			1342	2181
			1343	2180
			1343	2179
			1344	2178
			1345	2177
			1346	2176
			1347	2175
			1347	2174
			1348	2173
			1349	2172
			1349	2171
			1350	2170
			1351	2169
			1352	2168
			1353	2167
			1353	2166
			1354	2165
			1355	2164
			1356	2163
			1356	2162
			1357	2161
			1358	2160
			1359	2159
			1360	2158
			1360	2157
			1361	2156
			1361	2155
			1362	2155
			1363	2154
			1363	2153
			1364	2152
			1364	2151
			1365	2151
			1365	2150
			1366	2149
			1367	2148
			1368	2147
			1368	2146
			1369	2145
			1370	2144
			1371	2143
			1371	2142
			1372	2142
			1373	2141
			1373	2140
			1374	2139
			1375	2138
			1376	2137
			1376	2136
			1377	2135
			1378	2134
			1378	2133
			1379	2133
			1380	2132
			1381	2131
			1381	2130
			1382	2129
			1383	2128
			1384	2127
			1384	2126
			1385	2125
			1386	2124
			1387	2124
			1387	2123
			1388	2122
			1389	2121
			1389	2120
			1390	2119
			1391	2118
			1392	2117
			1392	2116
			1393	2116
			1394	2115
			1395	2114
			1395	2113
			1396	2112
			1397	2111
			1398	2110
			1399	2109
			1400	2108
			1401	2107
			1401	2106
			1402	2105
			1403	2104
			1404	2103
			1405	2102
			1406	2101
			1406	2100
			1407	2100
			1408	2099
			1409	2098
			1410	2097
			1410	2096
			1411	2095
			1412	2094
			1413	2093
			1414	2092
			1415	2092
			1415	2091
			1416	2090
			1417	2089
			1418	2088
			1419	2087
			1420	2086
			1420	2085
			1421	2084
			1422	2084
			1423	2083
			1424	2082
			1425	2081
			1425	2080
			1426	2079
			1427	2078
			1428	2077
			1429	2076
			1430	2076
			1430	2075
			1431	2074
			1432	2073
			1433	2072
			1434	2071
			1435	2070
			1436	2070
			1436	2069
			1437	2068
			1438	2067
			1439	2066
			1440	2065
			1441	2064
			1442	2063
			1443	2063
			1443	2062
			1444	2061
			1445	2060
			1446	2059
			1447	2058
			1448	2057
			1449	2057
			1450	2056
			1450	2055
			1451	2054
			1452	2053
			1453	2052
			1454	2052
			1455	2051
			1456	2050
			1457	2049
			1458	2048
			1458	2047
			1459	2046
			1460	2046
			1461	2045
			1462	2044
			1463	2043
			1464	2042
			1465	2041
			1466	2041
			1467	2040
			1468	2039
			1468	2038
			1469	2037
			1470	2036
			1471	2036
			1472	2035
			1473	2034
			1474	2033
			1475	2032
			1476	2032
			1477	2031
			1478	2030
			1479	2029
			1480	2028
			1480	2027
			1481	2027
			1482	2026
			1483	2025
			1484	2024
			1485	2023
			1486	2023
			1487	2022
			1488	2021
			1489	2020
			1490	2019
			1491	2019
			1492	2018
			1493	2017
			1494	2016
			1495	2015
			1496	2014
			1497	2013
			1498	2012
			1499	2012
			1500	2011
			1501	2010
			1502	2009
			1503	2008
			1504	2007
			1505	2007
			1506	2006
			1506	2005
			1507	2005
			1508	2004
			1509	2003
			1510	2003
			1511	2002
			1512	2001
			1513	2000
			1514	1999
			1515	1998
			1516	1998
			1517	1997
			1518	1996
			1519	1995
			1520	1994
			1521	1994
			1522	1993
			1523	1992
			1524	1991
			1525	1990
			1526	1990
			1527	1989
			1528	1988
			1529	1987
			1530	1986
			1531	1986
			1532	1985
			1533	1985
			1533	1984
			1534	1984
			1535	1983
			1536	1982
			1537	1981
			1538	1981
			1539	1980
			1540	1979
			1541	1979
			1542	1978
			1543	1977
			1544	1977
			1545	1976
			1545	1975
			1546	1975
			1547	1974
			1548	1973
			1549	1973
			1550	1972
			1551	1971
			1552	1971
			1553	1970
			1554	1969
			1555	1969
			1556	1968
			1557	1967
			1558	1967
			1558	1966
			1559	1965
			1560	1965
			1561	1964
			1562	1963
			1563	1963
			1564	1962
			1565	1961
			1566	1961
			1567	1960
			1568	1959
			1569	1959
			1570	1958
			1571	1957
			1572	1957
			1573	1956
			1574	1955
			1575	1954
			1576	1954
			1577	1953
			1578	1952
			1579	1952
			1580	1951
			1581	1951
			1582	1950
			1582	1949
			1583	1949
			1584	1948
			1585	1948
			1586	1947
			1587	1947
			1587	1946
			1588	1946
			1589	1945
			1590	1944
			1591	1944
			1592	1943
			1593	1942
			1594	1942
			1595	1941
			1596	1940
			1597	1940
			1598	1939
			1599	1938
			1600	1938
			1601	1937
			1602	1936
			1603	1936
			1604	1935
			1605	1934
			1606	1934
			1607	1933
			1608	1933
			1609	1932
			1610	1932
			1611	1931
			1612	1930
			1613	1930
			1614	1929
			1615	1929
			1615	1928
			1616	1928
			1617	1927
			1618	1927
			1618	1926
			1619	1926
			1620	1925
			1621	1925
			1622	1924
			1623	1924
			1624	1923
			1625	1922
			1626	1922
			1627	1921
			1628	1921
			1629	1920
			1630	1919
			1631	1919
			1632	1918
			1633	1918
			1633	1917
			1634	1917
			1635	1917
			1635	1916
			1636	1916
			1637	1915
			1638	1915
			1639	1914
			1640	1913
			1641	1913
			1642	1913
			1643	1912
			1644	1911
			1645	1911
			1646	1910
			1647	1909
			1648	1909
			1649	1908
			1650	1908
			1651	1907
			1652	1907
			1653	1906
			1654	1906
			1655	1905
			1656	1905
			1657	1904
			1658	1903
			1659	1903
			1660	1902
			1661	1902
			1662	1901
			1663	1901
			1663	1900
			1664	1900
			1665	1899
			1666	1899
			1667	1898
			1668	1898
			1669	1897
			1670	1896
			1671	1896
			1672	1895
			1673	1895
			1674	1894
			1675	1894
			1676	1893
			1677	1893
			1678	1892
			1679	1892
			1680	1891
			1681	1891
			1682	1890
			1683	1890
			1684	1889
			1685	1889
			1686	1888
			1687	1888
			1688	1887
			1689	1886
			1690	1886
			1691	1885
			1692	1885
			1693	1884
			1694	1884
			1695	1883
			1696	1883
			1697	1882
			1698	1882
			1699	1881
			1700	1881
			1701	1880
			1702	1880
			1703	1879
			1704	1879
			1705	1878
			1706	1878
			1707	1877
			1708	1877
			1709	1876
			1710	1876
			1711	1876
			1712	1875
			1713	1874
			1714	1874
			1715	1874
			1716	1873
			1717	1872
			1718	1872
			1719	1872
			1720	1871
			1721	1871
			1722	1870
			1723	1869
			1724	1869
			1725	1869
			1726	1868
			1727	1868
			1728	1867
			1729	1867
			1730	1866
			1731	1866
			1732	1865
			1733	1865
			1734	1864
			1735	1864
			1736	1863
			1737	1863
			1738	1863
			1739	1862
			1740	1862
			1741	1861
			1742	1861
			1743	1860
			1744	1860
			1745	1859
			1746	1859
			1747	1858
			1748	1858
			1749	1858
			1750	1857
			1751	1856
			1752	1856
			1753	1856
			1754	1855
			1755	1855
			1756	1854
			1757	1854
			1758	1853
			1759	1853
			1760	1852
			1761	1852
			1762	1852
			1763	1851
			1764	1851
			1765	1850
			1766	1850
			1767	1849
			1768	1849
			1769	1849
			1770	1848
			1771	1848
			1772	1847
			1773	1847
			1774	1846
			1775	1846
			1776	1846
			1777	1845
			1778	1845
			1779	1844
			1780	1844
			1781	1843
			1782	1843
			1783	1843
			1784	1842
			1785	1842
			1786	1841
			1787	1841
			1788	1840
			1789	1840
			1790	1840
			1791	1839
			1792	1839
			1793	1838
			1794	1838
			1795	1837
			1796	1837
			1797	1837
			1798	1836
			1799	1836
			1800	1835
			1801	1835
			1802	1835
			1803	1835
			1803	1834
			1804	1834
			1805	1834
			1806	1833
			1807	1833
			1808	1832
			1809	1832
			1810	1832
			1811	1831
			1812	1831
			1813	1830
			1814	1830
			1815	1829
			1816	1829
			1817	1829
			1818	1828
			1819	1828
			1820	1828
			1821	1827
			1822	1827
			1823	1826
			1824	1826
			1825	1826
			1826	1825
			1827	1825
			1828	1825
			1829	1824
			1830	1824
			1831	1823
			1832	1823
			1833	1823
			1834	1822
			1835	1822
			1836	1822
			1836	1821
			1837	1821
			1838	1821
			1839	1820
			1840	1820
			1841	1820
			1842	1819
			1843	1819
			1844	1819
			1845	1818
			1846	1818
			1847	1817
			1848	1817
			1849	1817
			1850	1816
			1851	1816
			1852	1816
			1853	1815
			1854	1815
			1855	1815
			1856	1814
			1857	1814
			1858	1813
			1859	1813
			1860	1813
			1861	1812
			1862	1812
			1863	1812
			1864	1811
			1865	1811
			1866	1811
			1866	1810
			1867	1810
			1868	1810
			1869	1810
			1870	1809
			1871	1809
			1872	1808
			1873	1808
			1874	1808
			1875	1807
			1876	1807
			1877	1807
			1878	1806
			1879	1806
			1880	1806
			1881	1805
			1882	1805
			1883	1805
			1884	1804
			1885	1804
			1886	1804
			1887	1803
			1888	1803
			1889	1803
			1890	1802
			1891	1802
			1892	1802
			1893	1801
			1894	1801
			1895	1801
			1896	1800
			1897	1800
			1898	1800
			1899	1800
			1899	1799
			1900	1799
			1901	1799
			1902	1798
			1903	1798
			1904	1798
			1905	1797
			1906	1797
			1907	1797
			1908	1796
			1909	1796
			1910	1796
			1911	1796
			1911	1795
			1912	1795
			1913	1795
			1914	1795
			1915	1794
			1916	1794
			1917	1794
			1918	1793
			1919	1793
			1920	1793
			1921	1792
			1922	1792
			1923	1792
			1924	1791
			1925	1791
			1926	1791
			1927	1791
			1928	1790
			1929	1790
			1930	1790
			1931	1789
			1932	1789
			1933	1788
			1934	1788
			1935	1788
			1936	1788
			1937	1787
			1938	1787
			1939	1787
			1940	1786
			1941	1786
			1942	1786
			1943	1786
			1944	1785
			1945	1785
			1946	1785
			1947	1784
			1948	1784
			1949	1784
			1950	1784
			1951	1783
			1952	1783
			1953	1783
			1954	1782
			1955	1782
			1956	1782
			1957	1782
			1958	1781
			1959	1781
			1960	1781
			1961	1780
			1962	1780
			1963	1780
			1964	1780
			1965	1779
			1966	1779
			1967	1779
			1968	1778
			1969	1778
			1970	1778
			1971	1778
			1972	1777
			1973	1777
			1974	1777
			1975	1776
			1976	1776
			1977	1776
			1978	1776
			1979	1775
			1980	1775
			1981	1775
			1982	1774
			1983	1774
			1984	1774
			1985	1774
			1986	1773
			1987	1773
			1988	1773
			1989	1773
			1990	1772
			1991	1772
			1992	1772
			1993	1771
			1994	1771
			1995	1771
			1996	1771
			1997	1770
			1998	1770
			1999	1770
			2000	1770
			2001	1769
			2002	1769
			2003	1769
			2004	1769
			2005	1768
			2006	1768
			2007	1768
			2008	1767
			2009	1767
			2010	1767
			2011	1767
			2012	1766
			2013	1766
			2014	1766
			2015	1766
			2016	1765
			2017	1765
			2018	1765
			2019	1765
			2020	1765
			2020	1764
			2021	1764
			2022	1764
			2023	1764
			2024	1763
			2025	1763
			2026	1763
			2027	1763
			2028	1763
			2028	1762
			2029	1762
			2030	1762
			2031	1762
			2032	1761
			2033	1761
			2034	1761
			2035	1761
			2036	1761
			2037	1760
			2038	1760
			2039	1760
			2040	1759
			2041	1759
			2042	1759
			2043	1759
			2044	1759
			2045	1758
			2046	1758
			2047	1758
			2048	1758
			2048	1757
			2049	1757
			2050	1757
			2051	1757
			2052	1757
			2053	1756
			2054	1756
			2055	1756
			2056	1756
			2057	1756
			2058	1755
			2059	1755
			2060	1755
			2061	1755
			2062	1754
			2063	1754
			2064	1754
			2065	1754
			2066	1753
			2067	1753
			2068	1753
			2069	1753
			2070	1753
			2071	1752
			2072	1752
			2073	1752
			2074	1752
			2075	1751
			2076	1751
			2077	1751
			2078	1751
			2079	1750
			2080	1750
			2081	1750
			2082	1750
			2083	1750
			2084	1749
			2085	1749
			2086	1749
			2087	1749
			2088	1749
			2089	1748
			2090	1748
			2091	1748
			2092	1748
			2093	1747
			2094	1747
			2095	1747
			2096	1747
			2097	1747
			2098	1746
			2099	1746
			2100	1746
			2101	1746
			2102	1746
			2103	1746
			2104	1746
			2105	1746
			2106	1746
			2107	1746
			2108	1746
			2109	1745
			2110	1745
			2111	1745
			2112	1745
			2113	1745
			2114	1745
			2115	1745
			2116	1745
			2117	1745
			2118	1745
			2119	1745
			2120	1745
			2121	1745
			2122	1745
			2123	1745
			2124	1745
			2125	1745
			2126	1745
			2127	1744
			2128	1744
			2129	1744
			2130	1744
			2131	1744
			2132	1744
			2133	1744
			2134	1744
			2135	1744
			2136	1744
			2137	1744
			2138	1744
			2139	1744
			2140	1744
			2141	1744
			2142	1744
			2143	1744
			2144	1744
			2145	1743
			2146	1743
			2147	1743
			2148	1743
			2149	1743
			2150	1743
			2151	1743
			2152	1743
			2153	1743
			2154	1743
			2155	1743
			2156	1743
			2157	1743
			2158	1743
			2159	1743
			2160	1743
			2161	1743
			2162	1743
			2163	1743
			2164	1742
			2165	1742
			2166	1742
			2167	1742
			2168	1742
			2169	1742
			2170	1742
			2171	1742
			2172	1742
			2173	1742
			2174	1742
			2175	1742
			2176	1742
			2177	1742
			2178	1742
			2179	1742
			2180	1742
			2181	1742
			2182	1742
			2183	1741
			2184	1741
			2185	1741
			2186	1741
			2187	1741
			2188	1741
			2189	1741
			2190	1741
			2191	1741
			2192	1741
			2193	1741
			2194	1741
			2195	1741
			2196	1741
			2197	1741
			2198	1741
			2199	1741
			2200	1741
			2201	1741
			2202	1740
			2203	1740
			2204	1740
			2205	1740
			2206	1740
			2207	1740
			2208	1740
			2209	1740
			2210	1740
			2211	1740
			2212	1740
			2213	1740
			2214	1740
			2215	1740
			2216	1740
			2217	1740
			2218	1740
			2219	1740
			2220	1740
			2221	1740
			2222	1740
			2223	1739
			2224	1739
			2225	1739
			2226	1739
			2227	1739
			2228	1739
			2229	1739
			2230	1739
			2231	1739
			2232	1739
			2233	1739
			2234	1739
			2235	1739
			2236	1739
			2237	1739
			2238	1739
			2239	1739
			2240	1739
			2241	1739
			2242	1739
			2243	1738
			2244	1738
			2245	1738
			2246	1738
			2247	1738
			2248	1738
			2249	1738
			2250	1738
			2251	1738
			2252	1738
			2253	1738
			2254	1738
			2255	1738
			2256	1738
			2257	1738
			2258	1738
			2259	1738
			2260	1738
			2261	1738
			2262	1738
			2263	1738
			2264	1737
			2265	1737
			2266	1737
			2267	1737
			2268	1737
			2269	1737
			2270	1737
			2271	1737
			2272	1737
			2273	1737
			2274	1737
			2275	1737
			2276	1737
			2277	1737
			2278	1737
			2279	1737
			2280	1737
			2281	1737
			2282	1737
			2283	1737
			2284	1737
			2285	1737
			2286	1736
			2287	1736
			2288	1736
			2289	1736
			2290	1736
			2291	1736
			2292	1736
			2293	1736
			2294	1736
			2295	1736
			2296	1736
			2297	1736
			2298	1736
			2299	1736
			2300	1736
			2301	1736
			2302	1736
			2303	1736
			2304	1736
			2305	1736
			2306	1736
			2307	1736
			2308	1735
			2309	1735
			2310	1735
			2311	1735
			2312	1735
			2313	1735
			2314	1735
			2315	1735
			2316	1735
			2317	1735
			2318	1735
			2319	1735
			2320	1735
			2321	1735
			2322	1735
			2323	1735
			2324	1735
			2325	1735
			2326	1735
			2327	1735
			2328	1735
			2329	1735
			2330	1735
			2331	1734
			2332	1734
			2333	1734
			2334	1734
			2335	1734
			2336	1734
			2337	1734
			2338	1734
			2339	1734
			2340	1734
			2341	1734
			2342	1734
			2343	1734
			2344	1734
			2345	1734
			2346	1734
			2347	1734
			2348	1734
			2349	1734
			2350	1734
			2351	1734
			2352	1734
			2353	1734
			2354	1733
			2355	1733
			2356	1733
			2357	1733
			2358	1733
			2359	1733
			2360	1733
			2361	1733
			2362	1733
			2363	1733
			2364	1733
			2365	1733
			2366	1733
			2367	1733
			2368	1733
			2369	1733
			2370	1733
			2371	1733
			2372	1733
			2373	1733
			2374	1733
			2375	1733
			2376	1733
			2377	1733
			2378	1732
			2379	1732
			2380	1732
			2381	1732
			2382	1732
			2383	1732
			2384	1732
			2385	1732
			2386	1732
			2387	1732
			2388	1732
			2389	1732
			2390	1732
			2391	1732
			2392	1732
			2393	1732
			2394	1732
			2395	1732
			2396	1732
			2397	1732
			2398	1732
			2399	1732
			2400	1732
			2401	1732
			2402	1732
			2403	1731
			2404	1731
			2405	1731
			2406	1731
			2407	1731
			2408	1731
			2409	1731
			2410	1731
			2411	1731
			2412	1731
			2413	1731
			2414	1731
			2415	1731
			2416	1731
			2417	1731
			2418	1731
			2419	1731
			2420	1731
			2421	1731
			2422	1731
			2423	1731
			2424	1731
			2425	1731
			2426	1731
			2427	1731
			2428	1731
			2429	1730
			2430	1730
			2431	1730
			2432	1730
			2433	1730
			2434	1730
			2435	1730
			2436	1730
			2437	1730
			2438	1730
			2439	1730
			2440	1730
			2441	1730
			2442	1730
			2443	1730
			2444	1730
			2445	1730
			2446	1730
			2447	1730
			2448	1730
			2449	1730
			2450	1730
			2451	1730
			2452	1730
			2453	1730
			2454	1730
			2455	1730
			2456	1729
			2457	1729
			2458	1729
			2459	1729
			2460	1729
			2461	1729
			2462	1729
			2463	1729
			2464	1729
			2465	1729
			2466	1729
			2467	1729
			2468	1729
			2469	1729
			2470	1729
			2471	1729
			2472	1729
			2473	1729
			2474	1729
			2475	1729
			2476	1729
			2477	1729
			2478	1729
			2479	1729
			2480	1729
			2481	1729
			2482	1729
			2483	1729
			2484	1728
			2485	1728
			2486	1728
			2487	1728
			2488	1728
			2489	1728
			2490	1728
			2491	1728
			2492	1728
			2493	1728
			2494	1728
			2495	1728
			2496	1728
			2497	1728
			2498	1728
			2499	1728
			2500	1728
			2501	1728
			2502	1728
			2503	1728
			2504	1728
			2505	1728
			2506	1728
			2507	1728
			2508	1728
			2509	1728
			2510	1728
			2511	1728
			2512	1728
			2513	1727
			2514	1727
			2515	1727
			2516	1727
			2517	1727
			2518	1727
			2519	1727
			2520	1727
			2521	1727
			2522	1727
			2523	1727
			2524	1727
			2525	1727
			2526	1727
			2527	1727
			2528	1727
			2529	1727
			2530	1727
			2531	1727
			2532	1727
			2533	1727
			2534	1727
			2535	1727
			2536	1727
			2537	1727
			2538	1727
			2539	1727
			2540	1727
			2541	1727
			2542	1727
			2543	1726
			2544	1726
			2545	1726
			2546	1726
			2547	1726
			2548	1726
			2549	1726
			2550	1726
			2551	1726
			2552	1726
			2553	1726
			2554	1726
			2555	1726
			2556	1726
			2557	1726
			2558	1726
			2559	1726
			2560	1726
			2561	1726
			2562	1726
			2563	1726
			2564	1726
			2565	1726
			2566	1726
			2567	1726
			2568	1726
			2569	1726
			2570	1726
			2571	1726
			2572	1726
			2573	1726
			2574	1725
			2575	1725
			2576	1725
			2577	1725
			2578	1725
			2579	1725
			2580	1725
			2581	1725
			2582	1725
			2583	1725
			2584	1725
			2585	1725
			2586	1725
			2587	1725
			2588	1725
			2589	1725
			2590	1725
			2591	1725
			2592	1725
			2593	1725
			2594	1725
			2595	1725
			2596	1725
			2597	1725
			2598	1725
			2599	1725
			2600	1725
			2601	1725
			2602	1725
			2603	1725
			2604	1725
			2605	1725
			2606	1725
			2607	1724
			2608	1724
			2609	1724
			2610	1724
			2611	1724
			2612	1724
			2613	1724
			2614	1724
			2615	1724
			2616	1724
			2617	1724
			2618	1724
			2619	1724
			2620	1724
			2621	1724
			2622	1724
			2623	1724
			2624	1724
			2625	1724
			2626	1724
			2627	1724
			2628	1724
			2629	1724
			2630	1724
			2631	1724
			2632	1724
			2633	1724
			2634	1724
			2635	1724
			2636	1724
			2637	1724
			2638	1724
			2639	1724
			2640	1724
			2641	1724
			2642	1724
			2643	1723
			2644	1723
			2645	1723
			2646	1723
			2647	1723
			2648	1723
			2649	1723
			2650	1723
			2651	1723
			2652	1723
			2653	1723
			2654	1723
			2655	1723
			2656	1723
			2657	1723
			2658	1723
			2659	1723
			2660	1723
			2661	1723
			2662	1723
			2663	1723
			2664	1723
			2665	1723
			2666	1723
			2667	1723
			2668	1723
			2669	1723
			2670	1723
			2671	1723
			2672	1723
			2673	1723
			2674	1723
			2675	1723
			2676	1723
			2677	1723
			2678	1723
			2679	1723
			2680	1723
			2680	1722
			2681	1722
			2682	1722
			2683	1722
			2684	1722
			2685	1722
			2686	1722
			2687	1722
			2688	1722
			2689	1722
			2690	1722
			2691	1722
			2692	1722
			2693	1722
			2694	1722
			2695	1722
			2696	1722
			2697	1722
			2698	1722
			2699	1722
			2700	1722
			2701	1722
			2702	1722
			2703	1722
			2704	1722
			2705	1722
			2706	1722
			2707	1722
			2708	1722
			2709	1722
			2710	1722
			2711	1722
			2712	1722
			2713	1722
			2714	1722
			2715	1722
			2716	1722
			2717	1722
			2718	1722
			2719	1722
			2720	1722
			2721	1721
			2722	1721
			2723	1721
			2724	1721
			2725	1721
			2726	1721
			2727	1721
			2728	1721
			2729	1721
			2730	1721
			2731	1721
			2732	1721
			2733	1721
			2734	1721
			2735	1721
			2736	1721
			2737	1721
			2738	1721
			2739	1721
			2740	1721
			2741	1721
			2742	1721
			2743	1721
			2744	1721
			2745	1721
			2746	1721
			2747	1721
			2748	1721
			2749	1721
			2750	1721
			2751	1721
			2752	1721
			2753	1721
			2754	1721
			2755	1721
			2756	1721
			2757	1721
			2758	1721
			2759	1721
			2760	1721
			2761	1721
			2762	1721
			2763	1721
			2764	1721
			2765	1720
			2766	1720
			2767	1720
			2768	1720
			2769	1720
			2770	1720
			2771	1720
			2772	1720
			2773	1720
			2774	1720
			2775	1720
			2776	1720
			2777	1720
			2778	1720
			2779	1720
			2780	1720
			2781	1720
			2782	1720
			2783	1720
			2784	1720
			2785	1720
			2786	1720
			2787	1720
			2788	1720
			2789	1720
			2790	1720
			2791	1720
			2792	1720
			2793	1720
			2794	1720
			2795	1720
			2796	1720
			2797	1720
			2798	1720
			2799	1720
			2800	1720
			2801	1720
			2802	1720
			2803	1720
			2804	1720
			2805	1720
			2806	1720
			2807	1720
			2808	1720
			2809	1720
			2810	1720
			2811	1720
			2812	1720
			2813	1719
			2814	1719
			2815	1719
			2816	1719
			2817	1719
			2818	1719
			2819	1719
			2820	1719
			2821	1719
			2822	1719
			2823	1719
			2824	1719
			2825	1719
			2826	1719
			2827	1719
			2828	1719
			2829	1719
			2830	1719
			2831	1719
			2832	1719
			2833	1719
			2834	1719
			2835	1719
			2836	1719
			2837	1719
			2838	1719
			2839	1719
			2840	1719
			2841	1719
			2842	1719
			2843	1719
			2844	1719
			2845	1719
			2846	1719
			2847	1719
			2848	1719
			2849	1719
			2850	1719
			2851	1719
			2852	1719
			2853	1719
			2854	1719
			2855	1719
			2856	1719
			2857	1719
			2858	1719
			2859	1719
			2860	1719
			2861	1719
			2862	1719
			2863	1719
			2864	1719
			2865	1719
			2866	1719
			2867	1718
			2868	1718
			2869	1718
			2870	1718
			2871	1718
			2872	1718
			2873	1718
			2874	1718
			2875	1718
			2876	1718
			2877	1718
			2878	1718
			2879	1718
			2880	1718
			2881	1718
			2882	1718
			2883	1718
			2884	1718
			2885	1718
			2886	1718
			2887	1718
			2888	1718
			2889	1718
			2890	1718
			2891	1718
			2892	1718
			2893	1718
			2894	1718
			2895	1718
			2896	1718
			2897	1718
			2898	1718
			2899	1718
			2900	1718
			2901	1718
			2902	1718
			2903	1718
			2904	1718
			2905	1718
			2906	1718
			2907	1718
			2908	1718
			2909	1718
			2910	1718
			2911	1718
			2912	1718
			2913	1718
			2914	1718
			2915	1718
			2916	1718
			2917	1718
			2918	1718
			2919	1718
			2920	1718
			2921	1718
			2922	1718
			2923	1718
			2924	1718
			2925	1718
			2926	1718
			2927	1718
			2928	1718
			2929	1717
			2930	1717
			2931	1717
			2932	1717
			2933	1717
			2934	1717
			2935	1717
			2936	1717
			2937	1717
			2938	1717
			2939	1717
			2940	1717
			2941	1717
			2942	1717
			2943	1717
			2944	1717
			2945	1717
			2946	1717
			2947	1717
			2948	1717
			2949	1717
			2950	1717
			2951	1717
			2952	1717
			2953	1717
			2954	1717
			2955	1717
			2956	1717
			2957	1717
			2958	1717
			2959	1717
			2960	1717
			2961	1717
			2962	1717
			2963	1717
			2964	1717
			2965	1717
			2966	1717
			2967	1717
			2968	1717
			2969	1717
			2970	1717
			2971	1717
			2972	1717
			2973	1717
			2974	1717
			2975	1717
			2976	1717
			2977	1717
			2978	1717
			2979	1717
			2980	1717
			2981	1717
			2982	1717
			2983	1717
			2984	1717
			2985	1717
			2986	1717
			2987	1717
			2988	1717
			2989	1717
			2990	1717
			2991	1717
			2992	1717
			2993	1717
			2994	1717
			2995	1717
			2996	1717
			2997	1717
			2998	1717
			2999	1717
			3000	1717
			3001	1717
			3002	1717
			3003	1717
			3004	1717
			3005	1716
			3006	1716
			3007	1716
			3008	1716
			3009	1716
			3010	1716
			3011	1716
			3012	1716
			3013	1716
			3014	1716
			3015	1716
			3016	1716
			3017	1716
			3018	1716
			3019	1716
			3020	1716
			3021	1716
			3022	1716
			3023	1716
			3024	1716
			3025	1716
			3026	1716
			3027	1716
			3028	1716
			3029	1716
			3030	1716
			3031	1716
			3032	1716
			3033	1716
			3034	1716
			3035	1716
			3036	1716
			3037	1716
			3038	1716
			3039	1716
			3040	1716
			3041	1716
			3042	1716
			3043	1716
			3044	1716
			3045	1716
			3046	1716
			3047	1716
			3048	1716
			3049	1716
			3050	1716
			3051	1716
			3052	1716
			3053	1716
			3054	1716
			3055	1716
			3056	1717
			3057	1717
			3058	1717
			3059	1717
			3060	1717
			3061	1717
			3062	1717
			3063	1717
			3064	1717
			3065	1717
			3066	1718
			3067	1718
			3068	1718
			3069	1718
			3070	1718
			3071	1718
			3072	1718
			3073	1718
			3074	1718
			3075	1719
			3076	1719
			3077	1719
			3078	1719
			3079	1719
			3080	1719
			3081	1719
			3082	1719
			3083	1719
			3084	1720
			3085	1720
			3086	1720
			3087	1720
			3088	1720
			3089	1720
			3090	1720
			3091	1720
			3092	1720
			3093	1721
			3094	1721
			3095	1721
			3096	1721
			3097	1721
			3098	1721
			3099	1721
			3100	1721
			3101	1722
			3102	1722
			3103	1722
			3104	1722
			3105	1722
			3106	1722
			3107	1722
			3108	1722
			3109	1722
			3110	1723
			3111	1723
			3112	1723
			3113	1723
			3114	1723
			3115	1723
			3116	1723
			3117	1723
			3118	1724
			3119	1724
			3120	1724
			3121	1724
			3122	1724
			3123	1724
			3124	1724
			3125	1724
			3126	1725
			3127	1725
			3128	1725
			3129	1725
			3130	1725
			3131	1725
			3132	1725
			3133	1726
			3134	1726
			3135	1726
			3136	1726
			3137	1726
			3138	1726
			3139	1726
			3140	1726
			3141	1727
			3142	1727
			3143	1727
			3144	1727
			3145	1727
			3146	1727
			3147	1727
			3148	1728
			3149	1728
			3150	1728
			3151	1728
			3152	1728
			3153	1728
			3154	1728
			3155	1728
			3156	1729
			3157	1729
			3158	1729
			3159	1729
			3160	1729
			3161	1729
			3162	1729
			3162	1730
			3163	1730
			3164	1730
			3165	1730
			3166	1730
			3167	1730
			3168	1730
			3169	1731
			3170	1731
			3171	1731
			3172	1731
			3173	1731
			3174	1731
			3175	1732
			3176	1732
			3177	1732
			3178	1732
			3179	1732
			3180	1732
			3181	1732
			3182	1733
			3183	1733
			3184	1733
			3185	1733
			3186	1733
			3187	1733
			3188	1734
			3189	1734
			3190	1734
			3191	1734
			3192	1734
			3193	1734
			3194	1734
			3195	1735
			3196	1735
			3197	1735
			3198	1735
			3199	1735
			3200	1735
			3201	1736
			3202	1736
			3203	1736
			3204	1736
			3205	1736
			3206	1736
			3207	1737
			3208	1737
			3209	1737
			3210	1737
			3211	1737
			3212	1737
			3213	1738
			3214	1738
			3215	1738
			3216	1738
			3217	1738
			3218	1738
			3219	1739
			3220	1739
			3221	1739
			3222	1739
			3223	1739
			3224	1739
			3225	1740
			3226	1740
			3227	1740
			3228	1740
			3229	1740
			3230	1740
			3231	1741
			3232	1741
			3233	1741
			3234	1741
			3235	1741
			3236	1741
			3237	1742
			3238	1742
			3239	1742
			3240	1742
			3241	1742
			3242	1743
			3243	1743
			3244	1743
			3245	1743
			3246	1743
			3247	1743
			3248	1744
			3249	1744
			3250	1744
			3251	1744
			3252	1744
			3253	1744
			3254	1745
			3255	1745
			3256	1745
			3257	1745
			3258	1745
			3259	1746
			3260	1746
			3261	1746
			3262	1746
			3263	1746
			3263	1747
			3264	1747
			3265	1747
			3266	1747
			3267	1747
			3268	1747
			3269	1748
			3270	1748
			3271	1748
			3272	1748
			3273	1748
			3274	1749
			3275	1749
			3276	1749
			3277	1749
			3278	1749
			3279	1750
			3280	1750
			3281	1750
			3282	1750
			3283	1750
			3284	1750
			3285	1751
			3286	1751
			3287	1751
			3288	1751
			3289	1751
			3290	1752
			3291	1752
			3292	1752
			3293	1752
			3294	1752
			3295	1753
			3296	1753
			3297	1753
			3298	1753
			3299	1753
			3299	1754
			3300	1754
			3301	1754
			3302	1754
			3303	1754
			3304	1755
			3305	1755
			3306	1755
			3307	1755
			3308	1755
			3308	1756
			3309	1756
			3310	1756
			3311	1756
			3312	1756
			3313	1756
			3313	1757
			3314	1757
			3315	1757
			3316	1757
			3317	1757
			3318	1758
			3319	1758
			3320	1758
			3321	1758
			3322	1759
			3323	1759
			3324	1759
			3325	1759
			3326	1759
			3327	1760
			3328	1760
			3329	1760
			3330	1760
			3331	1760
			3332	1761
			3333	1761
			3334	1761
			3335	1761
			3336	1762
			3337	1762
			3338	1762
			3339	1762
			3340	1762
			3341	1763
			3342	1763
			3343	1763
			3344	1763
			3345	1764
			3346	1764
			3347	1764
			3348	1764
			3349	1764
			3350	1765
			3351	1765
			3352	1765
			3353	1765
			3354	1766
			3355	1766
			3356	1766
			3357	1766
			3358	1767
			3359	1767
			3360	1767
			3361	1767
			3362	1767
			3363	1768
			3364	1768
			3365	1768
			3366	1769
			3367	1769
			3368	1769
			3369	1769
			3370	1770
			3371	1770
			3372	1770
			3373	1770
			3374	1770
			3374	1771
			3375	1771
			3376	1771
			3377	1771
			3378	1771
			3379	1772
			3380	1772
			3381	1772
			3382	1773
			3383	1773
			3384	1773
			3385	1773
			3386	1774
			3387	1774
			3388	1774
			3389	1774
			3390	1775
			3391	1775
			3392	1775
			3393	1775
			3394	1776
			3395	1776
			3396	1776
			3397	1776
			3398	1777
			3399	1777
			3400	1777
			3401	1777
			3402	1778
			3403	1778
			3404	1778
			3405	1778
			3406	1779
			3407	1779
			3408	1779
			3409	1779
			3410	1780
			3411	1780
			3412	1780
			3413	1781
			3414	1781
			3415	1781
			3416	1781
			3417	1782
			3418	1782
			3419	1782
			3420	1782
			3421	1783
			3422	1783
			3423	1783
			3424	1783
			3425	1784
			3426	1784
			3427	1784
			3428	1785
			3429	1785
			3430	1785
			3431	1785
			3432	1786
			3433	1786
			3434	1786
			3435	1786
			3436	1787
			3437	1787
			3438	1787
			3439	1788
			3440	1788
			3441	1788
			3442	1788
			3443	1789
			3444	1789
			3445	1789
			3446	1789
			3447	1790
			3448	1790
			3449	1791
			3450	1791
			3451	1791
			3452	1791
			3453	1792
			3454	1792
			3455	1792
			3456	1793
			3457	1793
			3458	1793
			3459	1793
			3460	1794
			3461	1794
			3462	1794
			3463	1795
			3464	1795
			3465	1795
			3466	1796
			3467	1796
			3468	1796
			3469	1796
			3470	1797
			3471	1797
			3472	1797
			3473	1798
			3474	1798
			3475	1798
			3476	1799
			3477	1799
			3478	1799
			3479	1799
			3480	1800
			3481	1800
			3482	1800
			3483	1801
			3484	1801
			3485	1801
			3486	1802
			3487	1802
			3488	1802
			3489	1803
			3490	1803
			3491	1803
			3492	1803
			3493	1804
			3494	1804
			3495	1804
			3496	1805
			3497	1805
			3498	1805
			3499	1806
			3500	1806
			3501	1806
			3502	1807
			3503	1807
			3504	1807
			3505	1808
			3506	1808
			3507	1808
			3508	1808
			3509	1809
			3510	1809
			3511	1809
			3512	1810
			3513	1810
			3514	1810
			3515	1811
			3516	1811
			3517	1811
			3518	1812
			3519	1812
			3520	1812
			3521	1813
			3522	1813
			3523	1813
			3524	1814
			3525	1814
			3526	1814
			3527	1815
			3528	1815
			3529	1815
			3530	1816
			3531	1816
			3532	1816
			3532	1817
			3533	1817
			3534	1817
			3535	1818
			3536	1818
			3537	1818
			3538	1819
			3539	1819
			3540	1819
			3541	1820
			3542	1820
			3543	1820
			3544	1821
			3545	1821
			3546	1821
			3547	1822
			3548	1822
			3549	1822
			3550	1823
			3551	1823
			3552	1823
			3553	1824
			3554	1824
			3555	1824
			3556	1825
			3557	1825
			3558	1825
			3559	1826
			3560	1826
			3561	1826
			3562	1827
			3563	1827
			3564	1828
			3565	1828
			3566	1828
			3567	1829
			3568	1829
			3569	1829
			3569	1830
			3570	1830
			3571	1830
			3572	1831
			3573	1831
			3574	1831
			3575	1832
			3576	1832
			3577	1832
			3578	1833
			3579	1833
			3580	1834
			3581	1834
			3582	1834
			3583	1835
			3584	1835
			3585	1835
			3586	1836
			3587	1836
			3588	1837
			3589	1837
			3590	1837
			3591	1838
			3592	1838
			3593	1838
			3594	1839
			3595	1839
			3596	1839
			3597	1840
			3598	1840
			3599	1840
			3600	1841
			3601	1841
			3602	1841
			3603	1842
			3604	1842
			3605	1842
			3606	1842
			3607	1843
			3608	1843
			3609	1843
			3610	1843
			3611	1844
			3612	1844
			3613	1844
			3614	1845
			3615	1845
			3616	1845
			3617	1846
			3618	1846
			3619	1846
			3620	1846
			3621	1847
			3622	1847
			3623	1847
			3624	1848
			3625	1848
			3626	1848
			3627	1848
			3628	1849
			3629	1849
			3630	1849
			3631	1849
			3632	1849
			3632	1850
			3633	1850
			3634	1850
			3635	1850
			3636	1851
			3637	1851
			3638	1851
			3639	1851
			3640	1852
			3641	1852
			3642	1852
			3643	1853
			3644	1853
			3645	1853
			3646	1853
			3647	1853
			3648	1854
			3649	1854
			3650	1854
			3651	1854
			3652	1855
			3653	1855
			3654	1855
			3655	1855
			3656	1856
			3657	1856
			3658	1856
			3659	1856
			3660	1857
			3661	1857
			3662	1857
			3663	1857
			3664	1858
			3665	1858
			3666	1858
			3667	1858
			3668	1859
			3669	1859
			3670	1859
			3671	1859
			3672	1860
			3673	1860
			3674	1860
			3675	1860
			3676	1860
			3677	1861
			3678	1861
			3679	1861
			3680	1861
			3681	1862
			3682	1862
			3683	1862
			3684	1862
			3685	1863
			3686	1863
			3687	1863
			3688	1863
			3689	1864
			3690	1864
			3691	1864
			3692	1864
			3693	1864
			3693	1865
			3694	1865
			3695	1865
			3696	1865
			3697	1865
			3698	1866
			3699	1866
			3700	1866
			3701	1866
			3702	1866
			3703	1867
			3704	1867
			3705	1867
			3706	1867
			3707	1868
			3708	1868
			3709	1868
		</head>
		<dorsal type=matrix rownames=FALSE colnames=FALSE nrow=309 ncol=2 as.numeric=TRUE >
			3709	1868
			3710	1869
			3711	1869
			3712	1870
			3713	1870
			3714	1871
			3715	1871
			3715	1872
			3716	1873
			3717	1873
			3718	1874
			3719	1874
			3720	1875
			3721	1875
			3722	1876
			3723	1877
			3724	1877
			3725	1878
			3726	1878
			3727	1879
			3728	1880
			3729	1880
			3730	1881
			3731	1882
			3732	1882
			3733	1883
			3734	1883
			3735	1884
			3736	1884
			3736	1885
			3737	1885
			3738	1886
			3739	1886
			3740	1887
			3741	1888
			3742	1888
			3743	1889
			3744	1889
			3745	1890
			3746	1891
			3747	1891
			3748	1892
			3749	1892
			3750	1893
			3751	1893
			3752	1894
			3752	1895
			3753	1895
			3754	1896
			3755	1896
			3756	1897
			3757	1897
			3758	1898
			3759	1899
			3760	1899
			3761	1900
			3762	1900
			3763	1901
			3764	1901
			3765	1902
			3766	1903
			3767	1903
			3768	1904
			3769	1904
			3769	1905
			3770	1905
			3771	1906
			3772	1906
			3773	1907
			3774	1908
			3775	1908
			3776	1909
			3777	1909
			3778	1910
			3779	1910
			3780	1911
			3781	1912
			3782	1912
			3783	1913
			3784	1914
			3785	1914
			3786	1915
			3787	1915
			3788	1916
			3789	1917
			3790	1917
			3791	1918
			3792	1918
			3793	1919
			3794	1920
			3795	1920
			3796	1921
			3797	1921
			3798	1922
			3799	1922
			3800	1923
			3801	1924
			3802	1924
			3803	1925
			3804	1925
			3805	1926
			3806	1926
			3807	1927
			3808	1927
			3809	1928
			3810	1929
			3811	1929
			3811	1930
			3812	1930
			3813	1931
			3814	1931
			3815	1932
			3816	1932
			3817	1933
			3818	1934
			3819	1934
			3820	1935
			3821	1935
			3822	1936
			3823	1936
			3824	1937
			3825	1937
			3826	1938
			3827	1939
			3828	1939
			3829	1940
			3830	1940
			3831	1941
			3832	1942
			3833	1942
			3834	1943
			3835	1943
			3836	1944
			3837	1944
			3838	1945
			3839	1946
			3840	1946
			3841	1947
			3842	1947
			3843	1948
			3844	1949
			3845	1949
			3846	1950
			3847	1950
			3848	1951
			3849	1951
			3850	1952
			3851	1953
			3852	1953
			3853	1954
			3854	1954
			3855	1955
			3856	1955
			3857	1956
			3858	1956
			3859	1957
			3860	1958
			3861	1958
			3862	1959
			3863	1959
			3864	1960
			3865	1960
			3865	1961
			3866	1961
			3867	1962
			3868	1962
			3869	1963
			3870	1964
			3871	1964
			3872	1965
			3873	1965
			3874	1966
			3875	1966
			3876	1967
			3877	1967
			3878	1968
			3879	1968
			3880	1969
			3881	1969
			3882	1970
			3883	1971
			3884	1971
			3885	1972
			3886	1972
			3887	1973
			3888	1973
			3889	1974
			3890	1974
			3890	1975
			3891	1975
			3892	1976
			3893	1976
			3894	1977
			3895	1977
			3896	1978
			3897	1979
			3898	1979
			3899	1980
			3900	1980
			3901	1981
			3902	1981
			3903	1982
			3904	1982
			3905	1983
			3906	1983
			3907	1984
			3908	1984
			3909	1985
			3910	1985
			3910	1986
			3911	1986
			3912	1987
			3913	1987
			3914	1988
			3915	1988
			3916	1989
			3917	1990
			3918	1990
			3919	1991
			3920	1991
			3921	1992
			3922	1992
			3923	1993
			3924	1993
			3925	1994
			3926	1994
			3926	1995
			3927	1995
			3928	1996
			3929	1996
			3930	1997
			3931	1997
			3932	1998
			3933	1998
			3934	1999
			3935	1999
			3936	2000
			3937	2000
			3938	2001
			3939	2001
			3940	2002
			3941	2002
			3941	2003
			3942	2003
			3943	2004
			3944	2004
			3945	2005
			3946	2005
			3947	2006
			3948	2006
			3949	2007
			3950	2007
			3951	2008
			3952	2008
			3953	2009
			3954	2009
			3954	2010
			3955	2010
			3956	2011
			3957	2011
			3958	2012
			3959	2012
			3960	2013
			3961	2013
			3962	2014
			3963	2014
			3964	2015
			3965	2015
			3966	2016
			3967	2017
			3968	2017
			3969	2017
			3970	2018
			3971	2018
			3972	2019
			3973	2020
			3974	2020
			3975	2020
			3976	2021
			3977	2022
			3978	2022
			3979	2023
			3980	2023
			3981	2024
			3982	2024
			3983	2025
			3984	2025
			3985	2026
			3986	2026
			3987	2027
			3988	2027
			3989	2028
			3990	2029
			3991	2029
			3992	2029
			3992	2030
			3993	2030
			3994	2030
			3994	2031
			3995	2031
			3996	2031
			3997	2032
			3998	2032
			3999	2033
			4000	2033
			4001	2034
			4002	2034
			4002	2035
			4003	2035
		</dorsal>
		<caudal_dors_ant type=matrix rownames=FALSE colnames=FALSE nrow=443 ncol=2 as.numeric=TRUE >
			4003	2035
			4004	2035
			4005	2035
			4006	2035
			4007	2035
			4008	2035
			4009	2035
			4010	2036
			4011	2036
			4012	2036
			4013	2036
			4014	2036
			4015	2036
			4016	2036
			4017	2036
			4018	2036
			4019	2036
			4020	2036
			4021	2037
			4022	2037
			4023	2037
			4024	2037
			4025	2037
			4026	2037
			4027	2037
			4028	2037
			4029	2037
			4030	2037
			4031	2038
			4032	2038
			4033	2038
			4034	2038
			4035	2038
			4036	2038
			4037	2038
			4038	2038
			4039	2038
			4040	2038
			4041	2039
			4042	2039
			4043	2039
			4044	2039
			4045	2039
			4046	2039
			4047	2039
			4048	2039
			4049	2040
			4050	2040
			4051	2040
			4052	2040
			4053	2040
			4054	2040
			4055	2040
			4056	2040
			4057	2040
			4058	2041
			4059	2041
			4060	2041
			4061	2041
			4062	2041
			4063	2041
			4064	2041
			4065	2041
			4066	2042
			4067	2042
			4068	2042
			4069	2042
			4070	2042
			4071	2042
			4072	2042
			4073	2043
			4074	2043
			4075	2043
			4076	2043
			4077	2043
			4078	2043
			4079	2043
			4080	2044
			4081	2044
			4082	2044
			4083	2044
			4084	2044
			4085	2044
			4086	2044
			4087	2045
			4088	2045
			4089	2045
			4090	2045
			4091	2045
			4092	2045
			4093	2046
			4094	2046
			4095	2046
			4096	2046
			4097	2046
			4098	2046
			4099	2046
			4100	2047
			4101	2047
			4102	2047
			4103	2047
			4104	2047
			4105	2047
			4106	2048
			4107	2048
			4108	2048
			4109	2048
			4110	2048
			4111	2048
			4112	2049
			4113	2049
			4114	2049
			4115	2049
			4116	2049
			4117	2050
			4118	2050
			4119	2050
			4120	2050
			4121	2050
			4122	2050
			4123	2051
			4124	2051
			4125	2051
			4126	2051
			4127	2051
			4128	2052
			4129	2052
			4130	2052
			4131	2052
			4132	2052
			4133	2052
			4134	2053
			4135	2053
			4136	2053
			4137	2053
			4138	2053
			4139	2053
			4140	2054
			4141	2054
			4142	2054
			4143	2054
			4144	2054
			4145	2055
			4146	2055
			4147	2055
			4148	2055
			4149	2055
			4150	2056
			4151	2056
			4152	2056
			4153	2056
			4154	2056
			4155	2057
			4156	2057
			4157	2057
			4158	2057
			4159	2057
			4160	2058
			4161	2058
			4162	2058
			4163	2058
			4164	2058
			4164	2059
			4165	2059
			4166	2059
			4167	2059
			4168	2059
			4169	2060
			4170	2060
			4171	2060
			4172	2060
			4173	2060
			4174	2061
			4175	2061
			4176	2061
			4177	2061
			4178	2061
			4179	2062
			4180	2062
			4181	2062
			4182	2062
			4183	2062
			4183	2063
			4184	2063
			4185	2063
			4186	2063
			4187	2063
			4188	2064
			4189	2064
			4190	2064
			4191	2064
			4192	2064
			4193	2065
			4194	2065
			4195	2065
			4196	2065
			4197	2066
			4198	2066
			4199	2066
			4200	2066
			4201	2066
			4202	2067
			4203	2067
			4204	2067
			4205	2067
			4206	2068
			4207	2068
			4208	2068
			4209	2068
			4210	2068
			4211	2069
			4212	2069
			4213	2069
			4214	2070
			4215	2070
			4216	2070
			4217	2070
			4218	2071
			4219	2071
			4220	2071
			4221	2071
			4222	2071
			4222	2072
			4223	2072
			4224	2072
			4225	2072
			4226	2072
			4227	2073
			4228	2073
			4229	2073
			4230	2073
			4231	2074
			4232	2074
			4233	2074
			4234	2075
			4235	2075
			4236	2075
			4237	2075
			4238	2076
			4239	2076
			4240	2076
			4241	2076
			4242	2076
			4243	2077
			4244	2077
			4245	2077
			4246	2077
			4246	2078
			4247	2078
			4248	2078
			4249	2078
			4250	2079
			4251	2079
			4252	2079
			4253	2079
			4254	2079
			4255	2080
			4256	2080
			4257	2080
			4258	2081
			4259	2081
			4260	2081
			4261	2081
			4262	2082
			4263	2082
			4264	2082
			4265	2082
			4266	2083
			4267	2083
			4268	2083
			4269	2084
			4270	2084
			4271	2084
			4272	2084
			4273	2085
			4274	2085
			4275	2085
			4276	2085
			4277	2086
			4278	2086
			4279	2086
			4280	2087
			4281	2087
			4282	2087
			4283	2087
			4284	2088
			4285	2088
			4286	2088
			4287	2088
			4288	2089
			4289	2089
			4290	2089
			4291	2090
			4292	2090
			4293	2090
			4294	2090
			4295	2091
			4296	2091
			4297	2091
			4298	2092
			4299	2092
			4300	2092
			4301	2092
			4302	2093
			4303	2093
			4304	2093
			4305	2094
			4306	2094
			4307	2094
			4308	2094
			4309	2095
			4310	2095
			4311	2095
			4312	2096
			4313	2096
			4314	2096
			4315	2096
			4316	2097
			4317	2097
			4318	2097
			4319	2098
			4320	2098
			4321	2098
			4322	2099
			4323	2099
			4324	2099
			4325	2099
			4326	2100
			4327	2100
			4328	2100
			4329	2101
			4330	2101
			4331	2101
			4332	2102
			4333	2102
			4334	2102
			4335	2102
			4336	2103
			4337	2103
			4338	2103
			4339	2104
			4340	2104
			4341	2104
			4342	2105
			4343	2105
			4344	2105
			4345	2106
			4346	2106
			4347	2106
			4348	2106
			4349	2107
			4350	2107
			4351	2107
			4352	2108
			4353	2108
			4354	2108
			4355	2108
			4355	2109
			4356	2109
			4357	2109
			4358	2109
			4358	2110
			4359	2110
			4360	2110
			4361	2110
			4361	2111
			4362	2111
			4363	2111
			4364	2111
			4365	2112
			4366	2112
			4367	2112
			4368	2113
			4369	2113
			4370	2113
			4371	2114
			4372	2114
			4373	2114
			4374	2115
			4375	2115
			4376	2115
			4377	2116
			4378	2116
			4379	2116
			4380	2117
			4381	2117
			4382	2117
			4383	2117
			4384	2118
			4385	2118
			4386	2118
			4387	2119
			4388	2119
			4389	2119
			4390	2120
			4391	2120
			4392	2120
			4393	2121
			4394	2121
			4395	2122
			4396	2122
			4397	2122
			4398	2122
			4399	2123
			4400	2123
			4401	2123
			4402	2124
			4403	2124
			4404	2124
			4405	2125
			4406	2125
			4407	2125
			4408	2126
			4409	2126
			4410	2126
			4411	2127
			4412	2127
			4413	2127
			4414	2128
			4415	2128
			4416	2128
			4417	2129
			4418	2129
			4419	2129
			4420	2130
			4421	2130
			4422	2130
			4423	2131
			4424	2131
			4425	2131
			4426	2132
			4427	2132
			4428	2132
			4429	2133
			4430	2133
			4431	2133
			4432	2134
			4433	2134
			4434	2135
			4435	2135
			4436	2135
			4437	2136
			4438	2136
		</caudal_dors_ant>
		<caud_dors_post type=matrix rownames=FALSE colnames=FALSE nrow=258 ncol=2 as.numeric=TRUE >
			4438	2136
			4439	2136
			4440	2136
			4441	2136
			4442	2136
			4443	2136
			4444	2136
			4445	2136
			4446	2136
			4447	2136
			4448	2136
			4449	2135
			4450	2135
			4451	2135
			4452	2135
			4453	2135
			4454	2135
			4455	2135
			4456	2135
			4457	2135
			4458	2135
			4459	2135
			4460	2135
			4461	2135
			4462	2135
			4463	2135
			4464	2134
			4465	2134
			4466	2134
			4467	2134
			4468	2134
			4469	2134
			4470	2134
			4471	2134
			4472	2134
			4473	2134
			4474	2134
			4475	2134
			4476	2133
			4477	2133
			4478	2133
			4479	2133
			4480	2133
			4481	2133
			4482	2133
			4483	2133
			4484	2133
			4485	2133
			4486	2132
			4487	2132
			4488	2132
			4489	2132
			4490	2132
			4491	2132
			4492	2132
			4493	2132
			4494	2132
			4495	2131
			4496	2131
			4497	2131
			4498	2131
			4499	2131
			4500	2131
			4501	2131
			4502	2131
			4503	2130
			4504	2130
			4505	2130
			4506	2130
			4507	2130
			4508	2130
			4509	2130
			4510	2130
			4511	2129
			4512	2129
			4513	2129
			4514	2129
			4515	2129
			4516	2129
			4517	2129
			4518	2128
			4519	2128
			4520	2128
			4521	2128
			4522	2128
			4523	2127
			4524	2127
			4525	2127
			4526	2127
			4527	2127
			4528	2127
			4529	2126
			4530	2126
			4531	2126
			4532	2126
			4533	2126
			4534	2126
			4535	2125
			4536	2125
			4537	2125
			4538	2125
			4539	2125
			4540	2124
			4541	2124
			4542	2124
			4543	2124
			4544	2124
			4545	2123
			4546	2123
			4547	2123
			4548	2123
			4549	2122
			4550	2122
			4551	2122
			4552	2122
			4553	2122
			4553	2121
			4554	2121
			4555	2121
			4556	2121
			4557	2121
			4558	2120
			4559	2120
			4560	2120
			4561	2120
			4562	2119
			4563	2119
			4564	2119
			4565	2118
			4566	2118
			4567	2118
			4568	2118
			4569	2117
			4570	2117
			4571	2117
			4572	2117
			4573	2116
			4574	2116
			4575	2116
			4576	2115
			4577	2115
			4578	2115
			4579	2115
			4580	2114
			4581	2114
			4582	2114
			4583	2113
			4584	2113
			4585	2113
			4586	2112
			4587	2112
			4588	2112
			4589	2111
			4590	2111
			4591	2110
			4592	2110
			4592	2109
			4593	2109
			4594	2108
			4595	2108
			4596	2107
			4597	2106
			4598	2106
			4599	2105
			4600	2105
			4601	2104
			4602	2104
			4603	2103
			4604	2102
			4605	2102
			4606	2101
			4607	2100
			4608	2100
			4609	2099
			4610	2099
			4611	2098
			4612	2097
			4613	2097
			4614	2096
			4615	2096
			4616	2095
			4617	2095
			4618	2094
			4619	2093
			4620	2093
			4621	2092
			4622	2092
			4623	2091
			4624	2091
			4625	2090
			4626	2090
			4627	2089
			4628	2089
			4629	2088
			4630	2087
			4631	2087
			4632	2086
			4633	2086
			4634	2085
			4635	2085
			4636	2084
			4637	2084
			4638	2083
			4639	2083
			4640	2082
			4641	2082
			4642	2081
			4643	2081
			4644	2080
			4645	2080
			4646	2079
			4647	2079
			4648	2078
			4649	2078
			4650	2077
			4651	2077
			4652	2076
			4653	2076
			4654	2075
			4655	2075
			4656	2074
			4657	2074
			4658	2074
			4659	2073
			4660	2073
			4661	2072
			4662	2072
			4663	2072
			4663	2071
			4664	2071
			4665	2071
			4666	2070
			4667	2070
			4668	2069
			4669	2069
			4670	2069
			4671	2068
			4672	2068
			4673	2067
			4674	2067
			4675	2066
			4676	2066
			4677	2066
			4677	2065
			4678	2065
			4679	2065
			4680	2064
			4681	2064
			4682	2064
			4683	2063
			4684	2063
			4685	2062
			4686	2062
			4687	2061
			4688	2061
			4689	2061
			4690	2060
			4691	2060
		</caud_dors_post>
		<caud_vent_post type=matrix rownames=FALSE colnames=FALSE nrow=214 ncol=2 as.numeric=TRUE >
			4701	2587
			4700	2587
			4699	2587
			4698	2587
			4697	2587
			4696	2587
			4695	2587
			4694	2587
			4693	2587
			4692	2587
			4691	2586
			4690	2586
			4689	2586
			4688	2586
			4687	2586
			4686	2586
			4685	2586
			4684	2586
			4683	2586
			4682	2586
			4681	2586
			4680	2586
			4679	2586
			4678	2586
			4677	2585
			4676	2585
			4675	2585
			4674	2585
			4673	2585
			4672	2585
			4671	2585
			4670	2585
			4669	2585
			4668	2585
			4667	2585
			4666	2585
			4665	2584
			4664	2584
			4663	2584
			4662	2584
			4661	2584
			4660	2584
			4659	2584
			4658	2584
			4657	2584
			4656	2584
			4655	2583
			4654	2583
			4653	2583
			4652	2583
			4651	2583
			4650	2583
			4649	2583
			4648	2583
			4647	2583
			4646	2583
			4646	2582
			4645	2582
			4644	2582
			4643	2582
			4642	2582
			4641	2582
			4640	2582
			4639	2582
			4638	2582
			4638	2581
			4637	2581
			4636	2581
			4635	2581
			4634	2581
			4633	2581
			4632	2581
			4631	2581
			4630	2580
			4629	2580
			4628	2580
			4627	2580
			4626	2580
			4625	2580
			4624	2580
			4623	2580
			4622	2579
			4621	2579
			4620	2579
			4619	2579
			4618	2579
			4617	2579
			4616	2579
			4615	2578
			4614	2578
			4613	2578
			4612	2578
			4611	2578
			4610	2578
			4609	2577
			4608	2577
			4607	2577
			4606	2577
			4605	2577
			4604	2577
			4603	2576
			4602	2576
			4601	2576
			4600	2576
			4599	2576
			4598	2576
			4597	2575
			4596	2575
			4595	2575
			4594	2575
			4593	2575
			4592	2575
			4592	2574
			4591	2574
			4590	2574
			4589	2574
			4588	2574
			4587	2574
			4586	2573
			4585	2573
			4584	2573
			4583	2573
			4582	2573
			4581	2573
			4580	2572
			4579	2572
			4578	2572
			4577	2572
			4576	2572
			4575	2571
			4574	2571
			4573	2571
			4572	2571
			4571	2571
			4571	2570
			4570	2570
			4569	2570
			4568	2570
			4567	2570
			4566	2569
			4565	2569
			4564	2569
			4563	2569
			4562	2569
			4561	2568
			4560	2568
			4559	2568
			4558	2568
			4557	2567
			4556	2567
			4555	2567
			4554	2567
			4553	2567
			4552	2566
			4551	2566
			4550	2566
			4549	2566
			4548	2565
			4547	2565
			4546	2565
			4545	2565
			4544	2565
			4543	2564
			4542	2564
			4541	2564
			4540	2564
			4539	2563
			4538	2563
			4537	2563
			4536	2563
			4535	2562
			4534	2562
			4533	2562
			4532	2562
			4531	2561
			4530	2561
			4529	2561
			4528	2561
			4527	2560
			4526	2560
			4525	2560
			4524	2560
			4523	2559
			4522	2559
			4521	2559
			4520	2559
			4519	2558
			4518	2558
			4517	2558
			4516	2558
			4515	2557
			4514	2557
			4513	2557
			4512	2557
			4511	2556
			4510	2556
			4509	2556
			4508	2555
			4507	2555
			4506	2555
			4505	2554
			4504	2554
			4503	2554
			4502	2554
			4501	2553
			4500	2553
			4499	2553
			4498	2552
			4497	2552
			4496	2552
			4495	2552
			4495	2551
			4494	2551
			4493	2551
		</caud_vent_post>
		<caudal_vent_ant type=matrix rownames=FALSE colnames=FALSE nrow=250 ncol=2 as.numeric=TRUE >
			4493	2551
			4492	2552
			4491	2552
			4490	2553
			4489	2553
			4489	2554
			4488	2554
			4487	2555
			4486	2555
			4485	2556
			4484	2556
			4483	2557
			4482	2557
			4482	2558
			4481	2558
			4480	2559
			4479	2559
			4478	2560
			4477	2561
			4476	2561
			4475	2562
			4474	2562
			4474	2563
			4473	2563
			4472	2564
			4471	2564
			4470	2565
			4469	2565
			4468	2566
			4467	2566
			4466	2567
			4465	2568
			4464	2568
			4463	2569
			4462	2569
			4461	2570
			4460	2570
			4459	2571
			4458	2571
			4457	2572
			4456	2572
			4456	2573
			4455	2573
			4454	2574
			4453	2574
			4452	2575
			4451	2575
			4450	2576
			4449	2576
			4448	2577
			4447	2577
			4446	2578
			4445	2578
			4444	2579
			4443	2579
			4442	2580
			4441	2581
			4440	2581
			4439	2582
			4438	2582
			4437	2583
			4436	2583
			4435	2584
			4434	2584
			4433	2585
			4432	2585
			4431	2585
			4431	2586
			4430	2586
			4429	2587
			4428	2587
			4427	2588
			4426	2588
			4425	2589
			4424	2589
			4423	2590
			4422	2590
			4421	2591
			4420	2591
			4419	2592
			4418	2592
			4417	2593
			4416	2593
			4415	2594
			4414	2594
			4413	2595
			4412	2595
			4411	2595
			4410	2596
			4409	2596
			4408	2597
			4407	2597
			4406	2598
			4405	2598
			4404	2599
			4403	2599
			4402	2600
			4401	2600
			4401	2601
			4400	2601
			4399	2601
			4398	2602
			4397	2602
			4396	2603
			4395	2603
			4394	2604
			4393	2604
			4392	2605
			4391	2605
			4390	2605
			4389	2606
			4388	2606
			4387	2607
			4386	2607
			4385	2608
			4384	2608
			4383	2608
			4382	2609
			4381	2609
			4380	2610
			4379	2610
			4378	2611
			4377	2611
			4376	2611
			4375	2612
			4374	2612
			4373	2613
			4372	2613
			4371	2613
			4370	2614
			4369	2614
			4368	2615
			4367	2615
			4366	2615
			4365	2616
			4364	2616
			4363	2617
			4362	2617
			4361	2617
			4360	2618
			4359	2618
			4358	2619
			4357	2619
			4356	2619
			4355	2620
			4354	2620
			4353	2621
			4352	2621
			4351	2621
			4350	2622
			4349	2622
			4348	2623
			4347	2623
			4346	2623
			4345	2624
			4344	2624
			4343	2624
			4342	2625
			4341	2625
			4340	2626
			4339	2626
			4338	2626
			4337	2627
			4336	2627
			4335	2627
			4334	2628
			4333	2628
			4332	2628
			4331	2629
			4330	2629
			4329	2630
			4328	2630
			4327	2630
			4326	2631
			4325	2631
			4324	2631
			4323	2632
			4322	2632
			4321	2632
			4320	2633
			4319	2633
			4318	2633
			4317	2634
			4316	2634
			4315	2634
			4314	2635
			4313	2635
			4312	2635
			4311	2636
			4310	2636
			4309	2636
			4308	2637
			4307	2637
			4306	2637
			4305	2638
			4304	2638
			4303	2638
			4302	2639
			4301	2639
			4300	2639
			4299	2640
			4298	2640
			4297	2640
			4296	2641
			4295	2641
			4294	2641
			4293	2641
			4292	2642
			4291	2642
			4290	2642
			4289	2643
			4288	2643
			4287	2643
			4286	2644
			4285	2644
			4284	2644
			4283	2644
			4282	2645
			4281	2645
			4280	2645
			4279	2646
			4278	2646
			4277	2646
			4276	2647
			4275	2647
			4274	2647
			4273	2647
			4272	2648
			4271	2648
			4270	2648
			4269	2648
			4268	2649
			4267	2649
			4266	2649
			4265	2649
			4265	2650
			4264	2650
			4263	2650
			4262	2650
			4261	2650
			4260	2651
			4259	2651
			4258	2651
			4257	2651
			4256	2652
			4255	2652
			4254	2652
			4253	2652
			4252	2653
			4251	2653
		</caudal_vent_ant>
		<anal type=matrix rownames=FALSE colnames=FALSE nrow=368 ncol=2 as.numeric=TRUE >
			4251	2653
			4250	2653
			4249	2654
			4248	2654
			4247	2654
			4246	2655
			4245	2655
			4244	2655
			4243	2656
			4242	2656
			4241	2656
			4240	2657
			4239	2657
			4238	2657
			4237	2658
			4236	2658
			4235	2658
			4234	2659
			4233	2659
			4232	2659
			4231	2660
			4230	2660
			4229	2660
			4228	2661
			4227	2661
			4226	2662
			4225	2662
			4224	2662
			4223	2663
			4222	2663
			4221	2663
			4220	2664
			4219	2664
			4218	2664
			4217	2665
			4216	2665
			4215	2665
			4214	2666
			4213	2666
			4212	2666
			4211	2667
			4210	2667
			4209	2667
			4208	2668
			4207	2668
			4206	2668
			4205	2669
			4204	2669
			4203	2669
			4202	2670
			4201	2670
			4200	2670
			4199	2671
			4198	2671
			4197	2671
			4196	2672
			4195	2672
			4194	2672
			4193	2673
			4192	2673
			4191	2673
			4190	2674
			4189	2674
			4188	2674
			4187	2675
			4186	2675
			4185	2675
			4184	2676
			4183	2676
			4182	2676
			4181	2677
			4180	2677
			4179	2677
			4178	2678
			4177	2678
			4176	2678
			4175	2679
			4174	2679
			4173	2679
			4172	2680
			4171	2680
			4170	2680
			4169	2681
			4168	2681
			4167	2681
			4166	2682
			4165	2682
			4164	2682
			4163	2683
			4162	2683
			4161	2683
			4160	2684
			4159	2684
			4158	2684
			4157	2685
			4156	2685
			4155	2685
			4155	2686
			4154	2686
			4153	2686
			4152	2687
			4151	2687
			4150	2687
			4149	2688
			4148	2688
			4147	2688
			4146	2689
			4145	2689
			4144	2689
			4143	2690
			4142	2690
			4141	2690
			4140	2691
			4139	2691
			4138	2691
			4137	2692
			4136	2692
			4135	2693
			4134	2693
			4133	2693
			4132	2694
			4131	2694
			4130	2694
			4129	2695
			4128	2695
			4127	2695
			4126	2696
			4125	2696
			4124	2696
			4123	2697
			4122	2697
			4121	2697
			4121	2698
			4120	2698
			4119	2698
			4118	2699
			4117	2699
			4116	2699
			4115	2700
			4114	2700
			4113	2700
			4112	2701
			4111	2701
			4110	2701
			4109	2702
			4108	2702
			4107	2702
			4106	2703
			4105	2703
			4104	2703
			4103	2704
			4102	2704
			4101	2704
			4100	2705
			4099	2705
			4098	2705
			4097	2706
			4096	2706
			4095	2706
			4094	2707
			4093	2707
			4092	2707
			4091	2708
			4090	2708
			4089	2709
			4088	2709
			4087	2709
			4086	2710
			4085	2710
			4084	2710
			4083	2711
			4082	2711
			4081	2711
			4080	2712
			4079	2712
			4078	2712
			4077	2713
			4076	2713
			4075	2713
			4074	2714
			4073	2714
			4072	2714
			4071	2715
			4070	2715
			4069	2715
			4068	2716
			4067	2716
			4066	2716
			4065	2717
			4064	2717
			4063	2717
			4062	2718
			4061	2718
			4060	2719
			4059	2719
			4058	2719
			4057	2720
			4056	2720
			4055	2720
			4054	2721
			4053	2721
			4052	2721
			4051	2722
			4050	2722
			4049	2722
			4049	2723
			4048	2723
			4047	2723
			4046	2724
			4045	2724
			4044	2724
			4043	2725
			4042	2725
			4041	2725
			4040	2726
			4039	2726
			4038	2726
			4037	2727
			4036	2727
			4035	2727
			4034	2728
			4033	2728
			4032	2728
			4031	2729
			4030	2729
			4029	2729
			4028	2730
			4027	2730
			4026	2730
			4025	2731
			4024	2731
			4023	2731
			4022	2732
			4021	2732
			4020	2732
			4020	2733
			4019	2733
			4018	2734
			4017	2734
			4016	2734
			4015	2735
			4014	2735
			4013	2735
			4012	2736
			4011	2736
			4010	2736
			4009	2737
			4008	2737
			4007	2737
			4006	2738
			4005	2738
			4004	2738
			4003	2739
			4002	2739
			4001	2739
			4000	2740
			3999	2740
			3998	2740
			3998	2741
			3997	2741
			3996	2741
			3995	2742
			3994	2742
			3993	2742
			3992	2743
			3991	2743
			3990	2743
			3989	2744
			3988	2744
			3987	2744
			3986	2745
			3985	2745
			3984	2745
			3983	2746
			3982	2746
			3981	2746
			3980	2747
			3979	2747
			3978	2748
			3977	2748
			3976	2748
			3975	2749
			3974	2749
			3973	2749
			3973	2750
			3972	2750
			3971	2750
			3970	2750
			3969	2751
			3968	2751
			3967	2752
			3966	2752
			3965	2752
			3964	2753
			3963	2753
			3962	2753
			3961	2754
			3960	2754
			3959	2754
			3958	2755
			3957	2755
			3956	2755
			3955	2756
			3954	2756
			3953	2756
			3952	2757
			3951	2757
			3950	2758
			3949	2758
			3948	2758
			3947	2759
			3946	2759
			3945	2759
			3944	2760
			3943	2760
			3942	2761
			3941	2761
			3940	2761
			3939	2761
			3939	2762
			3938	2762
			3937	2762
			3936	2763
			3935	2763
			3934	2763
			3933	2764
			3932	2764
			3931	2764
			3930	2765
			3929	2765
			3928	2766
			3927	2766
			3926	2766
			3925	2767
			3924	2767
			3923	2767
			3922	2768
			3921	2768
			3920	2768
			3919	2769
			3918	2769
			3917	2770
			3916	2770
			3915	2770
			3914	2771
			3913	2771
			3912	2771
			3911	2772
			3910	2772
			3909	2772
			3908	2773
			3907	2773
			3906	2773
			3905	2774
			3904	2774
			3903	2775
			3902	2775
			3901	2775
			3900	2776
			3899	2776
			3898	2776
			3897	2777
			3896	2777
			3895	2777
			3894	2778
			3893	2778
			3892	2778
			3891	2779
		</anal>
		<ventral_body type=matrix rownames=FALSE colnames=FALSE nrow=2713 ncol=2 as.numeric=TRUE >
			3891	2779
			3890	2779
			3889	2779
			3889	2780
			3888	2780
			3887	2780
			3886	2780
			3885	2781
			3884	2781
			3883	2781
			3882	2781
			3881	2782
			3880	2782
			3879	2782
			3878	2783
			3877	2783
			3876	2783
			3875	2783
			3874	2784
			3873	2784
			3872	2784
			3871	2784
			3870	2785
			3869	2785
			3868	2785
			3867	2785
			3866	2786
			3865	2786
			3864	2786
			3863	2786
			3862	2787
			3861	2787
			3860	2787
			3859	2787
			3858	2788
			3857	2788
			3856	2788
			3855	2788
			3854	2789
			3853	2789
			3852	2789
			3851	2789
			3850	2790
			3849	2790
			3848	2790
			3847	2790
			3846	2791
			3845	2791
			3844	2791
			3843	2791
			3842	2792
			3841	2792
			3840	2792
			3839	2792
			3838	2793
			3837	2793
			3836	2793
			3835	2793
			3834	2794
			3833	2794
			3832	2794
			3831	2794
			3830	2795
			3829	2795
			3828	2795
			3827	2795
			3826	2796
			3825	2796
			3824	2796
			3823	2796
			3822	2797
			3821	2797
			3820	2797
			3819	2797
			3818	2798
			3817	2798
			3816	2798
			3815	2798
			3814	2799
			3813	2799
			3812	2799
			3811	2799
			3810	2799
			3809	2800
			3808	2800
			3807	2800
			3806	2800
			3805	2801
			3804	2801
			3803	2801
			3802	2801
			3801	2802
			3800	2802
			3799	2802
			3798	2802
			3797	2802
			3796	2803
			3795	2803
			3794	2803
			3793	2803
			3792	2803
			3791	2804
			3790	2804
			3789	2804
			3788	2804
			3787	2805
			3786	2805
			3785	2805
			3784	2805
			3783	2806
			3782	2806
			3781	2806
			3780	2806
			3779	2806
			3778	2807
			3777	2807
			3776	2807
			3775	2807
			3774	2807
			3773	2808
			3772	2808
			3771	2808
			3770	2808
			3769	2808
			3768	2809
			3767	2809
			3766	2809
			3765	2809
			3764	2810
			3763	2810
			3762	2810
			3761	2810
			3760	2811
			3759	2811
			3758	2811
			3757	2811
			3756	2811
			3755	2812
			3754	2812
			3753	2812
			3752	2812
			3751	2812
			3750	2813
			3749	2813
			3748	2813
			3747	2813
			3746	2813
			3745	2814
			3744	2814
			3743	2814
			3742	2814
			3741	2814
			3740	2815
			3739	2815
			3738	2815
			3737	2815
			3736	2815
			3735	2816
			3734	2816
			3733	2816
			3732	2816
			3731	2816
			3730	2817
			3729	2817
			3728	2817
			3727	2817
			3726	2817
			3725	2818
			3724	2818
			3723	2818
			3722	2818
			3721	2818
			3720	2818
			3720	2819
			3719	2819
			3718	2819
			3717	2819
			3716	2819
			3715	2820
			3714	2820
			3713	2820
			3712	2820
			3711	2820
			3710	2821
			3709	2821
			3708	2821
			3707	2821
			3706	2821
			3705	2822
			3704	2822
			3703	2822
			3702	2822
			3701	2822
			3700	2822
			3699	2823
			3698	2823
			3697	2823
			3696	2823
			3695	2823
			3694	2824
			3693	2824
			3692	2824
			3691	2824
			3690	2824
			3689	2825
			3688	2825
			3687	2825
			3686	2825
			3685	2825
			3684	2825
			3683	2826
			3682	2826
			3681	2826
			3680	2826
			3679	2826
			3678	2827
			3677	2827
			3676	2827
			3675	2827
			3674	2827
			3673	2827
			3672	2828
			3671	2828
			3670	2828
			3669	2828
			3668	2828
			3667	2828
			3666	2829
			3665	2829
			3664	2829
			3663	2829
			3662	2829
			3661	2830
			3660	2830
			3659	2830
			3658	2830
			3657	2830
			3656	2830
			3655	2831
			3654	2831
			3653	2831
			3652	2831
			3651	2831
			3650	2831
			3649	2832
			3648	2832
			3647	2832
			3646	2832
			3645	2832
			3644	2832
			3643	2833
			3642	2833
			3641	2833
			3640	2833
			3639	2833
			3638	2833
			3637	2834
			3636	2834
			3635	2834
			3634	2834
			3633	2834
			3632	2834
			3631	2835
			3630	2835
			3629	2835
			3628	2835
			3627	2835
			3626	2835
			3625	2836
			3624	2836
			3623	2836
			3622	2836
			3621	2836
			3620	2836
			3619	2837
			3618	2837
			3617	2837
			3616	2837
			3615	2837
			3614	2837
			3613	2838
			3612	2838
			3611	2838
			3610	2838
			3609	2838
			3608	2838
			3607	2839
			3606	2839
			3605	2839
			3604	2839
			3603	2839
			3602	2839
			3601	2839
			3600	2840
			3599	2840
			3598	2840
			3597	2840
			3596	2840
			3595	2840
			3594	2841
			3593	2841
			3592	2841
			3591	2841
			3590	2841
			3589	2841
			3588	2841
			3588	2842
			3587	2842
			3586	2842
			3585	2842
			3584	2842
			3583	2842
			3582	2842
			3581	2843
			3580	2843
			3579	2843
			3578	2843
			3577	2843
			3576	2843
			3575	2843
			3574	2844
			3573	2844
			3572	2844
			3571	2844
			3570	2844
			3569	2844
			3568	2845
			3567	2845
			3566	2845
			3565	2845
			3564	2845
			3563	2845
			3562	2845
			3561	2846
			3560	2846
			3559	2846
			3558	2846
			3557	2846
			3556	2846
			3555	2846
			3554	2847
			3553	2847
			3552	2847
			3551	2847
			3550	2847
			3549	2847
			3548	2847
			3547	2848
			3546	2848
			3545	2848
			3544	2848
			3543	2848
			3542	2848
			3541	2848
			3540	2849
			3539	2849
			3538	2849
			3537	2849
			3536	2849
			3535	2849
			3534	2849
			3533	2849
			3532	2850
			3531	2850
			3530	2850
			3529	2850
			3528	2850
			3527	2850
			3526	2850
			3525	2851
			3524	2851
			3523	2851
			3522	2851
			3521	2851
			3520	2851
			3519	2851
			3518	2852
			3517	2852
			3516	2852
			3515	2852
			3514	2852
			3513	2852
			3512	2852
			3511	2852
			3510	2853
			3509	2853
			3508	2853
			3507	2853
			3506	2853
			3505	2853
			3504	2853
			3503	2854
			3502	2854
			3501	2854
			3500	2854
			3499	2854
			3498	2854
			3497	2854
			3496	2854
			3495	2855
			3494	2855
			3493	2855
			3492	2855
			3491	2855
			3490	2855
			3489	2855
			3488	2856
			3487	2856
			3486	2856
			3485	2856
			3484	2856
			3483	2856
			3482	2856
			3481	2856
			3480	2856
			3479	2857
			3478	2857
			3477	2857
			3476	2857
			3475	2857
			3474	2857
			3473	2857
			3472	2857
			3471	2858
			3470	2858
			3469	2858
			3468	2858
			3467	2858
			3466	2858
			3465	2858
			3464	2858
			3463	2859
			3462	2859
			3461	2859
			3460	2859
			3459	2859
			3458	2859
			3457	2859
			3456	2859
			3455	2860
			3454	2860
			3453	2860
			3452	2860
			3451	2860
			3450	2860
			3449	2861
			3448	2862
			3447	2862
			3446	2862
			3445	2863
			3444	2863
			3443	2864
			3442	2864
			3441	2864
			3440	2865
			3439	2865
			3438	2866
			3437	2866
			3436	2866
			3435	2867
			3434	2868
			3433	2868
			3432	2868
			3431	2869
			3430	2869
			3429	2869
			3428	2870
			3427	2870
			3426	2871
			3425	2871
			3424	2872
			3423	2872
			3422	2872
			3421	2873
			3420	2873
			3419	2874
			3418	2874
			3417	2874
			3416	2874
			3416	2875
			3415	2875
			3414	2875
			3413	2876
			3412	2876
			3411	2877
			3410	2877
			3409	2877
			3408	2877
			3407	2878
			3406	2878
			3405	2879
			3404	2879
			3403	2879
			3402	2880
			3401	2880
			3400	2880
			3399	2881
			3398	2881
			3397	2881
			3396	2882
			3395	2882
			3394	2882
			3393	2883
			3392	2883
			3391	2884
			3390	2884
			3389	2884
			3388	2884
			3388	2885
			3387	2885
			3386	2885
			3385	2886
			3384	2886
			3383	2886
			3382	2886
			3381	2887
			3380	2887
			3379	2888
			3378	2888
			3377	2888
			3376	2889
			3375	2889
			3374	2889
			3373	2889
			3372	2890
			3371	2890
			3370	2890
			3369	2891
			3368	2891
			3367	2891
			3366	2892
			3365	2892
			3364	2892
			3363	2893
			3362	2893
			3361	2893
			3360	2893
			3359	2894
			3358	2894
			3357	2894
			3356	2895
			3355	2895
			3354	2895
			3353	2896
			3352	2896
			3351	2896
			3350	2896
			3349	2897
			3348	2897
			3347	2897
			3346	2898
			3345	2898
			3344	2898
			3343	2899
			3342	2899
			3341	2899
			3340	2899
			3339	2900
			3338	2900
			3337	2900
			3336	2900
			3335	2901
			3334	2901
			3333	2901
			3332	2901
			3332	2902
			3331	2902
			3330	2902
			3329	2902
			3329	2903
			3328	2903
			3327	2903
			3326	2903
			3325	2904
			3324	2904
			3323	2904
			3322	2904
			3321	2905
			3320	2905
			3319	2905
			3318	2905
			3317	2906
			3316	2906
			3315	2906
			3314	2906
			3313	2907
			3312	2907
			3311	2907
			3310	2907
			3309	2908
			3308	2908
			3307	2908
			3306	2909
			3305	2909
			3304	2909
			3303	2909
			3302	2910
			3301	2910
			3300	2910
			3299	2910
			3298	2911
			3297	2911
			3296	2911
			3295	2911
			3294	2912
			3293	2912
			3292	2912
			3291	2912
			3290	2913
			3289	2913
			3288	2913
			3287	2913
			3286	2913
			3285	2914
			3284	2914
			3283	2914
			3282	2914
			3281	2915
			3280	2915
			3279	2915
			3278	2915
			3277	2916
			3276	2916
			3275	2916
			3274	2916
			3273	2916
			3273	2917
			3272	2917
			3271	2917
			3270	2917
			3269	2917
			3268	2918
			3267	2918
			3266	2918
			3265	2918
			3264	2918
			3263	2919
			3262	2919
			3261	2919
			3260	2920
			3259	2920
			3258	2920
			3257	2920
			3256	2920
			3255	2921
			3254	2921
			3253	2921
			3252	2921
			3251	2921
			3250	2922
			3249	2922
			3248	2922
			3247	2922
			3246	2923
			3245	2923
			3244	2923
			3243	2923
			3242	2923
			3241	2924
			3240	2924
			3239	2924
			3238	2924
			3237	2924
			3236	2925
			3235	2925
			3234	2925
			3233	2925
			3232	2925
			3231	2926
			3230	2926
			3229	2926
			3228	2926
			3227	2927
			3226	2927
			3225	2927
			3224	2927
			3223	2927
			3222	2928
			3221	2928
			3220	2928
			3219	2928
			3218	2928
			3217	2929
			3216	2929
			3215	2929
			3214	2929
			3213	2929
			3212	2930
			3211	2930
			3210	2930
			3209	2930
			3208	2930
			3207	2931
			3206	2931
			3205	2931
			3204	2931
			3203	2931
			3202	2931
			3201	2932
			3200	2932
			3199	2932
			3198	2932
			3197	2932
			3196	2933
			3195	2933
			3194	2933
			3193	2933
			3192	2933
			3191	2933
			3191	2934
			3190	2934
			3189	2934
			3188	2934
			3187	2934
			3186	2935
			3185	2935
			3184	2935
			3183	2935
			3182	2935
			3181	2935
			3180	2936
			3179	2936
			3178	2936
			3177	2936
			3176	2936
			3175	2936
			3174	2937
			3173	2937
			3172	2937
			3171	2937
			3170	2937
			3169	2938
			3168	2938
			3167	2938
			3166	2938
			3165	2938
			3164	2938
			3163	2939
			3162	2939
			3161	2939
			3160	2939
			3159	2939
			3158	2939
			3157	2940
			3156	2940
			3155	2940
			3154	2940
			3153	2940
			3152	2941
			3151	2941
			3150	2941
			3149	2941
			3148	2941
			3147	2941
			3146	2942
			3145	2942
			3144	2942
			3143	2942
			3142	2942
			3141	2942
			3140	2943
			3139	2943
			3138	2943
			3137	2943
			3136	2943
			3135	2943
			3134	2944
			3133	2944
			3132	2944
			3131	2944
			3130	2944
			3129	2944
			3128	2945
			3127	2945
			3126	2945
			3125	2945
			3124	2945
			3123	2945
			3122	2946
			3121	2946
			3120	2946
			3119	2946
			3118	2946
			3117	2946
			3116	2946
			3115	2947
			3114	2947
			3113	2947
			3112	2947
			3111	2947
			3110	2947
			3109	2948
			3108	2948
			3107	2948
			3106	2948
			3105	2948
			3104	2948
			3103	2948
			3102	2949
			3101	2949
			3100	2949
			3099	2949
			3098	2949
			3097	2949
			3096	2950
			3095	2950
			3094	2950
			3093	2950
			3092	2950
			3091	2950
			3090	2950
			3089	2951
			3088	2951
			3087	2951
			3086	2951
			3085	2951
			3084	2951
			3083	2951
			3082	2952
			3081	2952
			3080	2952
			3079	2952
			3078	2952
			3077	2952
			3076	2953
			3075	2953
			3074	2953
			3073	2953
			3072	2953
			3071	2953
			3070	2953
			3069	2954
			3068	2954
			3067	2954
			3066	2954
			3065	2954
			3064	2954
			3063	2954
			3062	2955
			3061	2955
			3060	2955
			3059	2955
			3058	2955
			3057	2955
			3056	2955
			3055	2956
			3054	2956
			3053	2956
			3052	2956
			3051	2956
			3050	2956
			3049	2956
			3048	2957
			3047	2957
			3046	2957
			3045	2957
			3044	2957
			3043	2957
			3042	2957
			3041	2957
			3041	2958
			3040	2958
			3039	2958
			3038	2958
			3037	2958
			3036	2958
			3035	2958
			3034	2958
			3033	2959
			3032	2959
			3031	2959
			3030	2959
			3029	2959
			3028	2959
			3027	2959
			3026	2959
			3025	2960
			3024	2960
			3023	2960
			3022	2960
			3021	2960
			3020	2960
			3019	2960
			3018	2960
			3017	2961
			3016	2961
			3015	2961
			3014	2961
			3013	2961
			3012	2961
			3011	2961
			3010	2962
			3009	2962
			3008	2962
			3007	2962
			3006	2962
			3005	2962
			3004	2962
			3003	2963
			3002	2963
			3001	2963
			3000	2963
			2999	2963
			2998	2963
			2997	2963
			2996	2963
			2995	2964
			2994	2964
			2993	2964
			2992	2964
			2991	2964
			2990	2964
			2989	2964
			2988	2964
			2987	2964
			2986	2965
			2985	2965
			2984	2965
			2983	2965
			2982	2965
			2981	2965
			2980	2965
			2979	2965
			2978	2966
			2977	2966
			2976	2966
			2975	2966
			2974	2966
			2973	2966
			2972	2966
			2971	2966
			2970	2967
			2969	2967
			2968	2967
			2967	2967
			2966	2967
			2965	2967
			2964	2967
			2963	2967
			2962	2967
			2961	2968
			2960	2968
			2959	2968
			2958	2968
			2957	2968
			2956	2968
			2955	2968
			2954	2968
			2953	2968
			2952	2969
			2951	2969
			2950	2969
			2949	2969
			2948	2969
			2947	2969
			2946	2969
			2945	2969
			2944	2970
			2943	2970
			2942	2970
			2941	2970
			2940	2970
			2939	2970
			2938	2970
			2937	2970
			2936	2970
			2935	2971
			2934	2971
			2933	2971
			2932	2971
			2931	2971
			2930	2971
			2929	2971
			2928	2971
			2927	2971
			2926	2972
			2925	2972
			2924	2972
			2923	2972
			2922	2972
			2921	2972
			2920	2972
			2919	2972
			2918	2972
			2917	2973
			2916	2973
			2915	2973
			2914	2973
			2913	2973
			2912	2973
			2911	2973
			2910	2973
			2909	2973
			2908	2974
			2907	2974
			2906	2974
			2905	2974
			2904	2974
			2903	2974
			2902	2974
			2901	2974
			2900	2974
			2899	2974
			2898	2975
			2897	2975
			2896	2975
			2895	2975
			2894	2975
			2893	2975
			2892	2975
			2891	2975
			2890	2975
			2889	2975
			2888	2976
			2887	2976
			2886	2976
			2885	2976
			2884	2976
			2883	2976
			2882	2976
			2881	2976
			2880	2976
			2879	2976
			2878	2977
			2877	2977
			2876	2977
			2875	2977
			2874	2977
			2873	2977
			2872	2977
			2871	2977
			2870	2977
			2869	2977
			2868	2977
			2867	2977
			2866	2977
			2865	2978
			2864	2978
			2863	2978
			2862	2978
			2861	2978
			2860	2978
			2859	2978
			2858	2978
			2857	2978
			2856	2978
			2855	2978
			2854	2978
			2853	2978
			2852	2978
			2851	2978
			2850	2978
			2849	2978
			2848	2978
			2847	2978
			2846	2979
			2845	2979
			2844	2979
			2843	2979
			2842	2979
			2841	2979
			2840	2979
			2839	2979
			2838	2979
			2837	2979
			2836	2979
			2835	2979
			2834	2979
			2833	2979
			2832	2979
			2831	2979
			2830	2979
			2829	2979
			2828	2979
			2827	2979
			2826	2979
			2825	2980
			2824	2980
			2823	2980
			2822	2980
			2821	2980
			2820	2980
			2819	2980
			2818	2980
			2817	2980
			2816	2980
			2815	2980
			2814	2980
			2813	2980
			2812	2980
			2811	2980
			2810	2980
			2809	2980
			2808	2980
			2807	2980
			2806	2980
			2805	2980
			2804	2980
			2803	2980
			2802	2980
			2801	2981
			2800	2981
			2799	2981
			2798	2981
			2797	2981
			2796	2981
			2795	2981
			2794	2981
			2793	2981
			2792	2981
			2791	2981
			2790	2981
			2789	2981
			2788	2981
			2787	2981
			2786	2981
			2785	2981
			2784	2981
			2783	2981
			2782	2981
			2781	2981
			2780	2981
			2779	2981
			2778	2981
			2777	2981
			2776	2981
			2775	2981
			2774	2981
			2773	2982
			2772	2982
			2771	2982
			2770	2982
			2769	2982
			2768	2982
			2767	2982
			2766	2982
			2765	2982
			2764	2982
			2763	2982
			2762	2982
			2761	2982
			2760	2982
			2759	2982
			2758	2982
			2757	2982
			2756	2982
			2755	2982
			2754	2982
			2753	2982
			2752	2982
			2751	2982
			2750	2982
			2749	2982
			2748	2982
			2747	2982
			2746	2982
			2745	2982
			2744	2982
			2743	2982
			2742	2982
			2741	2982
			2740	2982
			2739	2982
			2738	2982
			2737	2982
			2736	2982
			2735	2983
			2734	2983
			2733	2983
			2732	2983
			2731	2983
			2730	2983
			2729	2983
			2728	2983
			2727	2983
			2726	2983
			2725	2983
			2724	2983
			2723	2983
			2722	2983
			2721	2983
			2720	2983
			2719	2983
			2718	2983
			2717	2983
			2716	2983
			2715	2983
			2714	2983
			2713	2983
			2712	2983
			2711	2983
			2710	2983
			2709	2983
			2708	2983
			2707	2983
			2706	2983
			2705	2983
			2704	2983
			2703	2983
			2702	2983
			2701	2983
			2700	2983
			2699	2983
			2698	2983
			2697	2983
			2696	2983
			2695	2983
			2694	2983
			2693	2983
			2692	2983
			2691	2983
			2690	2983
			2689	2983
			2688	2983
			2687	2983
			2686	2983
			2685	2983
			2684	2983
			2683	2983
			2682	2983
			2681	2983
			2680	2983
			2679	2983
			2678	2983
			2677	2983
			2676	2983
			2675	2983
			2674	2983
			2673	2983
			2672	2983
			2671	2983
			2670	2983
			2669	2983
			2668	2983
			2667	2983
			2666	2983
			2665	2983
			2664	2983
			2663	2983
			2662	2983
			2661	2983
			2660	2983
			2659	2983
			2658	2983
			2657	2983
			2656	2983
			2655	2983
			2654	2983
			2653	2983
			2652	2983
			2651	2983
			2650	2983
			2649	2983
			2648	2983
			2647	2983
			2646	2983
			2645	2983
			2644	2983
			2643	2983
			2642	2983
			2641	2983
			2640	2983
			2639	2983
			2638	2983
			2637	2983
			2636	2983
			2635	2983
			2634	2983
			2633	2983
			2632	2983
			2631	2983
			2630	2983
			2629	2983
			2628	2983
			2627	2983
			2626	2983
			2625	2983
			2624	2983
			2623	2983
			2622	2983
			2621	2983
			2620	2983
			2619	2983
			2618	2983
			2617	2983
			2616	2983
			2615	2983
			2614	2983
			2613	2983
			2612	2983
			2611	2983
			2610	2983
			2609	2983
			2608	2983
			2607	2983
			2606	2983
			2605	2983
			2604	2983
			2603	2983
			2602	2983
			2601	2983
			2600	2983
			2599	2983
			2598	2983
			2597	2983
			2596	2983
			2595	2983
			2594	2983
			2593	2983
			2592	2983
			2591	2983
			2590	2983
			2589	2983
			2588	2983
			2587	2983
			2586	2983
			2585	2983
			2584	2983
			2583	2983
			2582	2983
			2581	2983
			2580	2983
			2579	2983
			2578	2983
			2577	2983
			2576	2983
			2575	2983
			2574	2983
			2573	2983
			2572	2983
			2571	2983
			2570	2983
			2569	2983
			2568	2983
			2567	2983
			2566	2983
			2565	2983
			2564	2983
			2563	2983
			2562	2983
			2561	2983
			2560	2983
			2559	2983
			2558	2983
			2557	2983
			2556	2982
			2555	2982
			2554	2982
			2553	2982
			2552	2982
			2551	2982
			2550	2982
			2549	2982
			2548	2982
			2547	2982
			2546	2982
			2545	2982
			2544	2982
			2543	2982
			2542	2982
			2541	2982
			2540	2982
			2539	2982
			2538	2982
			2537	2982
			2536	2982
			2535	2982
			2534	2982
			2533	2982
			2532	2982
			2531	2982
			2530	2982
			2529	2982
			2528	2982
			2527	2982
			2526	2982
			2525	2982
			2524	2982
			2523	2982
			2522	2982
			2521	2982
			2520	2982
			2519	2982
			2518	2982
			2517	2981
			2516	2981
			2515	2981
			2514	2981
			2513	2981
			2512	2981
			2511	2981
			2510	2981
			2509	2981
			2508	2981
			2507	2981
			2506	2981
			2505	2981
			2504	2981
			2503	2981
			2502	2981
			2501	2981
			2500	2981
			2499	2981
			2498	2981
			2497	2981
			2496	2981
			2495	2981
			2494	2981
			2493	2981
			2492	2981
			2491	2981
			2490	2981
			2489	2981
			2488	2981
			2487	2981
			2486	2980
			2485	2980
			2484	2980
			2483	2980
			2482	2980
			2481	2980
			2480	2980
			2479	2980
			2478	2980
			2477	2980
			2476	2980
			2475	2980
			2474	2980
			2473	2980
			2472	2980
			2471	2980
			2470	2980
			2469	2980
			2468	2980
			2467	2980
			2466	2980
			2465	2980
			2464	2980
			2463	2980
			2462	2980
			2461	2980
			2460	2979
			2459	2979
			2458	2979
			2457	2979
			2456	2979
			2455	2979
			2454	2979
			2453	2979
			2452	2979
			2451	2979
			2450	2979
			2449	2979
			2448	2979
			2447	2979
			2446	2979
			2445	2979
			2444	2979
			2443	2979
			2442	2979
			2441	2979
			2440	2979
			2439	2979
			2438	2978
			2437	2978
			2436	2978
			2435	2978
			2434	2978
			2433	2978
			2432	2978
			2431	2978
			2430	2978
			2429	2978
			2428	2978
			2427	2978
			2426	2978
			2425	2978
			2424	2978
			2423	2978
			2422	2978
			2421	2978
			2420	2978
			2419	2978
			2418	2978
			2417	2977
			2416	2977
			2415	2977
			2414	2977
			2413	2977
			2412	2977
			2411	2977
			2410	2977
			2409	2977
			2408	2977
			2407	2977
			2406	2977
			2405	2977
			2404	2977
			2403	2977
			2402	2977
			2401	2977
			2400	2977
			2399	2977
			2398	2976
			2397	2976
			2396	2976
			2395	2976
			2394	2976
			2393	2976
			2392	2976
			2391	2976
			2390	2976
			2389	2976
			2388	2976
			2387	2976
			2386	2976
			2385	2976
			2384	2976
			2383	2976
			2382	2976
			2381	2976
			2380	2975
			2379	2975
			2378	2975
			2377	2975
			2376	2975
			2375	2975
			2374	2975
			2373	2975
			2372	2975
			2371	2975
			2370	2975
			2369	2975
			2368	2975
			2367	2975
			2366	2975
			2365	2975
			2364	2974
			2363	2974
			2362	2974
			2361	2974
			2360	2974
			2359	2974
			2358	2974
			2357	2974
			2356	2974
			2355	2974
			2354	2974
			2353	2974
			2352	2974
			2351	2974
			2350	2974
			2349	2974
			2348	2973
			2347	2973
			2346	2973
			2345	2973
			2344	2973
			2343	2973
			2342	2973
			2341	2973
			2340	2973
			2339	2973
			2338	2973
			2337	2973
			2336	2973
			2335	2973
			2334	2973
			2333	2972
			2332	2972
			2331	2972
			2330	2972
			2329	2972
			2328	2972
			2327	2972
			2326	2972
			2325	2972
			2324	2972
			2323	2972
			2322	2972
			2321	2972
			2320	2972
			2319	2972
			2318	2971
			2317	2971
			2316	2971
			2315	2971
			2314	2971
			2313	2971
			2312	2971
			2311	2971
			2310	2971
			2309	2971
			2308	2971
			2307	2971
			2306	2971
			2305	2971
			2304	2970
			2303	2970
			2302	2970
			2301	2970
			2300	2970
			2299	2970
			2298	2970
			2297	2970
			2296	2970
			2295	2970
			2294	2970
			2293	2970
			2292	2970
			2291	2969
			2290	2969
			2289	2969
			2288	2969
			2287	2969
			2286	2969
			2285	2969
			2284	2969
			2283	2969
			2282	2969
			2281	2969
			2280	2969
			2279	2969
			2278	2968
			2277	2968
			2276	2968
			2275	2968
			2274	2968
			2273	2968
			2272	2968
			2271	2968
			2270	2968
			2269	2968
			2268	2968
			2267	2968
			2266	2968
			2265	2967
			2264	2967
			2263	2967
			2262	2967
			2261	2967
			2260	2967
			2259	2967
			2258	2967
			2257	2967
			2256	2967
			2255	2967
			2254	2967
			2253	2966
			2252	2966
			2251	2966
			2250	2966
			2249	2966
			2248	2966
			2247	2966
			2246	2966
			2245	2966
			2244	2966
			2243	2966
			2242	2966
			2241	2965
			2240	2965
			2239	2965
			2238	2965
			2237	2965
			2236	2965
			2235	2965
			2234	2965
			2233	2965
			2232	2965
			2231	2965
			2230	2964
			2229	2964
			2228	2964
			2227	2964
			2226	2964
			2225	2964
			2224	2964
			2223	2964
			2222	2964
			2221	2964
			2220	2964
			2219	2964
			2218	2963
			2217	2963
			2216	2963
			2215	2963
			2214	2963
			2213	2963
			2212	2963
			2211	2963
			2210	2963
			2209	2963
			2208	2963
			2207	2962
			2206	2962
			2205	2962
			2204	2962
			2203	2962
			2202	2962
			2201	2962
			2200	2962
			2199	2962
			2198	2962
			2197	2962
			2196	2961
			2195	2961
			2194	2961
			2193	2961
			2192	2961
			2191	2961
			2190	2961
			2189	2961
			2188	2961
			2187	2961
			2186	2960
			2185	2960
			2184	2960
			2183	2960
			2182	2960
			2181	2960
			2180	2960
			2179	2960
			2178	2960
			2177	2960
			2176	2959
			2175	2959
			2174	2959
			2173	2959
			2172	2959
			2171	2959
			2170	2959
			2169	2959
			2168	2959
			2167	2959
			2166	2959
			2165	2958
			2164	2958
			2163	2958
			2162	2958
			2161	2958
			2160	2958
			2159	2958
			2158	2958
			2157	2958
			2156	2957
			2155	2957
			2154	2957
			2153	2957
			2152	2957
			2151	2957
			2150	2957
			2149	2957
			2148	2957
			2147	2957
			2146	2956
			2145	2956
			2144	2956
			2143	2956
			2142	2956
			2141	2956
			2140	2956
			2139	2956
			2138	2956
			2137	2956
			2136	2955
			2135	2955
			2134	2955
			2133	2955
			2132	2955
			2131	2955
			2130	2955
			2129	2955
			2128	2955
			2127	2955
			2127	2954
			2126	2954
			2125	2954
			2124	2954
			2123	2954
			2122	2954
			2121	2954
			2120	2954
			2119	2954
			2118	2954
			2117	2953
			2116	2953
			2115	2953
			2114	2953
			2113	2953
			2112	2953
			2111	2953
			2110	2953
			2109	2953
			2108	2952
			2107	2952
			2106	2952
			2105	2952
			2104	2952
			2103	2952
			2102	2952
			2101	2952
			2100	2952
			2099	2951
			2098	2951
			2097	2951
			2096	2951
			2095	2951
			2094	2951
			2093	2951
			2092	2951
			2091	2951
			2090	2950
			2089	2950
			2088	2950
			2087	2950
			2086	2950
			2085	2950
			2084	2950
			2083	2950
			2082	2950
			2081	2949
			2080	2949
			2079	2949
			2078	2949
			2077	2949
			2076	2949
			2075	2949
			2074	2949
			2073	2949
			2072	2948
			2071	2948
			2070	2948
			2069	2948
			2068	2948
			2067	2948
			2066	2948
			2065	2948
			2064	2948
			2064	2947
			2063	2947
			2062	2947
			2061	2947
			2060	2947
			2059	2947
			2058	2947
			2057	2947
			2056	2947
			2055	2946
			2054	2946
			2053	2946
			2052	2946
			2051	2946
			2050	2946
			2049	2946
			2048	2946
			2047	2945
			2046	2945
			2045	2945
			2044	2945
			2043	2945
			2042	2945
			2041	2945
			2040	2945
			2039	2944
			2038	2944
			2037	2944
			2036	2944
			2035	2944
			2034	2944
			2033	2944
			2032	2944
			2031	2944
			2030	2943
			2029	2943
			2028	2943
			2027	2943
			2026	2943
			2025	2943
			2024	2943
			2023	2943
			2022	2942
			2021	2942
			2020	2942
			2019	2942
			2018	2942
			2017	2942
			2016	2942
			2015	2942
			2014	2941
			2013	2941
			2012	2941
			2011	2941
			2010	2941
			2009	2941
			2008	2941
			2007	2941
			2006	2940
			2005	2940
			2004	2940
			2003	2940
			2002	2940
			2001	2940
			2000	2940
			1999	2940
			1998	2939
			1997	2939
			1996	2939
			1995	2939
			1994	2939
			1993	2939
			1992	2939
			1991	2938
			1990	2938
			1989	2938
			1988	2938
			1987	2938
			1986	2938
			1985	2938
			1984	2938
			1983	2937
			1982	2937
			1981	2937
			1980	2937
			1979	2937
			1978	2937
			1977	2937
			1976	2937
			1975	2936
			1974	2936
			1973	2936
			1972	2936
			1971	2936
			1970	2936
			1969	2936
			1968	2935
			1967	2935
			1966	2935
			1965	2935
			1964	2935
			1963	2935
			1962	2935
			1961	2935
			1960	2934
			1959	2934
			1958	2934
			1957	2934
			1956	2934
			1955	2934
			1954	2934
			1953	2933
			1952	2933
			1951	2933
			1950	2933
			1949	2933
			1948	2933
			1947	2933
			1946	2932
			1945	2932
			1944	2932
			1943	2932
			1942	2932
			1941	2932
			1940	2932
			1939	2932
			1938	2931
			1937	2931
			1936	2931
			1935	2931
			1934	2931
			1933	2931
			1932	2931
			1931	2930
			1930	2930
			1929	2930
			1928	2930
			1927	2930
			1926	2929
			1925	2929
			1924	2929
			1923	2929
			1922	2928
			1921	2928
			1920	2928
			1919	2927
			1918	2927
			1917	2927
			1916	2926
			1915	2926
			1914	2926
			1913	2925
			1912	2925
			1911	2925
			1910	2924
			1909	2924
			1908	2924
			1907	2923
			1906	2923
			1905	2923
			1904	2922
			1903	2922
			1902	2922
			1901	2921
			1900	2921
			1899	2921
			1898	2920
			1897	2920
			1896	2920
			1895	2919
			1894	2919
			1893	2919
			1892	2918
			1891	2918
			1890	2918
			1889	2917
			1888	2917
			1887	2917
			1886	2916
			1885	2916
			1884	2916
			1883	2915
			1882	2915
			1881	2915
			1880	2914
			1879	2914
			1878	2914
			1877	2913
			1876	2913
			1875	2913
			1874	2912
			1873	2912
			1872	2911
			1871	2911
			1870	2911
			1869	2910
			1868	2910
			1867	2910
			1866	2909
			1865	2909
			1864	2909
			1863	2908
			1862	2908
			1861	2908
			1860	2907
			1859	2907
			1858	2907
			1857	2906
			1856	2906
			1855	2906
			1854	2905
			1853	2905
			1852	2905
			1851	2904
			1850	2904
			1849	2903
			1848	2903
			1847	2903
			1846	2902
			1845	2902
			1844	2902
			1843	2901
			1842	2901
			1841	2901
			1840	2900
			1839	2900
			1838	2900
			1837	2899
			1836	2899
			1835	2898
			1834	2898
			1833	2898
			1832	2897
			1831	2897
			1830	2896
			1829	2896
			1828	2896
			1827	2896
			1827	2895
			1826	2895
			1825	2895
			1825	2894
			1824	2894
			1823	2894
			1822	2893
			1821	2893
			1820	2893
			1819	2892
			1818	2892
			1817	2892
			1816	2891
			1815	2891
			1814	2890
			1813	2890
			1812	2890
			1811	2889
			1810	2889
			1809	2888
			1808	2888
			1807	2888
			1806	2887
			1805	2887
			1804	2886
			1803	2886
			1802	2886
			1801	2885
			1800	2885
			1799	2885
			1798	2884
			1797	2884
			1796	2883
			1795	2883
			1794	2883
			1793	2882
			1792	2882
			1791	2881
			1790	2881
			1789	2881
			1788	2880
			1787	2880
			1786	2879
			1785	2879
			1784	2879
			1783	2878
			1782	2878
			1781	2877
			1780	2877
			1779	2876
			1778	2876
			1777	2876
			1776	2875
			1775	2875
			1774	2874
			1773	2874
			1772	2874
			1771	2873
			1770	2873
			1769	2872
			1768	2872
			1767	2871
			1766	2871
			1765	2871
			1764	2870
			1763	2870
			1762	2869
			1761	2869
			1760	2868
			1759	2868
			1758	2868
			1757	2867
			1756	2867
			1755	2866
			1754	2866
			1753	2865
			1752	2865
			1751	2865
			1750	2864
			1749	2864
			1748	2863
			1747	2863
			1746	2862
			1745	2862
			1744	2862
			1743	2861
			1742	2861
			1741	2860
			1740	2860
			1739	2859
			1738	2859
			1737	2859
			1736	2858
			1735	2858
			1734	2857
			1733	2856
			1732	2856
			1731	2856
			1730	2856
			1730	2855
			1729	2855
			1728	2855
			1728	2854
			1727	2854
			1726	2854
			1726	2853
			1725	2853
			1724	2853
			1724	2852
			1723	2852
			1722	2852
			1722	2851
			1721	2851
			1720	2851
			1719	2850
			1718	2850
			1717	2849
			1716	2849
			1715	2848
			1714	2848
			1713	2848
			1713	2847
			1712	2847
			1711	2847
			1710	2846
			1709	2846
			1709	2845
			1708	2845
			1707	2845
			1706	2844
			1705	2844
			1704	2843
			1703	2843
			1702	2842
			1701	2842
			1700	2841
			1699	2841
			1698	2840
			1697	2840
			1696	2839
			1695	2839
			1694	2838
			1693	2838
			1692	2838
			1691	2837
			1690	2837
			1689	2836
			1688	2836
			1687	2835
			1686	2835
			1685	2834
			1684	2834
			1683	2833
			1682	2832
			1681	2832
			1680	2832
			1680	2831
			1679	2831
			1678	2831
			1677	2830
			1676	2830
			1675	2829
			1674	2828
			1673	2828
			1672	2828
			1671	2827
			1670	2826
			1669	2826
			1668	2825
			1667	2825
			1666	2824
			1665	2824
			1664	2823
			1663	2823
			1662	2822
			1661	2822
			1660	2821
			1659	2821
			1658	2820
			1657	2820
			1656	2819
			1655	2819
			1654	2818
			1653	2818
			1652	2817
			1651	2817
			1650	2816
			1649	2816
			1648	2815
			1647	2815
			1646	2814
			1645	2813
			1644	2813
			1643	2812
			1642	2812
			1641	2811
			1640	2811
			1639	2810
			1638	2810
			1637	2809
			1636	2809
			1636	2808
			1635	2808
			1634	2807
			1633	2807
			1632	2807
			1632	2806
			1631	2806
			1630	2805
			1629	2805
			1628	2804
			1627	2804
			1627	2803
			1626	2803
			1625	2802
			1624	2802
			1623	2802
			1623	2801
			1622	2801
			1621	2800
			1620	2800
			1619	2799
			1618	2798
			1617	2798
			1616	2797
			1615	2797
			1614	2796
			1613	2796
			1612	2795
			1611	2794
			1610	2794
			1609	2793
			1608	2793
			1607	2792
			1606	2792
			1605	2791
			1604	2791
			1603	2790
			1602	2789
			1601	2789
			1600	2788
			1599	2787
			1598	2787
			1597	2786
			1596	2786
			1595	2785
			1594	2785
			1593	2784
			1592	2783
			1591	2783
			1590	2782
			1589	2781
			1588	2781
			1587	2780
			1586	2780
			1585	2779
			1584	2778
			1583	2778
			1582	2777
			1581	2777
			1580	2776
			1579	2776
			1578	2775
			1577	2774
			1576	2774
			1575	2773
			1574	2773
			1573	2772
			1572	2771
			1571	2771
			1571	2770
			1570	2770
			1569	2769
			1568	2768
			1567	2768
			1566	2767
			1565	2767
			1564	2766
			1563	2765
			1562	2765
			1561	2764
			1560	2764
			1559	2763
			1558	2762
			1557	2762
			1556	2761
			1555	2760
			1554	2760
			1554	2759
			1553	2759
			1552	2758
			1551	2757
			1550	2757
			1549	2756
			1548	2756
			1547	2755
			1546	2754
			1545	2754
			1544	2753
			1543	2752
			1542	2752
			1541	2751
			1540	2750
			1539	2750
			1538	2749
			1537	2748
			1536	2747
			1535	2747
			1534	2746
			1533	2746
			1532	2745
			1531	2744
			1530	2743
			1529	2743
			1528	2742
			1527	2741
			1526	2741
			1525	2740
			1524	2740
			1523	2739
			1522	2738
			1521	2737
			1520	2736
			1519	2736
			1519	2735
			1518	2735
			1517	2735
			1517	2734
			1516	2734
			1515	2733
			1514	2732
			1513	2731
			1512	2731
			1511	2730
			1510	2729
			1509	2729
			1509	2728
			1508	2728
			1507	2727
			1506	2727
			1505	2726
			1505	2725
			1504	2725
			1503	2724
			1502	2724
			1501	2723
			1500	2722
			1499	2721
			1498	2721
			1497	2720
			1496	2719
			1495	2718
			1494	2718
			1493	2717
			1492	2716
			1491	2716
			1491	2715
			1490	2714
			1489	2714
			1488	2713
			1487	2713
			1487	2712
			1486	2712
			1485	2711
			1485	2710
			1484	2710
			1483	2709
			1482	2709
			1481	2708
			1481	2707
			1480	2707
			1479	2706
			1478	2706
			1477	2705
			1477	2704
			1476	2704
			1475	2703
			1474	2703
			1473	2702
			1473	2701
			1472	2701
			1471	2700
			1470	2700
			1469	2699
			1469	2698
			1468	2698
			1467	2697
			1466	2697
			1466	2696
			1465	2695
			1464	2695
			1463	2694
			1462	2694
			1462	2693
			1461	2692
			1460	2692
			1459	2691
			1458	2690
			1457	2689
			1456	2689
			1455	2688
			1454	2687
			1453	2687
			1452	2686
			1451	2685
			1450	2685
			1450	2684
			1449	2683
			1448	2682
			1447	2682
			1446	2681
			1445	2680
			1444	2680
			1443	2679
			1442	2678
			1441	2678
			1441	2677
			1440	2676
			1439	2676
			1438	2675
			1437	2674
			1436	2674
			1435	2673
			1434	2672
			1433	2672
			1433	2671
			1432	2670
			1431	2670
			1430	2669
			1429	2668
			1428	2668
			1427	2667
			1426	2666
			1425	2665
			1424	2664
			1423	2663
			1422	2663
			1421	2662
			1420	2661
			1419	2660
			1418	2660
			1417	2659
			1416	2658
			1415	2657
			1414	2657
			1413	2656
			1412	2655
			1411	2654
			1410	2653
			1409	2653
			1408	2652
			1407	2651
			1406	2650
			1405	2650
			1404	2649
			1403	2648
			1402	2647
			1401	2647
			1400	2646
			1399	2645
			1398	2644
			1397	2644
			1396	2643
			1395	2642
			1394	2642
			1393	2641
			1392	2640
			1391	2639
			1390	2639
			1389	2638
			1388	2637
			1387	2637
			1386	2636
			1385	2635
			1385	2634
			1384	2634
			1383	2633
			1382	2632
			1381	2632
			1380	2631
			1379	2630
			1378	2629
			1377	2629
			1376	2628
			1375	2627
			1374	2627
			1374	2626
			1373	2625
			1372	2625
			1371	2624
			1370	2623
			1369	2623
			1368	2622
			1367	2621
			1366	2621
			1366	2620
			1365	2619
			1364	2619
			1363	2618
			1362	2617
			1361	2617
			1360	2616
			1359	2615
			1358	2614
			1357	2613
			1356	2612
			1355	2612
			1354	2611
			1353	2610
			1353	2609
			1352	2608
			1351	2608
			1351	2607
			1350	2606
			1350	2605
			1349	2605
			1349	2604
			1348	2603
			1348	2602
			1347	2602
			1347	2601
			1346	2600
			1345	2599
			1344	2598
			1343	2597
			1343	2596
			1342	2595
			1341	2594
			1341	2593
			1340	2592
			1339	2591
			1339	2590
			1338	2590
			1338	2589
			1337	2588
			1336	2587
			1336	2586
			1335	2585
			1334	2584
			1333	2583
			1332	2582
			1332	2581
			1331	2580
			1330	2579
			1329	2578
			1329	2577
			1328	2576
			1327	2575
			1326	2574
			1326	2573
			1325	2572
			1324	2571
			1323	2570
			1323	2569
			1322	2568
			1321	2567
			1321	2566
			1320	2565
			1319	2564
			1318	2563
			1318	2562
			1317	2561
			1316	2560
			1315	2559
			1315	2558
			1314	2557
			1313	2556
			1313	2555
			1312	2554
			1311	2553
			1311	2552
			1310	2551
			1309	2550
			1308	2549
			1308	2548
			1307	2548
			1306	2547
			1306	2546
			1305	2545
			1304	2544
			1304	2543
			1303	2542
			1302	2541
			1301	2540
			1301	2539
			1300	2538
			1299	2537
			1299	2536
			1298	2535
			1297	2535
			1297	2534
			1296	2533
			1295	2532
			1295	2531
			1294	2530
			1293	2529
			1293	2528
			1292	2527
			1291	2526
			1290	2525
			1289	2524
			1289	2523
			1288	2522
			1287	2521
			1286	2520
			1286	2519
			1285	2518
			1284	2517
			1283	2516
			1283	2515
			1282	2514
			1282	2513
			1281	2513
			1280	2512
			1280	2511
			1279	2510
			1278	2509
			1278	2508
			1277	2507
			1276	2506
			1276	2505
			1275	2505
			1274	2504
			1274	2503
			1273	2502
			1273	2501
			1272	2500
			1271	2499
			1270	2498
			1269	2497
			1268	2496
			1268	2495
			1267	2494
			1266	2493
			1265	2492
			1265	2491
		</ventral_body>
		<operculum type=matrix rownames=FALSE colnames=FALSE nrow=336 ncol=2 as.numeric=TRUE >
			2576	2556
			2575	2555
			2575	2554
			2574	2553
			2573	2553
			2572	2552
			2572	2551
			2571	2550
			2570	2549
			2569	2548
			2569	2547
			2568	2546
			2567	2546
			2566	2545
			2566	2544
			2565	2543
			2564	2542
			2564	2541
			2563	2540
			2562	2539
			2561	2539
			2561	2538
			2560	2537
			2559	2536
			2558	2535
			2558	2534
			2557	2533
			2556	2532
			2556	2531
			2555	2531
			2554	2530
			2554	2529
			2553	2528
			2552	2527
			2551	2526
			2551	2525
			2550	2524
			2549	2523
			2548	2522
			2547	2521
			2547	2520
			2546	2519
			2545	2518
			2544	2517
			2544	2516
			2543	2515
			2542	2514
			2542	2513
			2541	2513
			2541	2512
			2540	2511
			2539	2510
			2539	2509
			2538	2509
			2538	2508
			2537	2507
			2536	2506
			2536	2505
			2535	2505
			2535	2504
			2534	2503
			2534	2502
			2533	2501
			2532	2501
			2532	2500
			2531	2499
			2531	2498
			2530	2497
			2529	2496
			2528	2495
			2528	2494
			2527	2493
			2526	2492
			2526	2491
			2525	2490
			2524	2489
			2524	2488
			2523	2487
			2522	2486
			2522	2485
			2521	2484
			2520	2483
			2520	2482
			2519	2481
			2518	2480
			2518	2479
			2517	2478
			2516	2477
			2516	2476
			2515	2475
			2514	2474
			2514	2473
			2513	2472
			2512	2471
			2512	2470
			2511	2469
			2510	2468
			2510	2467
			2509	2466
			2508	2465
			2508	2464
			2507	2463
			2507	2462
			2506	2461
			2505	2460
			2505	2459
			2504	2458
			2503	2457
			2503	2456
			2502	2455
			2502	2454
			2501	2453
			2500	2452
			2500	2451
			2499	2450
			2499	2449
			2498	2448
			2497	2447
			2497	2446
			2496	2445
			2496	2444
			2495	2443
			2495	2442
			2494	2441
			2494	2440
			2493	2440
			2493	2439
			2492	2438
			2492	2437
			2491	2436
			2491	2435
			2490	2434
			2490	2433
			2489	2432
			2489	2431
			2488	2430
			2488	2429
			2487	2429
			2487	2428
			2486	2427
			2485	2426
			2485	2425
			2484	2424
			2484	2423
			2483	2422
			2483	2421
			2482	2420
			2482	2419
			2481	2418
			2481	2417
			2480	2416
			2479	2415
			2479	2414
			2479	2413
			2478	2412
			2478	2411
			2477	2411
			2477	2410
			2477	2409
			2476	2409
			2476	2408
			2476	2407
			2475	2407
			2475	2406
			2475	2405
			2474	2405
			2474	2404
			2474	2403
			2473	2403
			2473	2402
			2473	2401
			2472	2401
			2472	2400
			2471	2399
			2471	2398
			2470	2397
			2470	2396
			2470	2395
			2469	2395
			2469	2394
			2468	2393
			2468	2392
			2467	2391
			2467	2390
			2466	2389
			2466	2388
			2465	2387
			2465	2386
			2464	2385
			2464	2384
			2464	2383
			2464	2382
			2464	2381
			2464	2380
			2464	2379
			2464	2378
			2464	2377
			2464	2376
			2464	2375
			2464	2374
			2464	2373
			2464	2372
			2464	2371
			2464	2370
			2464	2369
			2464	2368
			2464	2367
			2464	2366
			2464	2365
			2464	2364
			2464	2363
			2464	2362
			2464	2361
			2465	2360
			2465	2359
			2465	2358
			2465	2357
			2465	2356
			2465	2355
			2465	2354
			2465	2353
			2465	2352
			2465	2351
			2466	2350
			2466	2349
			2466	2348
			2466	2347
			2466	2346
			2466	2345
			2466	2344
			2467	2343
			2467	2342
			2467	2341
			2467	2340
			2467	2339
			2467	2338
			2468	2337
			2468	2336
			2468	2335
			2468	2334
			2468	2333
			2469	2332
			2469	2331
			2469	2330
			2469	2329
			2470	2328
			2470	2327
			2470	2326
			2470	2325
			2470	2324
			2471	2324
			2471	2323
			2471	2322
			2471	2321
			2471	2320
			2472	2320
			2472	2319
			2472	2318
			2472	2317
			2472	2316
			2473	2316
			2473	2315
			2473	2314
			2473	2313
			2474	2312
			2474	2311
			2475	2310
			2475	2309
			2475	2308
			2475	2307
			2476	2306
			2476	2305
			2476	2304
			2477	2303
			2477	2302
			2478	2301
			2478	2300
			2478	2299
			2479	2299
			2479	2298
			2479	2297
			2480	2297
			2480	2296
			2480	2295
			2481	2294
			2481	2293
			2482	2292
			2482	2291
			2482	2290
			2483	2290
			2483	2289
			2483	2288
			2484	2287
			2484	2286
			2485	2285
			2485	2284
			2486	2283
			2486	2282
			2487	2281
			2487	2280
			2488	2279
			2489	2278
			2489	2277
			2490	2276
			2490	2275
			2491	2274
			2491	2273
			2492	2272
			2492	2271
			2493	2270
			2494	2269
			2494	2268
			2495	2267
			2495	2266
			2496	2265
			2497	2264
			2497	2263
			2498	2263
			2498	2262
			2499	2261
			2500	2260
			2500	2259
			2501	2258
			2501	2257
			2502	2256
			2503	2255
			2504	2254
			2505	2253
			2506	2252
			2506	2251
			2507	2250
			2508	2249
			2508	2248
			2509	2248
			2509	2247
			2510	2246
		</operculum>
	</curves.pixel>
</shapes>

