<shapes type=list>
	<scaling type=logical names=FALSE length=1 as.numeric=FALSE >NA</scaling>
	<landmarks.pixel type=matrix rownames=TRUE colnames=FALSE nrow=17 ncol=2 as.numeric=TRUE >
		pectoral_dors	1644	2727
		pectoral_vent	1922	2914
		premax_post	789	2940
		eye_ant	992	1963
		eye_post	1513	1862
		upper_jaw	653	2945
		dorsal_ant	3566	1710
		dorsal_post	3845	1923
		caud_pedunc_dors	4573	2130
		caud_scale_dors	4973	2064
		caud_scale_vent	5059	2363
		caud_pedunc_vent	4619	2464
		anal_post	4209	2570
		anal_ant	3971	2753
		lower_jaw	713	3001
		operc_vent	1624	2844
		oper_dor	1659	2307
	</landmarks.pixel>
	<curves.control type=list>
		<head type=matrix rownames=FALSE colnames=FALSE nrow=29 ncol=2 as.numeric=TRUE >
			653	2945
			658	2844
			683	2768
			703	2727
			713	2672
			825	2575
			921	2363
			936	2150
			981	2029
			971	1923
			916	1862
			814	1806
			668	1761
			683	1725
			835	1725
			946	1720
			1103	1655
			1320	1594
			1396	1574
			1639	1422
			2175	1214
			2499	1194
			2914	1280
			3015	1275
			3096	1371
			3263	1457
			3470	1589
			3566	1655
			3566	1710
		</head>
		<dorsal type=matrix rownames=FALSE colnames=FALSE nrow=3 ncol=2 as.numeric=TRUE >
			3566	1710
			3698	1822
			3845	1923
		</dorsal>
		<caudal_dors_ant type=matrix rownames=FALSE colnames=FALSE nrow=11 ncol=2 as.numeric=TRUE >
			3845	1923
			3991	2004
			4123	2039
			4270	2034
			4442	2024
			4361	2044
			4280	2075
			4234	2095
			4315	2115
			4426	2125
			4573	2130
		</caudal_dors_ant>
		<caud_dors_post type=matrix rownames=FALSE colnames=FALSE nrow=3 ncol=2 as.numeric=TRUE >
			4573	2130
			4760	2100
			4973	2064
		</caud_dors_post>
		<caud_vent_post type=matrix rownames=FALSE colnames=FALSE nrow=3 ncol=2 as.numeric=TRUE >
			5059	2363
			4831	2424
			4619	2464
		</caud_vent_post>
		<caudal_vent_ant type=matrix rownames=FALSE colnames=FALSE nrow=5 ncol=2 as.numeric=TRUE >
			4619	2464
			4437	2484
			4285	2489
			4249	2545
			4209	2570
		</caudal_vent_ant>
		<anal type=matrix rownames=FALSE colnames=FALSE nrow=3 ncol=2 as.numeric=TRUE >
			4209	2570
			4098	2641
			3971	2753
		</anal>
		<ventral_body type=matrix rownames=FALSE colnames=FALSE nrow=21 ncol=2 as.numeric=TRUE >
			3971	2753
			3850	2849
			3738	2920
			3668	2955
			3728	2975
			3915	2990
			4027	3006
			3895	3036
			3728	3026
			3617	3046
			3379	3092
			3136	3142
			2889	3198
			2509	3248
			2211	3269
			1831	3269
			1497	3213
			1118	3122
			895	3081
			789	3051
			713	3001
		</ventral_body>
		<operculum type=matrix rownames=FALSE colnames=FALSE nrow=5 ncol=2 as.numeric=TRUE >
			1624	2844
			1583	2763
			1614	2631
			1649	2439
			1659	2307
		</operculum>
	</curves.control>
	<curves.pixel type=list>
		<head type=matrix rownames=FALSE colnames=FALSE nrow=4408 ncol=2 as.numeric=TRUE >
			653	2945
			653	2944
			653	2943
			653	2942
			653	2941
			653	2940
			653	2939
			653	2938
			653	2937
			653	2936
			654	2935
			654	2934
			654	2933
			654	2932
			654	2931
			654	2930
			654	2929
			654	2928
			654	2927
			654	2926
			654	2925
			654	2924
			654	2923
			654	2922
			654	2921
			655	2920
			655	2919
			655	2918
			655	2917
			655	2916
			655	2915
			655	2914
			655	2913
			655	2912
			655	2911
			655	2910
			655	2909
			656	2908
			656	2907
			656	2906
			656	2905
			656	2904
			656	2903
			656	2902
			656	2901
			656	2900
			656	2899
			657	2898
			657	2897
			657	2896
			657	2895
			657	2894
			657	2893
			657	2892
			657	2891
			657	2890
			658	2889
			658	2888
			658	2887
			658	2886
			658	2885
			658	2884
			658	2883
			658	2882
			658	2881
			659	2880
			659	2879
			659	2878
			659	2877
			659	2876
			659	2875
			659	2874
			659	2873
			660	2873
			660	2872
			660	2871
			660	2870
			660	2869
			660	2868
			660	2867
			660	2866
			661	2866
			661	2865
			661	2864
			661	2863
			661	2862
			661	2861
			661	2860
			662	2859
			662	2858
			662	2857
			662	2856
			662	2855
			662	2854
			663	2853
			663	2852
			663	2851
			663	2850
			663	2849
			663	2848
			664	2847
			664	2846
			664	2845
			664	2844
			664	2843
			664	2842
			665	2841
			665	2840
			665	2839
			665	2838
			665	2837
			666	2836
			666	2835
			666	2834
			666	2833
			666	2832
			667	2831
			667	2830
			667	2829
			667	2828
			667	2827
			668	2826
			668	2825
			668	2824
			668	2823
			668	2822
			669	2821
			669	2820
			669	2819
			669	2818
			670	2817
			670	2816
			670	2815
			670	2814
			671	2813
			671	2812
			671	2811
			671	2810
			671	2809
			672	2808
			672	2807
			672	2806
			672	2805
			673	2804
			673	2803
			673	2802
			673	2801
			674	2800
			674	2799
			674	2798
			674	2797
			675	2796
			675	2795
			675	2794
			676	2793
			676	2792
			676	2791
			676	2790
			677	2789
			677	2788
			677	2787
			677	2786
			678	2785
			678	2784
			678	2783
			679	2782
			679	2781
			679	2780
			679	2779
			680	2779
			680	2778
			680	2777
			680	2776
			681	2775
			681	2774
			681	2773
			682	2772
			682	2771
			682	2770
			683	2769
			683	2768
			683	2767
			684	2766
			684	2765
			685	2764
			685	2763
			686	2762
			686	2761
			687	2760
			687	2759
			688	2758
			688	2757
			689	2756
			689	2755
			689	2754
			690	2753
			690	2752
			691	2751
			691	2750
			691	2749
			692	2748
			692	2747
			693	2746
			693	2745
			693	2744
			694	2743
			694	2742
			695	2741
			695	2740
			695	2739
			696	2738
			696	2737
			696	2736
			697	2735
			697	2734
			697	2733
			698	2732
			698	2731
			698	2730
			699	2729
			699	2728
			699	2727
			700	2726
			700	2725
			700	2724
			701	2723
			701	2722
			701	2721
			702	2720
			702	2719
			702	2718
			702	2717
			703	2716
			703	2715
			703	2714
			704	2713
			704	2712
			704	2711
			704	2710
			705	2709
			705	2708
			705	2707
			706	2706
			706	2705
			706	2704
			706	2703
			707	2702
			707	2701
			707	2700
			707	2699
			708	2698
			708	2697
			708	2696
			708	2695
			709	2694
			709	2693
			709	2692
			709	2691
			709	2690
			710	2689
			710	2688
			710	2687
			710	2686
			710	2685
			711	2684
			711	2683
			711	2682
			711	2681
			711	2680
			712	2679
			712	2678
			712	2677
			712	2676
			713	2675
			713	2674
			713	2673
			713	2672
			714	2671
			715	2670
			716	2669
			717	2669
			718	2668
			719	2667
			719	2666
			720	2665
			721	2665
			722	2664
			723	2663
			724	2662
			725	2662
			726	2661
			726	2660
			727	2659
			728	2658
			729	2657
			730	2657
			731	2656
			732	2655
			732	2654
			733	2653
			734	2652
			735	2652
			736	2651
			737	2650
			738	2649
			739	2648
			739	2647
			740	2646
			741	2646
			742	2645
			743	2644
			744	2643
			745	2642
			745	2641
			746	2640
			747	2639
			748	2639
			749	2638
			750	2637
			751	2636
			751	2635
			752	2634
			753	2633
			754	2632
			755	2631
			756	2630
			756	2629
			757	2628
			758	2627
			759	2627
			760	2626
			761	2625
			762	2624
			762	2623
			763	2622
			764	2621
			765	2620
			766	2619
			767	2618
			767	2617
			768	2616
			769	2615
			770	2614
			771	2613
			772	2612
			773	2611
			773	2610
			774	2609
			775	2608
			776	2607
			777	2606
			778	2605
			778	2604
			779	2603
			780	2602
			781	2601
			782	2600
			783	2599
			783	2598
			784	2597
			785	2596
			786	2595
			786	2594
			787	2593
			788	2592
			789	2591
			789	2590
			790	2589
			791	2588
			792	2587
			793	2586
			793	2585
			794	2584
			795	2583
			795	2582
			796	2581
			797	2580
			798	2579
			798	2578
			799	2577
			800	2576
			800	2575
			801	2574
			802	2574
			803	2573
			803	2572
			804	2571
			805	2570
			805	2569
			806	2568
			807	2567
			808	2566
			808	2565
			809	2564
			810	2563
			810	2562
			811	2561
			812	2560
			812	2559
			813	2558
			814	2557
			815	2556
			815	2555
			816	2554
			817	2553
			817	2552
			818	2551
			818	2550
			819	2550
			819	2549
			820	2548
			820	2547
			821	2546
			822	2545
			823	2544
			823	2543
			824	2542
			825	2541
			825	2540
			826	2539
			826	2538
			827	2537
			828	2536
			828	2535
			829	2534
			830	2533
			831	2532
			831	2531
			832	2530
			832	2529
			833	2528
			834	2527
			834	2526
			835	2525
			835	2524
			836	2524
			836	2523
			837	2522
			837	2521
			838	2520
			838	2519
			839	2519
			839	2518
			840	2517
			840	2516
			841	2515
			842	2514
			843	2513
			843	2512
			844	2511
			844	2510
			845	2509
			846	2508
			846	2507
			847	2506
			847	2505
			848	2504
			849	2503
			849	2502
			850	2501
			850	2500
			851	2499
			851	2498
			852	2497
			853	2496
			853	2495
			854	2494
			854	2493
			855	2493
			855	2492
			856	2491
			856	2490
			857	2489
			857	2488
			858	2487
			858	2486
			859	2485
			859	2484
			860	2483
			861	2482
			861	2481
			862	2481
			862	2480
			863	2479
			863	2478
			864	2477
			864	2476
			865	2475
			865	2474
			866	2473
			866	2472
			867	2471
			867	2470
			868	2469
			868	2468
			869	2467
			869	2466
			870	2466
			871	2465
			871	2464
			872	2463
			872	2462
			873	2461
			873	2460
			874	2459
			874	2458
			875	2457
			875	2456
			876	2455
			876	2454
			877	2453
			877	2452
			878	2451
			878	2450
			879	2449
			879	2448
			880	2447
			880	2446
			881	2445
			881	2444
			882	2443
			882	2442
			883	2441
			883	2440
			884	2439
			885	2438
			885	2437
			886	2436
			886	2435
			887	2434
			887	2433
			888	2432
			888	2431
			889	2430
			889	2429
			890	2428
			890	2427
			891	2426
			891	2425
			892	2424
			892	2423
			893	2422
			893	2421
			894	2420
			894	2419
			895	2418
			895	2417
			896	2416
			896	2415
			897	2414
			897	2413
			898	2412
			898	2411
			899	2410
			899	2409
			900	2408
			900	2407
			901	2406
			901	2405
			902	2404
			902	2403
			903	2402
			903	2401
			904	2400
			904	2399
			905	2398
			905	2397
			905	2396
			906	2396
			906	2395
			907	2394
			907	2393
			908	2392
			908	2391
			908	2390
			909	2389
			909	2388
			910	2387
			910	2386
			911	2385
			911	2384
			912	2384
			912	2383
			912	2382
			913	2381
			913	2380
			914	2379
			914	2378
			915	2377
			915	2376
			915	2375
			916	2374
			916	2373
			917	2372
			917	2371
			918	2370
			918	2369
			919	2368
			919	2367
			920	2366
			920	2365
			921	2364
			921	2363
			921	2362
			921	2361
			921	2360
			921	2359
			921	2358
			921	2357
			922	2356
			922	2355
			922	2354
			922	2353
			922	2352
			922	2351
			922	2350
			922	2349
			922	2348
			922	2347
			922	2346
			922	2345
			922	2344
			922	2343
			923	2342
			923	2341
			923	2340
			923	2339
			923	2338
			923	2337
			923	2336
			923	2335
			923	2334
			923	2333
			923	2332
			923	2331
			924	2330
			924	2329
			924	2328
			924	2327
			924	2326
			924	2325
			924	2324
			924	2323
			924	2322
			924	2321
			924	2320
			925	2319
			925	2318
			925	2317
			925	2316
			925	2315
			925	2314
			925	2313
			925	2312
			925	2311
			925	2310
			925	2309
			926	2308
			926	2307
			926	2306
			926	2305
			926	2304
			926	2303
			926	2302
			926	2301
			926	2300
			926	2299
			926	2298
			927	2297
			927	2296
			927	2295
			927	2294
			927	2293
			927	2292
			927	2291
			927	2290
			927	2289
			928	2288
			928	2287
			928	2286
			928	2285
			928	2284
			928	2283
			928	2282
			928	2281
			928	2280
			928	2279
			929	2278
			929	2277
			929	2276
			929	2275
			929	2274
			929	2273
			929	2272
			929	2271
			929	2270
			930	2269
			930	2268
			930	2267
			930	2266
			930	2265
			930	2264
			930	2263
			930	2262
			930	2261
			931	2261
			931	2260
			931	2259
			931	2258
			931	2257
			931	2256
			931	2255
			931	2254
			932	2253
			932	2252
			932	2251
			932	2250
			932	2249
			932	2248
			932	2247
			932	2246
			932	2245
			933	2245
			933	2244
			933	2243
			933	2242
			933	2241
			933	2240
			933	2239
			933	2238
			934	2237
			934	2236
			934	2235
			934	2234
			934	2233
			934	2232
			934	2231
			935	2230
			935	2229
			935	2228
			935	2227
			935	2226
			935	2225
			935	2224
			935	2223
			936	2222
			936	2221
			936	2220
			936	2219
			936	2218
			936	2217
			936	2216
			937	2215
			937	2214
			937	2213
			937	2212
			937	2211
			937	2210
			938	2209
			938	2208
			938	2207
			938	2206
			938	2205
			938	2204
			938	2203
			939	2203
			939	2202
			939	2201
			939	2200
			939	2199
			939	2198
			939	2197
			940	2196
			940	2195
			940	2194
			940	2193
			940	2192
			940	2191
			940	2190
			941	2189
			941	2188
			941	2187
			941	2186
			941	2185
			942	2184
			942	2183
			942	2182
			942	2181
			942	2180
			942	2179
			943	2179
			943	2178
			943	2177
			943	2176
			943	2175
			943	2174
			944	2173
			944	2172
			944	2171
			944	2170
			944	2169
			944	2168
			945	2167
			945	2166
			945	2165
			945	2164
			945	2163
			945	2162
			946	2162
			946	2161
			946	2160
			946	2159
			946	2158
			947	2157
			947	2156
			947	2155
			947	2154
			947	2153
			947	2152
			948	2151
			948	2150
			948	2149
			948	2148
			948	2147
			949	2146
			949	2145
			949	2144
			949	2143
			950	2142
			950	2141
			950	2140
			950	2139
			950	2138
			951	2137
			951	2136
			951	2135
			951	2134
			951	2133
			952	2132
			952	2131
			952	2130
			952	2129
			952	2128
			953	2127
			953	2126
			953	2125
			953	2124
			954	2123
			954	2122
			954	2121
			954	2120
			955	2119
			955	2118
			955	2117
			955	2116
			955	2115
			956	2115
			956	2114
			956	2113
			956	2112
			956	2111
			957	2110
			957	2109
			957	2108
			957	2107
			958	2106
			958	2105
			958	2104
			958	2103
			959	2102
			959	2101
			959	2100
			959	2099
			960	2098
			960	2097
			960	2096
			960	2095
			961	2094
			961	2093
			961	2092
			962	2091
			962	2090
			962	2089
			962	2088
			963	2087
			963	2086
			963	2085
			963	2084
			964	2084
			964	2083
			964	2082
			964	2081
			965	2080
			965	2079
			965	2078
			965	2077
			966	2076
			966	2075
			966	2074
			967	2073
			967	2072
			967	2071
			967	2070
			968	2069
			968	2068
			968	2067
			969	2066
			969	2065
			969	2064
			970	2063
			970	2062
			970	2061
			970	2060
			971	2059
			971	2058
			971	2057
			972	2057
			972	2056
			972	2055
			972	2054
			973	2053
			973	2052
			973	2051
			973	2050
			974	2050
			974	2049
			974	2048
			975	2047
			975	2046
			975	2045
			976	2044
			976	2043
			976	2042
			977	2041
			977	2040
			977	2039
			978	2038
			978	2037
			979	2036
			979	2035
			979	2034
			980	2033
			980	2032
			980	2031
			981	2030
			981	2029
			981	2028
			981	2027
			981	2026
			981	2025
			980	2024
			980	2023
			980	2022
			980	2021
			980	2020
			980	2019
			980	2018
			980	2017
			980	2016
			979	2015
			979	2014
			979	2013
			979	2012
			979	2011
			979	2010
			979	2009
			978	2008
			978	2007
			978	2006
			978	2005
			978	2004
			978	2003
			978	2002
			977	2001
			977	2000
			977	1999
			977	1998
			977	1997
			977	1996
			976	1995
			976	1994
			976	1993
			976	1992
			976	1991
			975	1990
			975	1989
			975	1988
			975	1987
			975	1986
			974	1985
			974	1984
			974	1983
			974	1982
			974	1981
			973	1980
			973	1979
			973	1978
			973	1977
			973	1976
			972	1975
			972	1974
			972	1973
			972	1972
			971	1971
			971	1970
			971	1969
			970	1968
			970	1967
			970	1966
			970	1965
			969	1964
			969	1963
			969	1962
			969	1961
			968	1960
			968	1959
			968	1958
			968	1957
			967	1956
			967	1955
			967	1954
			966	1953
			966	1952
			966	1951
			966	1950
			965	1950
			965	1949
			965	1948
			964	1947
			964	1946
			964	1945
			963	1944
			963	1943
			963	1942
			962	1942
			962	1941
			962	1940
			961	1939
			961	1938
			961	1937
			961	1936
			960	1935
			960	1934
			959	1933
			959	1932
			958	1931
			958	1930
			957	1929
			957	1928
			957	1927
			956	1926
			956	1925
			955	1924
			955	1923
			954	1922
			954	1921
			954	1920
			953	1919
			953	1918
			952	1917
			952	1916
			951	1915
			951	1914
			950	1913
			950	1912
			949	1911
			949	1910
			948	1909
			948	1908
			947	1907
			947	1906
			946	1905
			946	1904
			945	1903
			945	1902
			944	1901
			944	1900
			943	1900
			943	1899
			942	1898
			942	1897
			941	1896
			941	1895
			940	1894
			939	1893
			939	1892
			938	1891
			937	1890
			936	1889
			936	1888
			935	1887
			934	1886
			934	1885
			934	1884
			933	1884
			933	1883
			932	1882
			931	1881
			931	1880
			930	1879
			929	1878
			928	1877
			928	1876
			927	1875
			926	1874
			925	1873
			924	1872
			924	1871
			923	1870
			922	1869
			921	1868
			920	1867
			919	1866
			918	1865
			918	1864
			917	1863
			916	1862
			915	1861
			914	1861
			913	1860
			912	1860
			911	1859
			910	1859
			909	1858
			908	1858
			907	1857
			906	1857
			905	1856
			904	1856
			903	1855
			902	1855
			901	1854
			900	1854
			899	1853
			898	1853
			897	1852
			896	1851
			895	1851
			894	1850
			893	1850
			892	1849
			891	1849
			890	1848
			889	1848
			888	1847
			887	1847
			886	1846
			885	1846
			884	1845
			883	1845
			882	1844
			881	1844
			880	1843
			879	1843
			878	1842
			877	1842
			876	1841
			875	1841
			874	1840
			873	1840
			872	1839
			871	1839
			870	1838
			869	1838
			868	1837
			867	1837
			866	1837
			865	1836
			864	1836
			863	1835
			862	1834
			861	1834
			860	1834
			860	1833
			859	1833
			858	1833
			857	1832
			856	1832
			855	1831
			854	1831
			853	1830
			852	1830
			851	1830
			851	1829
			850	1829
			849	1829
			848	1828
			847	1828
			846	1827
			845	1827
			844	1826
			843	1826
			842	1825
			841	1825
			840	1824
			839	1824
			838	1823
			837	1823
			836	1823
			835	1822
			834	1822
			833	1821
			832	1821
			831	1820
			830	1820
			829	1820
			828	1819
			827	1819
			826	1818
			825	1818
			824	1817
			823	1817
			822	1817
			822	1816
			821	1816
			820	1816
			819	1816
			819	1815
			818	1815
			817	1815
			816	1814
			815	1814
			814	1813
			813	1813
			812	1812
			811	1812
			810	1812
			809	1811
			808	1811
			807	1811
			807	1810
			806	1810
			805	1809
			804	1809
			803	1809
			802	1808
			801	1808
			800	1808
			799	1807
			798	1807
			797	1806
			796	1806
			795	1806
			794	1805
			793	1805
			792	1804
			791	1804
			790	1803
			789	1803
			788	1803
			787	1803
			787	1802
			786	1802
			785	1802
			784	1801
			783	1801
			782	1801
			782	1800
			781	1800
			780	1800
			779	1799
			778	1799
			777	1798
			776	1798
			775	1798
			774	1797
			773	1797
			772	1796
			771	1796
			770	1796
			769	1795
			768	1795
			767	1795
			766	1794
			765	1794
			764	1793
			763	1793
			762	1793
			761	1792
			760	1792
			759	1792
			758	1791
			757	1791
			756	1790
			755	1790
			754	1790
			753	1790
			752	1789
			751	1789
			750	1788
			749	1788
			748	1788
			747	1787
			746	1787
			745	1787
			744	1786
			743	1786
			742	1786
			741	1785
			740	1785
			739	1784
			738	1784
			737	1784
			736	1783
			735	1783
			734	1783
			733	1782
			732	1782
			731	1782
			730	1781
			729	1781
			728	1781
			727	1780
			726	1780
			725	1780
			724	1779
			723	1779
			722	1779
			721	1778
			720	1778
			719	1778
			718	1777
			717	1777
			716	1776
			715	1776
			714	1776
			713	1776
			713	1775
			712	1775
			711	1775
			710	1774
			709	1774
			708	1774
			707	1773
			706	1773
			705	1773
			704	1773
			704	1772
			703	1772
			702	1772
			701	1772
			700	1771
			699	1771
			698	1771
			698	1770
			697	1770
			696	1770
			695	1770
			694	1769
			693	1769
			692	1768
			691	1768
			690	1768
			689	1767
			688	1767
			687	1767
			686	1766
			685	1766
			684	1766
			683	1766
			682	1765
			681	1765
			680	1765
			679	1764
			678	1764
			677	1764
			676	1763
			675	1763
			674	1763
			673	1763
			672	1762
			671	1762
			670	1761
			669	1761
			668	1761
			668	1760
			669	1760
			669	1759
			669	1758
			670	1757
			671	1756
			671	1755
			672	1754
			673	1753
			674	1752
			675	1751
			676	1750
			677	1750
			678	1749
			679	1749
			679	1748
			680	1748
			681	1747
			682	1747
			683	1746
			684	1746
			684	1745
			685	1745
			686	1744
			687	1744
			688	1743
			689	1743
			690	1742
			691	1742
			692	1741
			693	1741
			694	1741
			695	1740
			696	1740
			697	1740
			698	1739
			699	1739
			700	1739
			701	1738
			702	1738
			703	1737
			704	1737
			705	1737
			706	1737
			707	1737
			708	1736
			709	1736
			710	1736
			711	1735
			712	1735
			713	1735
			714	1735
			715	1734
			716	1734
			717	1734
			718	1734
			719	1734
			720	1733
			721	1733
			722	1733
			723	1733
			724	1733
			725	1733
			725	1732
			726	1732
			727	1732
			728	1732
			729	1732
			730	1732
			731	1731
			732	1731
			733	1731
			734	1731
			735	1731
			736	1731
			737	1731
			738	1730
			739	1730
			740	1730
			741	1730
			742	1730
			743	1730
			744	1730
			745	1729
			746	1729
			747	1729
			748	1729
			749	1729
			750	1729
			751	1729
			752	1729
			753	1729
			754	1728
			755	1728
			756	1728
			757	1728
			758	1728
			759	1728
			760	1728
			761	1728
			762	1728
			763	1728
			764	1728
			765	1727
			766	1727
			767	1727
			768	1727
			769	1727
			770	1727
			771	1727
			772	1727
			773	1727
			774	1727
			775	1727
			776	1727
			777	1727
			778	1727
			779	1726
			780	1726
			781	1726
			782	1726
			783	1726
			784	1726
			785	1726
			786	1726
			787	1726
			788	1726
			789	1726
			790	1726
			791	1726
			792	1726
			793	1726
			794	1726
			795	1726
			796	1726
			797	1726
			798	1726
			799	1726
			800	1726
			801	1726
			802	1725
			803	1725
			804	1725
			805	1725
			806	1725
			807	1725
			808	1725
			809	1725
			810	1725
			811	1725
			812	1725
			813	1725
			814	1725
			815	1725
			816	1725
			817	1725
			818	1725
			819	1725
			820	1725
			821	1725
			822	1725
			823	1725
			824	1725
			825	1725
			826	1725
			827	1725
			828	1725
			829	1725
			830	1725
			831	1725
			832	1725
			833	1725
			834	1725
			835	1725
			836	1725
			837	1725
			838	1725
			839	1725
			840	1725
			841	1725
			842	1725
			843	1725
			844	1725
			844	1724
			845	1724
			846	1724
			847	1724
			848	1724
			849	1724
			850	1724
			851	1724
			852	1724
			853	1724
			854	1724
			855	1724
			856	1724
			857	1723
			858	1723
			859	1723
			860	1723
			861	1723
			862	1723
			863	1723
			864	1723
			865	1723
			866	1723
			867	1722
			868	1722
			869	1722
			870	1722
			871	1722
			872	1722
			873	1722
			874	1722
			875	1721
			876	1721
			877	1721
			878	1721
			879	1721
			880	1721
			881	1721
			882	1720
			883	1720
			884	1720
			885	1720
			886	1720
			887	1720
			888	1720
			889	1719
			890	1719
			891	1719
			892	1719
			893	1719
			894	1719
			895	1718
			896	1718
			897	1718
			898	1718
			899	1718
			900	1718
			901	1718
			901	1717
			902	1717
			903	1717
			904	1717
			905	1717
			906	1716
			907	1716
			908	1716
			909	1716
			910	1716
			911	1716
			912	1715
			913	1715
			914	1715
			915	1715
			916	1715
			917	1714
			918	1714
			919	1714
			920	1714
			921	1714
			922	1713
			923	1713
			924	1713
			925	1713
			926	1713
			927	1712
			928	1712
			929	1712
			930	1712
			931	1711
			932	1711
			933	1711
			934	1711
			935	1711
			936	1710
			937	1710
			938	1710
			939	1710
			940	1709
			941	1709
			942	1709
			943	1709
			944	1709
			945	1708
			946	1708
			947	1708
			948	1707
			949	1707
			950	1707
			951	1707
			952	1706
			953	1706
			954	1706
			955	1706
			956	1705
			957	1705
			958	1705
			959	1705
			960	1704
			961	1704
			962	1704
			963	1703
			964	1703
			965	1703
			966	1703
			967	1702
			968	1702
			969	1702
			970	1702
			971	1701
			972	1701
			973	1701
			974	1701
			975	1700
			976	1700
			977	1700
			978	1699
			979	1699
			980	1699
			981	1698
			982	1698
			983	1698
			984	1698
			985	1697
			986	1697
			987	1697
			988	1696
			989	1696
			990	1696
			991	1696
			992	1695
			993	1695
			994	1695
			995	1694
			996	1694
			997	1694
			998	1693
			999	1693
			1000	1693
			1001	1693
			1002	1692
			1003	1692
			1004	1692
			1005	1691
			1006	1691
			1007	1691
			1008	1690
			1009	1690
			1010	1690
			1010	1689
			1011	1689
			1012	1689
			1013	1688
			1014	1688
			1015	1688
			1016	1687
			1017	1687
			1018	1687
			1019	1686
			1020	1686
			1021	1686
			1022	1685
			1023	1685
			1024	1685
			1025	1684
			1026	1684
			1027	1684
			1028	1683
			1029	1683
			1030	1683
			1031	1682
			1032	1682
			1033	1682
			1034	1681
			1035	1681
			1036	1681
			1037	1680
			1038	1680
			1039	1680
			1040	1679
			1041	1679
			1042	1678
			1043	1678
			1044	1678
			1045	1678
			1045	1677
			1046	1677
			1047	1677
			1048	1677
			1048	1676
			1049	1676
			1050	1676
			1051	1675
			1052	1675
			1053	1675
			1054	1674
			1055	1674
			1056	1674
			1057	1673
			1058	1673
			1059	1672
			1060	1672
			1061	1672
			1061	1671
			1062	1671
			1063	1671
			1064	1670
			1065	1670
			1066	1670
			1067	1669
			1068	1669
			1069	1669
			1070	1668
			1071	1668
			1072	1667
			1073	1667
			1074	1667
			1075	1666
			1076	1666
			1077	1666
			1078	1665
			1079	1665
			1080	1664
			1081	1664
			1082	1663
			1083	1663
			1084	1663
			1085	1662
			1086	1662
			1087	1662
			1088	1661
			1089	1661
			1090	1660
			1091	1660
			1092	1659
			1093	1659
			1094	1659
			1095	1658
			1096	1658
			1097	1657
			1098	1657
			1099	1657
			1100	1656
			1101	1656
			1102	1655
			1103	1655
			1104	1655
			1105	1654
			1106	1654
			1107	1654
			1108	1654
			1108	1653
			1109	1653
			1110	1653
			1111	1653
			1112	1653
			1113	1652
			1114	1652
			1115	1652
			1116	1651
			1117	1651
			1118	1651
			1119	1650
			1120	1650
			1121	1650
			1122	1650
			1123	1649
			1124	1649
			1125	1649
			1126	1649
			1127	1648
			1128	1648
			1129	1648
			1130	1647
			1131	1647
			1132	1647
			1133	1647
			1134	1646
			1135	1646
			1136	1646
			1137	1645
			1138	1645
			1139	1645
			1140	1644
			1141	1644
			1142	1644
			1143	1644
			1144	1644
			1145	1643
			1146	1643
			1147	1643
			1148	1642
			1149	1642
			1150	1642
			1151	1642
			1152	1641
			1153	1641
			1154	1641
			1155	1640
			1156	1640
			1157	1640
			1158	1640
			1159	1639
			1160	1639
			1161	1639
			1162	1638
			1163	1638
			1164	1638
			1165	1638
			1166	1637
			1167	1637
			1168	1637
			1169	1637
			1170	1636
			1171	1636
			1172	1636
			1173	1635
			1174	1635
			1175	1635
			1176	1635
			1177	1634
			1178	1634
			1179	1634
			1180	1633
			1181	1633
			1182	1633
			1183	1633
			1184	1632
			1185	1632
			1186	1632
			1187	1631
			1188	1631
			1189	1631
			1190	1630
			1191	1630
			1192	1630
			1193	1630
			1194	1630
			1194	1629
			1195	1629
			1196	1629
			1197	1629
			1198	1628
			1199	1628
			1200	1628
			1201	1628
			1202	1627
			1203	1627
			1204	1627
			1205	1626
			1206	1626
			1207	1626
			1208	1626
			1208	1625
			1209	1625
			1210	1625
			1211	1625
			1212	1624
			1213	1624
			1214	1624
			1215	1624
			1216	1623
			1217	1623
			1218	1623
			1219	1623
			1219	1622
			1220	1622
			1221	1622
			1222	1622
			1223	1621
			1224	1621
			1225	1621
			1226	1621
			1227	1620
			1228	1620
			1229	1620
			1230	1619
			1231	1619
			1232	1619
			1233	1619
			1234	1618
			1235	1618
			1236	1618
			1237	1617
			1238	1617
			1239	1617
			1240	1617
			1241	1616
			1242	1616
			1243	1616
			1244	1616
			1245	1615
			1246	1615
			1247	1615
			1248	1614
			1249	1614
			1250	1614
			1251	1613
			1252	1613
			1253	1613
			1254	1613
			1255	1613
			1255	1612
			1256	1612
			1257	1612
			1258	1612
			1259	1611
			1260	1611
			1261	1611
			1262	1611
			1263	1610
			1264	1610
			1265	1610
			1266	1609
			1267	1609
			1268	1609
			1269	1609
			1270	1608
			1271	1608
			1272	1608
			1273	1607
			1274	1607
			1275	1607
			1276	1607
			1277	1606
			1278	1606
			1279	1606
			1280	1606
			1281	1605
			1282	1605
			1283	1605
			1284	1604
			1285	1604
			1286	1604
			1287	1604
			1288	1603
			1289	1603
			1290	1603
			1291	1603
			1292	1602
			1293	1602
			1294	1602
			1295	1602
			1296	1601
			1297	1601
			1298	1600
			1299	1600
			1300	1600
			1301	1600
			1302	1599
			1303	1599
			1304	1599
			1305	1599
			1306	1599
			1306	1598
			1307	1598
			1308	1598
			1309	1598
			1309	1597
			1310	1597
			1311	1597
			1312	1597
			1313	1596
			1314	1596
			1315	1596
			1316	1596
			1317	1595
			1318	1595
			1319	1595
			1320	1594
			1321	1594
			1322	1594
			1323	1594
			1324	1594
			1324	1593
			1325	1593
			1326	1593
			1327	1593
			1328	1592
			1329	1592
			1330	1592
			1331	1592
			1331	1591
			1332	1591
			1333	1591
			1334	1591
			1335	1590
			1336	1590
			1337	1590
			1338	1590
			1339	1589
			1340	1589
			1341	1589
			1342	1589
			1342	1588
			1343	1588
			1344	1588
			1345	1588
			1346	1588
			1346	1587
			1347	1587
			1348	1587
			1349	1587
			1350	1586
			1351	1586
			1352	1586
			1353	1586
			1354	1585
			1355	1585
			1356	1585
			1357	1585
			1358	1584
			1359	1584
			1360	1584
			1361	1583
			1362	1583
			1363	1583
			1364	1583
			1364	1582
			1365	1582
			1366	1582
			1367	1582
			1368	1581
			1369	1581
			1370	1581
			1371	1581
			1372	1580
			1373	1580
			1374	1580
			1375	1579
			1376	1579
			1377	1579
			1378	1579
			1379	1579
			1379	1578
			1380	1578
			1381	1578
			1382	1578
			1383	1578
			1383	1577
			1384	1577
			1385	1577
			1386	1577
			1387	1576
			1388	1576
			1389	1576
			1390	1576
			1391	1575
			1392	1575
			1393	1575
			1394	1574
			1395	1574
			1396	1574
			1397	1573
			1398	1573
			1399	1572
			1400	1571
			1401	1571
			1402	1570
			1403	1570
			1403	1569
			1404	1569
			1405	1569
			1405	1568
			1406	1568
			1407	1567
			1408	1567
			1408	1566
			1409	1566
			1410	1566
			1410	1565
			1411	1565
			1412	1564
			1413	1563
			1414	1563
			1415	1562
			1416	1562
			1417	1561
			1418	1561
			1419	1560
			1420	1560
			1420	1559
			1421	1559
			1422	1558
			1423	1557
			1424	1557
			1425	1556
			1426	1556
			1426	1555
			1427	1555
			1428	1554
			1429	1554
			1430	1553
			1431	1553
			1432	1552
			1433	1551
			1434	1551
			1435	1550
			1436	1550
			1437	1549
			1438	1549
			1439	1548
			1440	1547
			1441	1547
			1442	1546
			1443	1546
			1444	1545
			1445	1545
			1446	1544
			1447	1543
			1448	1543
			1449	1542
			1450	1542
			1451	1541
			1452	1541
			1452	1540
			1453	1540
			1454	1539
			1455	1539
			1456	1538
			1457	1537
			1458	1537
			1459	1536
			1460	1536
			1461	1535
			1462	1535
			1463	1534
			1464	1534
			1465	1533
			1466	1533
			1467	1532
			1468	1531
			1469	1531
			1470	1530
			1471	1530
			1472	1529
			1473	1529
			1474	1528
			1475	1528
			1476	1527
			1477	1527
			1478	1526
			1479	1525
			1480	1525
			1481	1524
			1482	1524
			1483	1523
			1484	1523
			1485	1522
			1486	1522
			1487	1521
			1488	1520
			1489	1520
			1490	1519
			1491	1519
			1492	1518
			1493	1518
			1494	1517
			1495	1517
			1496	1516
			1497	1515
			1498	1515
			1499	1514
			1500	1514
			1501	1513
			1502	1513
			1503	1512
			1504	1512
			1505	1511
			1506	1510
			1507	1510
			1508	1509
			1509	1509
			1510	1508
			1511	1508
			1512	1507
			1513	1506
			1514	1506
			1515	1505
			1516	1505
			1517	1504
			1518	1504
			1519	1503
			1520	1503
			1521	1502
			1522	1502
			1523	1502
			1523	1501
			1524	1501
			1525	1500
			1526	1500
			1526	1499
			1527	1499
			1528	1499
			1529	1498
			1530	1497
			1531	1497
			1532	1496
			1533	1496
			1534	1495
			1535	1495
			1536	1494
			1537	1494
			1538	1493
			1539	1493
			1540	1493
			1541	1492
			1542	1492
			1542	1491
			1543	1491
			1544	1490
			1545	1490
			1546	1489
			1547	1489
			1548	1488
			1549	1488
			1550	1487
			1551	1487
			1552	1486
			1553	1486
			1554	1485
			1555	1485
			1556	1484
			1557	1484
			1558	1483
			1559	1483
			1560	1482
			1561	1482
			1562	1481
			1563	1481
			1564	1480
			1565	1480
			1566	1479
			1567	1479
			1568	1478
			1569	1478
			1569	1477
			1570	1477
			1571	1476
			1572	1476
			1573	1475
			1574	1475
			1575	1474
			1576	1474
			1577	1473
			1578	1473
			1579	1472
			1580	1472
			1581	1471
			1582	1471
			1583	1470
			1584	1470
			1585	1469
			1586	1469
			1587	1468
			1588	1468
			1589	1467
			1590	1467
			1591	1466
			1592	1465
			1593	1465
			1594	1464
			1595	1464
			1596	1464
			1597	1463
			1598	1463
			1599	1462
			1600	1462
			1601	1461
			1602	1461
			1603	1460
			1604	1460
			1605	1459
			1606	1459
			1607	1458
			1608	1458
			1609	1458
			1609	1457
			1610	1457
			1611	1456
			1612	1456
			1613	1455
			1614	1455
			1615	1454
			1616	1454
			1617	1454
			1618	1453
			1619	1452
			1620	1452
			1621	1451
			1622	1451
			1623	1450
			1624	1450
			1625	1449
			1626	1449
			1627	1448
			1628	1448
			1629	1448
			1629	1447
			1630	1447
			1631	1447
			1632	1446
			1633	1446
			1633	1445
			1634	1445
			1635	1445
			1636	1444
			1637	1443
			1638	1443
			1639	1443
			1640	1442
			1641	1442
			1642	1441
			1643	1441
			1644	1440
			1645	1440
			1646	1439
			1647	1439
			1648	1438
			1649	1438
			1650	1437
			1651	1437
			1652	1436
			1653	1436
			1654	1436
			1655	1435
			1656	1435
			1657	1434
			1658	1434
			1659	1433
			1660	1433
			1661	1432
			1662	1432
			1663	1431
			1664	1431
			1664	1430
			1665	1430
			1666	1429
			1667	1429
			1668	1429
			1669	1428
			1670	1428
			1671	1427
			1672	1427
			1673	1426
			1674	1426
			1675	1425
			1676	1425
			1677	1424
			1678	1424
			1679	1423
			1680	1423
			1681	1422
			1682	1422
			1683	1421
			1684	1421
			1685	1420
			1686	1420
			1687	1420
			1688	1419
			1689	1419
			1690	1418
			1691	1418
			1692	1418
			1692	1417
			1693	1417
			1694	1417
			1694	1416
			1695	1416
			1696	1416
			1697	1415
			1698	1414
			1699	1414
			1700	1414
			1701	1413
			1702	1413
			1703	1412
			1704	1412
			1705	1411
			1706	1411
			1707	1411
			1707	1410
			1708	1410
			1709	1409
			1710	1409
			1711	1409
			1712	1408
			1713	1408
			1714	1407
			1715	1407
			1716	1406
			1717	1406
			1718	1405
			1719	1405
			1720	1404
			1721	1404
			1722	1403
			1723	1403
			1724	1403
			1724	1402
			1725	1402
			1726	1402
			1727	1401
			1728	1401
			1729	1400
			1730	1400
			1731	1399
			1732	1399
			1733	1398
			1734	1398
			1735	1398
			1736	1397
			1737	1397
			1738	1396
			1739	1396
			1740	1395
			1741	1395
			1742	1394
			1743	1394
			1744	1394
			1744	1393
			1745	1393
			1746	1393
			1747	1392
			1748	1392
			1749	1391
			1750	1391
			1751	1390
			1752	1390
			1753	1390
			1753	1389
			1754	1389
			1755	1388
			1756	1388
			1757	1388
			1758	1387
			1759	1387
			1760	1386
			1761	1386
			1762	1385
			1763	1385
			1764	1384
			1765	1384
			1766	1383
			1767	1383
			1768	1382
			1769	1382
			1770	1382
			1771	1381
			1772	1381
			1773	1380
			1774	1380
			1775	1379
			1776	1379
			1777	1379
			1777	1378
			1778	1378
			1779	1378
			1780	1377
			1781	1377
			1782	1376
			1783	1376
			1784	1375
			1785	1375
			1786	1375
			1786	1374
			1787	1374
			1788	1374
			1789	1373
			1790	1373
			1791	1372
			1792	1372
			1793	1372
			1794	1371
			1795	1371
			1795	1370
			1796	1370
			1797	1370
			1798	1369
			1799	1369
			1800	1368
			1801	1368
			1802	1368
			1803	1367
			1804	1367
			1804	1366
			1805	1366
			1806	1366
			1807	1365
			1808	1365
			1809	1364
			1810	1364
			1811	1364
			1812	1363
			1813	1363
			1814	1362
			1815	1362
			1816	1361
			1817	1361
			1818	1361
			1818	1360
			1819	1360
			1820	1360
			1820	1359
			1821	1359
			1822	1359
			1823	1358
			1824	1358
			1825	1357
			1826	1357
			1827	1357
			1827	1356
			1828	1356
			1829	1356
			1830	1355
			1831	1355
			1832	1354
			1833	1354
			1834	1353
			1835	1353
			1836	1353
			1837	1352
			1838	1352
			1839	1351
			1840	1351
			1841	1350
			1842	1350
			1843	1350
			1844	1349
			1845	1349
			1846	1348
			1847	1348
			1848	1348
			1849	1347
			1850	1347
			1851	1346
			1852	1346
			1852	1345
			1853	1345
			1854	1345
			1855	1344
			1856	1344
			1857	1343
			1858	1343
			1859	1343
			1860	1342
			1861	1342
			1862	1341
			1863	1341
			1864	1340
			1865	1340
			1866	1340
			1867	1339
			1868	1339
			1869	1338
			1870	1338
			1871	1337
			1872	1337
			1873	1337
			1874	1336
			1875	1336
			1876	1335
			1877	1335
			1878	1335
			1879	1334
			1880	1334
			1881	1333
			1882	1333
			1883	1332
			1884	1332
			1885	1332
			1886	1331
			1887	1331
			1888	1330
			1889	1330
			1890	1329
			1891	1329
			1892	1329
			1893	1328
			1894	1328
			1895	1327
			1896	1327
			1897	1326
			1898	1326
			1899	1326
			1900	1325
			1901	1325
			1902	1324
			1903	1324
			1904	1324
			1905	1323
			1906	1323
			1907	1322
			1908	1322
			1909	1321
			1910	1321
			1911	1321
			1912	1320
			1913	1320
			1914	1319
			1915	1319
			1916	1318
			1917	1318
			1918	1318
			1919	1317
			1920	1317
			1921	1316
			1922	1316
			1923	1315
			1924	1315
			1925	1315
			1926	1314
			1927	1314
			1928	1313
			1929	1313
			1930	1312
			1931	1312
			1932	1312
			1933	1311
			1934	1311
			1935	1310
			1936	1310
			1937	1310
			1938	1309
			1939	1309
			1940	1308
			1941	1308
			1942	1308
			1942	1307
			1943	1307
			1944	1307
			1945	1306
			1946	1306
			1947	1305
			1948	1305
			1949	1305
			1950	1304
			1951	1304
			1952	1304
			1952	1303
			1953	1303
			1954	1302
			1955	1302
			1956	1302
			1957	1301
			1958	1301
			1959	1301
			1960	1300
			1961	1300
			1961	1299
			1962	1299
			1963	1299
			1964	1298
			1965	1298
			1966	1298
			1967	1297
			1968	1297
			1969	1296
			1970	1296
			1971	1296
			1971	1295
			1972	1295
			1973	1295
			1974	1294
			1975	1294
			1976	1293
			1977	1293
			1978	1293
			1979	1292
			1980	1292
			1981	1292
			1982	1291
			1983	1290
			1984	1290
			1985	1290
			1986	1289
			1987	1289
			1988	1288
			1989	1288
			1990	1288
			1991	1287
			1992	1287
			1993	1286
			1994	1286
			1995	1286
			1996	1285
			1997	1285
			1998	1284
			1999	1284
			2000	1284
			2001	1283
			2002	1283
			2003	1282
			2004	1282
			2005	1282
			2006	1281
			2007	1281
			2008	1280
			2009	1280
			2010	1280
			2011	1279
			2012	1279
			2013	1278
			2014	1278
			2015	1278
			2016	1277
			2017	1277
			2018	1276
			2019	1276
			2020	1275
			2021	1275
			2022	1275
			2023	1274
			2024	1274
			2025	1273
			2026	1273
			2027	1273
			2028	1272
			2029	1272
			2030	1271
			2031	1271
			2032	1270
			2033	1270
			2034	1270
			2035	1269
			2036	1269
			2037	1268
			2038	1268
			2039	1268
			2040	1267
			2041	1267
			2042	1267
			2043	1266
			2044	1266
			2045	1265
			2046	1265
			2047	1265
			2047	1264
			2048	1264
			2049	1264
			2050	1264
			2050	1263
			2051	1263
			2052	1263
			2053	1262
			2054	1262
			2055	1261
			2056	1261
			2057	1261
			2058	1260
			2059	1260
			2060	1259
			2061	1259
			2062	1259
			2062	1258
			2063	1258
			2064	1258
			2065	1257
			2066	1257
			2067	1257
			2068	1256
			2069	1256
			2070	1255
			2071	1255
			2072	1255
			2073	1254
			2074	1254
			2075	1253
			2076	1253
			2077	1253
			2078	1252
			2079	1252
			2080	1251
			2081	1251
			2082	1251
			2082	1250
			2083	1250
			2084	1250
			2085	1249
			2086	1249
			2087	1248
			2088	1248
			2089	1248
			2090	1247
			2091	1247
			2092	1246
			2093	1246
			2094	1246
			2095	1245
			2096	1245
			2097	1245
			2098	1244
			2099	1244
			2100	1243
			2101	1243
			2102	1243
			2103	1242
			2104	1242
			2105	1241
			2106	1241
			2107	1241
			2108	1240
			2109	1240
			2110	1239
			2111	1239
			2112	1239
			2113	1238
			2114	1238
			2115	1238
			2116	1237
			2117	1237
			2118	1236
			2119	1236
			2120	1236
			2121	1235
			2122	1235
			2123	1234
			2124	1234
			2125	1234
			2126	1233
			2127	1233
			2128	1232
			2129	1232
			2130	1232
			2131	1231
			2132	1231
			2133	1230
			2134	1230
			2135	1230
			2136	1229
			2137	1229
			2138	1229
			2139	1228
			2140	1228
			2141	1227
			2142	1227
			2143	1227
			2144	1226
			2145	1226
			2146	1225
			2147	1225
			2148	1225
			2149	1224
			2150	1224
			2151	1223
			2152	1223
			2153	1223
			2154	1222
			2155	1222
			2156	1221
			2157	1221
			2158	1221
			2159	1220
			2160	1220
			2161	1219
			2162	1219
			2163	1219
			2164	1218
			2165	1218
			2166	1217
			2167	1217
			2168	1217
			2169	1216
			2170	1216
			2171	1216
			2172	1215
			2173	1215
			2174	1214
			2175	1214
			2176	1214
			2177	1214
			2178	1214
			2179	1214
			2180	1214
			2181	1214
			2182	1214
			2183	1214
			2184	1213
			2185	1213
			2186	1213
			2187	1213
			2188	1213
			2189	1213
			2190	1213
			2191	1213
			2192	1213
			2193	1213
			2194	1213
			2195	1213
			2196	1213
			2197	1213
			2198	1213
			2199	1213
			2200	1213
			2201	1213
			2202	1213
			2203	1212
			2204	1212
			2205	1212
			2206	1212
			2207	1212
			2208	1212
			2209	1212
			2210	1212
			2211	1212
			2212	1212
			2213	1212
			2214	1212
			2215	1212
			2216	1212
			2217	1212
			2218	1212
			2219	1212
			2220	1212
			2221	1212
			2222	1212
			2223	1212
			2224	1212
			2225	1212
			2226	1212
			2227	1211
			2228	1211
			2229	1211
			2230	1211
			2231	1211
			2232	1211
			2233	1211
			2234	1211
			2235	1211
			2236	1211
			2237	1211
			2238	1211
			2239	1211
			2240	1211
			2241	1211
			2242	1211
			2243	1211
			2244	1211
			2245	1211
			2246	1211
			2247	1211
			2248	1211
			2249	1211
			2250	1211
			2251	1211
			2252	1211
			2253	1211
			2254	1211
			2255	1211
			2256	1211
			2257	1211
			2258	1211
			2259	1211
			2260	1211
			2261	1211
			2262	1211
			2263	1211
			2264	1211
			2265	1211
			2266	1211
			2267	1210
			2268	1210
			2269	1210
			2270	1210
			2271	1210
			2272	1210
			2273	1210
			2274	1210
			2275	1210
			2276	1210
			2277	1210
			2278	1210
			2279	1210
			2280	1210
			2281	1210
			2282	1210
			2283	1210
			2284	1210
			2285	1210
			2286	1210
			2287	1210
			2288	1210
			2289	1210
			2290	1210
			2291	1210
			2292	1210
			2293	1210
			2294	1210
			2295	1210
			2296	1210
			2297	1210
			2298	1210
			2299	1210
			2300	1210
			2301	1210
			2302	1210
			2303	1210
			2304	1210
			2305	1210
			2306	1210
			2307	1210
			2308	1210
			2309	1210
			2310	1210
			2311	1210
			2312	1210
			2313	1210
			2314	1210
			2315	1210
			2316	1210
			2317	1210
			2318	1210
			2319	1210
			2320	1210
			2321	1210
			2322	1210
			2323	1210
			2324	1210
			2325	1210
			2326	1210
			2327	1210
			2328	1210
			2329	1210
			2330	1210
			2331	1210
			2332	1210
			2333	1210
			2334	1210
			2335	1210
			2336	1211
			2337	1211
			2338	1211
			2339	1211
			2340	1211
			2341	1211
			2342	1211
			2343	1211
			2344	1211
			2345	1211
			2346	1211
			2347	1211
			2348	1211
			2349	1211
			2350	1211
			2351	1211
			2352	1211
			2353	1211
			2354	1211
			2355	1211
			2356	1211
			2357	1211
			2358	1211
			2359	1211
			2360	1211
			2361	1211
			2362	1211
			2363	1211
			2364	1211
			2365	1211
			2366	1211
			2367	1211
			2368	1211
			2369	1211
			2370	1211
			2371	1211
			2372	1211
			2373	1211
			2374	1211
			2375	1211
			2376	1211
			2377	1212
			2378	1212
			2379	1212
			2380	1212
			2381	1212
			2382	1212
			2383	1212
			2384	1212
			2385	1212
			2386	1212
			2387	1212
			2388	1212
			2389	1212
			2390	1212
			2391	1212
			2392	1212
			2393	1212
			2394	1212
			2395	1212
			2396	1212
			2397	1212
			2398	1212
			2399	1212
			2400	1212
			2401	1212
			2402	1212
			2403	1213
			2404	1213
			2405	1213
			2406	1213
			2407	1213
			2408	1213
			2409	1213
			2410	1213
			2411	1213
			2412	1213
			2413	1213
			2414	1213
			2415	1213
			2416	1213
			2417	1213
			2418	1213
			2419	1213
			2420	1213
			2421	1213
			2422	1213
			2423	1213
			2424	1214
			2425	1214
			2426	1214
			2427	1214
			2428	1214
			2429	1214
			2430	1214
			2431	1214
			2432	1214
			2433	1214
			2434	1214
			2435	1214
			2436	1214
			2437	1214
			2438	1214
			2439	1214
			2440	1214
			2441	1215
			2442	1215
			2443	1215
			2444	1215
			2445	1215
			2446	1215
			2447	1215
			2448	1215
			2449	1215
			2450	1215
			2451	1215
			2452	1215
			2453	1215
			2454	1215
			2455	1215
			2456	1215
			2457	1215
			2458	1216
			2459	1216
			2460	1216
			2461	1216
			2462	1216
			2463	1216
			2464	1216
			2465	1216
			2466	1216
			2467	1216
			2468	1216
			2469	1216
			2470	1216
			2471	1216
			2472	1217
			2473	1217
			2474	1217
			2475	1217
			2476	1217
			2477	1217
			2478	1217
			2479	1217
			2480	1217
			2481	1217
			2482	1217
			2483	1217
			2484	1217
			2485	1217
			2486	1218
			2487	1218
			2488	1218
			2489	1218
			2490	1218
			2491	1218
			2492	1218
			2493	1218
			2494	1218
			2495	1218
			2496	1218
			2497	1218
			2498	1218
			2499	1219
			2500	1219
			2501	1219
			2502	1219
			2503	1219
			2504	1219
			2505	1219
			2506	1219
			2507	1219
			2508	1219
			2509	1219
			2510	1219
			2511	1220
			2512	1220
			2513	1220
			2514	1220
			2515	1220
			2516	1220
			2517	1220
			2518	1220
			2519	1220
			2520	1220
			2521	1220
			2522	1220
			2522	1221
			2523	1221
			2524	1221
			2525	1221
			2526	1221
			2527	1221
			2528	1221
			2529	1221
			2530	1221
			2531	1221
			2532	1221
			2533	1222
			2534	1222
			2535	1222
			2536	1222
			2537	1222
			2538	1222
			2539	1222
			2540	1222
			2541	1222
			2542	1222
			2543	1223
			2544	1223
			2545	1223
			2546	1223
			2547	1223
			2548	1223
			2549	1223
			2550	1223
			2551	1223
			2552	1223
			2553	1223
			2554	1224
			2555	1224
			2556	1224
			2557	1224
			2558	1224
			2559	1224
			2560	1224
			2561	1224
			2562	1224
			2563	1224
			2564	1225
			2565	1225
			2566	1225
			2567	1225
			2568	1225
			2569	1225
			2570	1225
			2571	1225
			2572	1225
			2573	1226
			2574	1226
			2575	1226
			2576	1226
			2577	1226
			2578	1226
			2579	1226
			2580	1226
			2581	1226
			2582	1226
			2582	1227
			2583	1227
			2584	1227
			2585	1227
			2586	1227
			2587	1227
			2588	1227
			2589	1227
			2590	1227
			2591	1228
			2592	1228
			2593	1228
			2594	1228
			2595	1228
			2596	1228
			2597	1228
			2598	1228
			2599	1228
			2600	1229
			2601	1229
			2602	1229
			2603	1229
			2604	1229
			2605	1229
			2606	1229
			2607	1229
			2608	1229
			2609	1230
			2610	1230
			2611	1230
			2612	1230
			2613	1230
			2614	1230
			2615	1230
			2616	1230
			2617	1231
			2618	1231
			2619	1231
			2620	1231
			2621	1231
			2622	1231
			2623	1231
			2624	1231
			2625	1232
			2626	1232
			2627	1232
			2628	1232
			2629	1232
			2630	1232
			2631	1232
			2632	1232
			2633	1233
			2634	1233
			2635	1233
			2636	1233
			2637	1233
			2638	1233
			2639	1233
			2640	1234
			2641	1234
			2642	1234
			2643	1234
			2644	1234
			2645	1234
			2646	1234
			2647	1234
			2648	1235
			2649	1235
			2650	1235
			2651	1235
			2652	1235
			2653	1235
			2654	1235
			2655	1235
			2656	1236
			2657	1236
			2658	1236
			2659	1236
			2660	1236
			2661	1236
			2662	1236
			2663	1237
			2664	1237
			2665	1237
			2666	1237
			2667	1237
			2668	1237
			2669	1237
			2670	1238
			2671	1238
			2672	1238
			2673	1238
			2674	1238
			2675	1238
			2676	1238
			2677	1239
			2678	1239
			2679	1239
			2680	1239
			2681	1239
			2682	1239
			2683	1239
			2684	1239
			2685	1240
			2686	1240
			2687	1240
			2688	1240
			2689	1240
			2690	1240
			2691	1241
			2692	1241
			2693	1241
			2694	1241
			2695	1241
			2696	1241
			2697	1241
			2698	1241
			2698	1242
			2699	1242
			2700	1242
			2701	1242
			2702	1242
			2703	1242
			2704	1242
			2705	1243
			2706	1243
			2707	1243
			2708	1243
			2709	1243
			2710	1243
			2711	1243
			2712	1244
			2713	1244
			2714	1244
			2715	1244
			2716	1244
			2717	1244
			2718	1244
			2719	1245
			2720	1245
			2721	1245
			2722	1245
			2723	1245
			2724	1245
			2725	1246
			2726	1246
			2727	1246
			2728	1246
			2729	1246
			2730	1246
			2731	1246
			2731	1247
			2732	1247
			2733	1247
			2734	1247
			2735	1247
			2736	1247
			2737	1248
			2738	1248
			2739	1248
			2740	1248
			2741	1248
			2742	1248
			2743	1248
			2744	1249
			2745	1249
			2746	1249
			2747	1249
			2748	1249
			2749	1249
			2750	1250
			2751	1250
			2752	1250
			2753	1250
			2754	1250
			2755	1250
			2756	1251
			2757	1251
			2758	1251
			2759	1251
			2760	1251
			2761	1251
			2762	1252
			2763	1252
			2764	1252
			2765	1252
			2766	1252
			2767	1252
			2768	1253
			2769	1253
			2770	1253
			2771	1253
			2772	1253
			2773	1253
			2774	1254
			2775	1254
			2776	1254
			2777	1254
			2778	1254
			2779	1254
			2780	1255
			2781	1255
			2782	1255
			2783	1255
			2784	1255
			2785	1255
			2785	1256
			2786	1256
			2787	1256
			2788	1256
			2789	1256
			2790	1256
			2791	1257
			2792	1257
			2793	1257
			2794	1257
			2795	1257
			2796	1257
			2797	1258
			2798	1258
			2799	1258
			2800	1258
			2801	1258
			2802	1258
			2802	1259
			2803	1259
			2804	1259
			2805	1259
			2806	1259
			2807	1259
			2808	1259
			2809	1260
			2810	1260
			2811	1260
			2812	1260
			2813	1260
			2814	1261
			2815	1261
			2816	1261
			2817	1261
			2818	1261
			2819	1262
			2820	1262
			2821	1262
			2822	1262
			2823	1262
			2824	1262
			2825	1263
			2826	1263
			2827	1263
			2828	1263
			2829	1263
			2830	1263
			2831	1264
			2832	1264
			2833	1264
			2834	1264
			2835	1264
			2836	1265
			2837	1265
			2838	1265
			2839	1265
			2840	1265
			2841	1266
			2842	1266
			2843	1266
			2844	1266
			2845	1266
			2846	1267
			2847	1267
			2848	1267
			2849	1267
			2850	1267
			2851	1268
			2852	1268
			2853	1268
			2854	1268
			2855	1268
			2856	1268
			2857	1269
			2858	1269
			2859	1269
			2860	1269
			2861	1269
			2862	1270
			2863	1270
			2864	1270
			2865	1270
			2866	1270
			2867	1271
			2868	1271
			2869	1271
			2870	1271
			2871	1271
			2872	1272
			2873	1272
			2874	1272
			2875	1272
			2876	1272
			2877	1273
			2878	1273
			2879	1273
			2880	1273
			2881	1273
			2882	1274
			2883	1274
			2884	1274
			2885	1274
			2886	1274
			2887	1275
			2888	1275
			2889	1275
			2890	1275
			2891	1275
			2892	1276
			2893	1276
			2894	1276
			2895	1276
			2896	1276
			2897	1277
			2898	1277
			2899	1277
			2900	1277
			2901	1277
			2902	1278
			2903	1278
			2904	1278
			2905	1278
			2906	1278
			2907	1279
			2908	1279
			2909	1279
			2910	1279
			2911	1279
			2912	1279
			2912	1280
			2913	1280
			2914	1280
			2915	1280
			2916	1280
			2917	1280
			2918	1280
			2919	1280
			2920	1280
			2921	1280
			2922	1280
			2923	1280
			2924	1280
			2925	1280
			2926	1280
			2927	1280
			2928	1280
			2929	1280
			2930	1280
			2931	1280
			2932	1280
			2933	1280
			2934	1280
			2935	1280
			2936	1280
			2937	1280
			2938	1280
			2939	1280
			2940	1280
			2941	1281
			2942	1281
			2943	1281
			2944	1281
			2945	1281
			2946	1281
			2947	1281
			2948	1281
			2949	1281
			2950	1282
			2951	1282
			2952	1282
			2953	1282
			2954	1282
			2955	1282
			2956	1282
			2957	1283
			2958	1283
			2959	1283
			2960	1283
			2961	1283
			2962	1284
			2963	1284
			2964	1284
			2965	1284
			2966	1284
			2967	1285
			2968	1285
			2969	1285
			2970	1285
			2971	1286
			2972	1286
			2973	1286
			2974	1286
			2975	1287
			2976	1287
			2977	1287
			2978	1288
			2979	1288
			2980	1288
			2981	1288
			2981	1289
			2982	1289
			2983	1289
			2984	1289
			2985	1290
			2986	1290
			2987	1290
			2988	1291
			2989	1291
			2990	1292
			2991	1292
			2992	1292
			2993	1293
			2994	1293
			2995	1294
			2996	1294
			2997	1294
			2998	1295
			2999	1295
			3000	1296
			3001	1296
			3002	1296
			3003	1297
			3004	1297
			3005	1298
			3006	1298
			3007	1299
			3008	1299
			3009	1300
			3010	1300
			3011	1301
			3012	1301
			3013	1302
			3014	1302
			3014	1303
			3015	1303
			3016	1303
			3017	1304
			3018	1304
			3019	1305
			3020	1306
			3021	1306
			3022	1307
			3023	1307
			3023	1308
			3024	1308
			3025	1308
			3026	1309
			3027	1309
			3027	1310
			3028	1310
			3029	1311
			3030	1312
			3031	1312
			3031	1313
			3032	1313
			3033	1314
			3034	1314
			3035	1315
			3036	1316
			3037	1316
			3038	1317
			3039	1318
			3040	1318
			3041	1319
			3042	1320
			3043	1321
			3044	1321
			3045	1322
			3046	1323
			3047	1323
			3048	1324
			3049	1325
			3050	1326
			3051	1326
			3051	1327
			3052	1328
			3053	1329
			3054	1329
			3055	1330
			3056	1331
			3057	1332
			3058	1332
			3059	1333
			3060	1334
			3061	1335
			3062	1336
			3063	1337
			3064	1337
			3064	1338
			3065	1339
			3066	1340
			3067	1341
			3068	1342
			3069	1342
			3070	1343
			3071	1344
			3072	1345
			3073	1346
			3074	1347
			3075	1348
			3075	1349
			3076	1350
			3077	1350
			3078	1351
			3079	1352
			3080	1353
			3081	1354
			3082	1355
			3083	1356
			3084	1357
			3085	1358
			3085	1359
			3086	1360
			3087	1361
			3088	1362
			3089	1363
			3090	1364
			3091	1365
			3092	1366
			3093	1367
			3093	1368
			3094	1369
			3095	1370
			3096	1371
			3097	1372
			3098	1372
			3099	1373
			3100	1373
			3101	1374
			3102	1374
			3103	1375
			3104	1375
			3105	1376
			3106	1376
			3107	1377
			3108	1377
			3109	1378
			3110	1378
			3111	1379
			3112	1379
			3113	1380
			3114	1380
			3115	1381
			3116	1381
			3117	1382
			3118	1382
			3119	1383
			3120	1383
			3120	1384
			3121	1384
			3122	1385
			3123	1385
			3124	1386
			3125	1386
			3126	1387
			3127	1387
			3128	1388
			3129	1388
			3130	1389
			3131	1389
			3132	1390
			3133	1390
			3134	1391
			3135	1391
			3136	1392
			3137	1392
			3138	1393
			3139	1393
			3140	1394
			3141	1394
			3142	1395
			3143	1396
			3144	1396
			3145	1397
			3146	1397
			3147	1398
			3148	1398
			3149	1399
			3150	1399
			3151	1400
			3152	1400
			3152	1401
			3153	1401
			3154	1402
			3155	1402
			3156	1403
			3157	1403
			3158	1404
			3159	1405
			3160	1405
			3161	1406
			3162	1406
			3163	1407
			3164	1407
			3165	1408
			3166	1408
			3167	1409
			3168	1409
			3169	1410
			3170	1410
			3171	1411
			3172	1412
			3173	1412
			3174	1413
			3175	1413
			3176	1414
			3177	1414
			3178	1415
			3179	1415
			3180	1416
			3181	1416
			3182	1417
			3183	1418
			3184	1418
			3185	1419
			3186	1419
			3187	1420
			3188	1420
			3189	1421
			3190	1421
			3191	1422
			3192	1423
			3193	1423
			3194	1424
			3195	1424
			3196	1425
			3197	1425
			3198	1426
			3199	1426
			3200	1427
			3201	1428
			3202	1428
			3203	1429
			3204	1429
			3205	1430
			3206	1430
			3207	1431
			3208	1432
			3209	1432
			3210	1433
			3211	1433
			3212	1434
			3213	1434
			3214	1435
			3215	1435
			3216	1436
			3217	1436
			3218	1437
			3219	1438
			3220	1438
			3221	1438
			3221	1439
			3222	1439
			3223	1440
			3224	1440
			3224	1441
			3225	1441
			3226	1441
			3227	1442
			3228	1443
			3229	1443
			3230	1444
			3231	1444
			3232	1445
			3233	1445
			3234	1446
			3235	1446
			3236	1447
			3237	1448
			3238	1448
			3238	1449
			3239	1449
			3240	1450
			3241	1450
			3242	1451
			3243	1451
			3244	1452
			3245	1452
			3246	1453
			3247	1454
			3248	1454
			3249	1455
			3250	1455
			3251	1456
			3252	1457
			3253	1457
			3254	1457
			3255	1458
			3256	1459
			3257	1459
			3258	1460
			3259	1460
			3260	1461
			3261	1461
			3262	1462
			3263	1463
			3264	1463
			3265	1464
			3266	1464
			3267	1465
			3268	1465
			3268	1466
			3269	1466
			3270	1467
			3271	1468
			3272	1468
			3273	1469
			3274	1469
			3275	1470
			3276	1470
			3277	1471
			3278	1471
			3279	1472
			3280	1472
			3281	1473
			3282	1474
			3283	1474
			3284	1475
			3285	1475
			3286	1476
			3287	1477
			3288	1477
			3289	1478
			3290	1479
			3291	1479
			3292	1480
			3293	1480
			3293	1481
			3294	1481
			3295	1481
			3296	1482
			3297	1482
			3298	1483
			3299	1484
			3300	1485
			3301	1485
			3302	1486
			3303	1486
			3304	1487
			3305	1487
			3306	1488
			3307	1489
			3308	1489
			3309	1490
			3310	1490
			3311	1491
			3312	1492
			3313	1492
			3314	1493
			3315	1493
			3316	1494
			3317	1495
			3318	1495
			3319	1496
			3320	1496
			3321	1497
			3322	1498
			3323	1498
			3324	1499
			3325	1499
			3326	1500
			3327	1501
			3328	1501
			3329	1502
			3330	1502
			3331	1503
			3332	1504
			3333	1504
			3334	1505
			3335	1506
			3336	1506
			3337	1506
			3337	1507
			3338	1507
			3339	1507
			3339	1508
			3340	1508
			3341	1509
			3342	1510
			3343	1510
			3344	1511
			3345	1511
			3346	1512
			3347	1513
			3348	1513
			3349	1514
			3350	1514
			3351	1515
			3352	1515
			3352	1516
			3353	1516
			3354	1517
			3355	1517
			3356	1518
			3357	1518
			3358	1519
			3359	1520
			3360	1521
			3361	1521
			3362	1522
			3363	1522
			3364	1523
			3365	1524
			3366	1524
			3367	1525
			3368	1525
			3369	1526
			3370	1527
			3371	1527
			3372	1528
			3373	1528
			3374	1529
			3375	1529
			3376	1530
			3377	1531
			3378	1531
			3378	1532
			3379	1532
			3380	1533
			3381	1533
			3382	1534
			3383	1535
			3384	1535
			3385	1536
			3386	1536
			3387	1537
			3388	1537
			3389	1538
			3390	1539
			3391	1539
			3392	1540
			3393	1541
			3394	1541
			3395	1542
			3396	1543
			3397	1543
			3398	1544
			3399	1544
			3400	1545
			3401	1545
			3401	1546
			3402	1546
			3403	1547
			3404	1547
			3405	1548
			3406	1548
			3406	1549
			3407	1549
			3408	1550
			3409	1550
			3410	1551
			3411	1552
			3412	1553
			3413	1553
			3414	1554
			3415	1554
			3416	1555
			3417	1556
			3418	1556
			3419	1557
			3420	1557
			3421	1558
			3422	1559
			3423	1559
			3424	1560
			3425	1561
			3426	1561
			3427	1562
			3428	1562
			3429	1563
			3430	1564
			3431	1564
			3432	1565
			3433	1566
			3434	1566
			3435	1567
			3436	1567
			3437	1568
			3438	1569
			3439	1569
			3440	1570
			3441	1571
			3442	1571
			3443	1572
			3444	1572
			3445	1573
			3446	1574
			3447	1574
			3448	1575
			3449	1576
			3450	1576
			3451	1577
			3452	1577
			3453	1578
			3454	1579
			3455	1579
			3456	1580
			3457	1581
			3458	1581
			3459	1582
			3460	1583
			3461	1583
			3462	1584
			3463	1584
			3464	1585
			3465	1586
			3466	1586
			3467	1587
			3468	1588
			3469	1588
			3470	1589
			3471	1590
			3472	1590
			3473	1591
			3474	1592
			3475	1592
			3476	1593
			3477	1594
			3478	1595
			3479	1596
			3480	1596
			3481	1597
			3482	1597
			3483	1598
			3484	1599
			3485	1600
			3486	1600
			3487	1601
			3488	1602
			3489	1603
			3490	1603
			3491	1604
			3492	1605
			3493	1606
			3494	1607
			3495	1608
			3496	1608
			3497	1609
			3498	1610
			3499	1611
			3500	1611
			3501	1612
			3502	1613
			3503	1614
			3504	1615
			3505	1615
			3506	1616
			3507	1617
			3508	1618
			3509	1618
			3510	1619
			3510	1620
			3511	1621
			3512	1621
			3513	1622
			3514	1623
			3515	1624
			3516	1625
			3517	1626
			3518	1627
			3519	1628
			3520	1629
			3521	1630
			3522	1631
			3523	1632
			3524	1632
			3525	1633
			3526	1634
			3527	1635
			3528	1636
			3528	1637
			3529	1638
			3530	1639
			3531	1640
			3532	1641
			3533	1641
			3534	1642
			3534	1643
			3535	1644
			3536	1645
			3537	1646
			3537	1647
			3538	1648
			3539	1649
			3540	1649
			3540	1650
			3541	1651
			3542	1652
			3543	1653
			3543	1654
			3544	1655
			3545	1656
			3546	1657
			3547	1658
			3547	1659
			3548	1660
			3549	1661
			3549	1662
			3550	1663
			3551	1664
			3551	1665
			3552	1666
			3552	1667
			3553	1668
			3554	1669
			3554	1670
			3555	1671
			3555	1672
			3556	1673
			3556	1674
			3557	1674
			3557	1675
			3557	1676
			3558	1677
			3558	1678
			3559	1679
			3559	1680
			3559	1681
			3560	1681
			3560	1682
			3561	1683
			3561	1684
			3561	1685
			3562	1686
			3562	1687
			3562	1688
			3563	1689
			3563	1690
			3563	1691
			3564	1692
			3564	1693
			3564	1694
			3564	1695
			3565	1696
			3565	1697
			3565	1698
			3565	1699
			3565	1700
			3565	1701
			3566	1702
			3566	1703
			3566	1704
			3566	1705
			3566	1706
			3566	1707
			3566	1708
			3566	1709
			3566	1710
		</head>
		<dorsal type=matrix rownames=FALSE colnames=FALSE nrow=293 ncol=2 as.numeric=TRUE >
			3566	1710
			3567	1711
			3568	1711
			3568	1712
			3569	1713
			3570	1713
			3571	1714
			3572	1715
			3573	1716
			3574	1717
			3575	1717
			3576	1718
			3577	1719
			3577	1720
			3578	1720
			3579	1721
			3580	1722
			3581	1723
			3582	1723
			3583	1724
			3584	1725
			3585	1726
			3586	1727
			3587	1727
			3587	1728
			3588	1729
			3589	1730
			3590	1730
			3591	1731
			3592	1732
			3593	1733
			3594	1733
			3595	1734
			3596	1735
			3597	1736
			3598	1737
			3599	1738
			3600	1739
			3601	1739
			3601	1740
			3602	1740
			3603	1741
			3604	1742
			3605	1743
			3606	1744
			3607	1744
			3608	1745
			3609	1746
			3610	1747
			3611	1748
			3612	1748
			3613	1749
			3614	1750
			3615	1751
			3616	1752
			3617	1752
			3618	1753
			3619	1754
			3620	1755
			3621	1755
			3622	1756
			3623	1757
			3624	1758
			3625	1759
			3626	1760
			3627	1761
			3628	1761
			3629	1762
			3630	1763
			3631	1764
			3632	1765
			3633	1765
			3634	1766
			3635	1767
			3636	1768
			3637	1769
			3638	1770
			3639	1770
			3640	1771
			3641	1772
			3642	1773
			3643	1774
			3644	1774
			3645	1775
			3646	1776
			3647	1777
			3648	1778
			3649	1778
			3650	1779
			3651	1780
			3652	1781
			3653	1782
			3654	1782
			3655	1783
			3656	1784
			3657	1785
			3658	1786
			3659	1786
			3660	1787
			3661	1788
			3662	1789
			3663	1790
			3664	1790
			3665	1791
			3666	1792
			3667	1793
			3668	1793
			3669	1794
			3670	1795
			3671	1796
			3672	1797
			3673	1797
			3674	1798
			3675	1799
			3676	1800
			3677	1800
			3678	1801
			3679	1802
			3680	1802
			3680	1803
			3681	1803
			3682	1804
			3683	1805
			3684	1806
			3685	1806
			3686	1807
			3687	1808
			3688	1808
			3688	1809
			3689	1810
			3690	1810
			3691	1811
			3692	1812
			3693	1812
			3694	1813
			3695	1814
			3696	1815
			3697	1816
			3698	1817
			3699	1817
			3700	1818
			3701	1818
			3701	1819
			3702	1819
			3703	1820
			3704	1821
			3705	1822
			3706	1823
			3707	1823
			3708	1824
			3709	1825
			3710	1825
			3710	1826
			3711	1826
			3712	1827
			3713	1827
			3713	1828
			3714	1829
			3715	1829
			3716	1830
			3717	1831
			3718	1832
			3719	1832
			3720	1833
			3721	1834
			3722	1834
			3723	1835
			3724	1836
			3725	1837
			3726	1837
			3726	1838
			3727	1839
			3728	1839
			3729	1840
			3730	1841
			3731	1841
			3732	1842
			3733	1843
			3734	1843
			3735	1844
			3736	1845
			3737	1846
			3738	1846
			3739	1847
			3739	1848
			3740	1848
			3741	1849
			3742	1850
			3743	1850
			3744	1851
			3745	1852
			3746	1852
			3747	1853
			3748	1854
			3749	1855
			3750	1855
			3751	1856
			3752	1857
			3753	1857
			3753	1858
			3754	1859
			3755	1859
			3756	1860
			3757	1861
			3758	1861
			3759	1862
			3760	1863
			3761	1863
			3762	1864
			3763	1865
			3764	1866
			3765	1866
			3766	1867
			3767	1868
			3768	1868
			3768	1869
			3769	1870
			3770	1870
			3771	1871
			3772	1872
			3773	1872
			3774	1873
			3775	1874
			3776	1874
			3777	1875
			3778	1876
			3779	1876
			3780	1877
			3781	1878
			3782	1879
			3783	1879
			3784	1880
			3785	1881
			3786	1882
			3787	1882
			3788	1883
			3789	1884
			3790	1884
			3791	1885
			3792	1886
			3793	1887
			3794	1887
			3795	1888
			3796	1889
			3797	1890
			3798	1890
			3799	1891
			3800	1892
			3801	1892
			3802	1893
			3803	1894
			3804	1894
			3805	1895
			3806	1896
			3807	1897
			3808	1897
			3809	1898
			3810	1899
			3811	1899
			3812	1900
			3813	1901
			3814	1901
			3815	1902
			3816	1903
			3817	1904
			3818	1904
			3819	1905
			3820	1906
			3821	1906
			3822	1907
			3823	1908
			3824	1908
			3825	1909
			3826	1910
			3827	1911
			3828	1911
			3829	1912
			3830	1913
			3831	1913
			3832	1914
			3833	1915
			3834	1915
			3835	1916
			3836	1917
			3837	1917
			3838	1918
			3839	1919
			3840	1920
			3841	1920
			3842	1921
			3843	1922
			3844	1922
			3845	1923
		</dorsal>
		<caudal_dors_ant type=matrix rownames=FALSE colnames=FALSE nrow=1100 ncol=2 as.numeric=TRUE >
			3845	1923
			3846	1924
			3847	1924
			3848	1925
			3849	1925
			3850	1926
			3851	1926
			3852	1927
			3853	1927
			3854	1928
			3855	1928
			3856	1929
			3857	1929
			3858	1930
			3859	1931
			3860	1931
			3861	1932
			3862	1932
			3863	1933
			3864	1933
			3865	1934
			3866	1934
			3867	1935
			3868	1936
			3869	1936
			3870	1937
			3871	1937
			3872	1938
			3873	1938
			3874	1939
			3875	1939
			3876	1940
			3877	1940
			3878	1941
			3879	1941
			3880	1942
			3881	1942
			3882	1943
			3883	1944
			3884	1944
			3885	1944
			3885	1945
			3886	1945
			3887	1945
			3888	1946
			3889	1946
			3890	1947
			3891	1948
			3892	1948
			3893	1948
			3894	1949
			3895	1950
			3896	1950
			3897	1951
			3898	1951
			3899	1952
			3900	1952
			3901	1953
			3902	1953
			3903	1954
			3904	1954
			3905	1955
			3906	1955
			3907	1956
			3908	1956
			3909	1957
			3910	1957
			3911	1958
			3912	1958
			3913	1958
			3914	1959
			3915	1959
			3916	1960
			3917	1960
			3918	1961
			3919	1961
			3920	1962
			3921	1962
			3922	1963
			3923	1964
			3924	1964
			3925	1964
			3926	1965
			3927	1965
			3928	1966
			3929	1966
			3930	1967
			3931	1967
			3932	1968
			3933	1968
			3934	1969
			3935	1969
			3936	1970
			3937	1970
			3938	1971
			3939	1971
			3940	1972
			3941	1972
			3942	1973
			3943	1973
			3944	1973
			3945	1974
			3946	1974
			3947	1975
			3948	1975
			3949	1976
			3950	1976
			3951	1977
			3952	1977
			3953	1978
			3954	1978
			3955	1978
			3956	1979
			3957	1979
			3958	1980
			3959	1980
			3960	1981
			3961	1981
			3962	1982
			3963	1982
			3964	1982
			3965	1983
			3966	1983
			3967	1984
			3968	1984
			3969	1985
			3970	1985
			3971	1986
			3972	1986
			3973	1986
			3974	1987
			3975	1987
			3976	1988
			3977	1988
			3978	1989
			3979	1989
			3980	1989
			3981	1990
			3982	1990
			3983	1991
			3984	1991
			3985	1991
			3986	1992
			3987	1992
			3988	1993
			3989	1993
			3990	1993
			3991	1994
			3992	1994
			3993	1995
			3994	1995
			3995	1996
			3996	1996
			3997	1996
			3998	1997
			3999	1997
			4000	1998
			4001	1998
			4002	1998
			4003	1999
			4004	1999
			4005	1999
			4006	2000
			4007	2000
			4008	2001
			4009	2001
			4010	2002
			4011	2002
			4012	2002
			4013	2003
			4014	2003
			4015	2004
			4016	2004
			4017	2004
			4018	2005
			4019	2005
			4020	2005
			4020	2006
			4021	2006
			4022	2006
			4023	2007
			4024	2007
			4025	2007
			4025	2008
			4026	2008
			4027	2008
			4028	2009
			4029	2009
			4030	2009
			4031	2010
			4032	2010
			4033	2011
			4034	2011
			4035	2011
			4036	2012
			4037	2012
			4038	2012
			4039	2013
			4040	2013
			4041	2013
			4042	2014
			4043	2014
			4044	2015
			4045	2015
			4046	2015
			4047	2016
			4048	2016
			4049	2016
			4050	2017
			4051	2017
			4052	2017
			4053	2018
			4054	2018
			4055	2018
			4056	2019
			4057	2019
			4058	2019
			4059	2020
			4060	2020
			4061	2020
			4062	2021
			4063	2021
			4064	2021
			4065	2022
			4066	2022
			4067	2022
			4068	2023
			4069	2023
			4070	2023
			4071	2024
			4072	2024
			4073	2024
			4074	2025
			4075	2025
			4076	2025
			4077	2026
			4078	2026
			4079	2026
			4080	2027
			4081	2027
			4082	2027
			4083	2027
			4084	2028
			4085	2028
			4086	2028
			4087	2029
			4088	2029
			4089	2029
			4090	2030
			4091	2030
			4092	2030
			4093	2030
			4094	2031
			4095	2031
			4096	2031
			4097	2032
			4098	2032
			4099	2032
			4100	2033
			4101	2033
			4102	2033
			4103	2033
			4104	2034
			4105	2034
			4106	2034
			4107	2034
			4108	2035
			4109	2035
			4110	2035
			4110	2036
			4111	2036
			4112	2036
			4113	2036
			4114	2037
			4115	2037
			4116	2037
			4117	2037
			4118	2038
			4119	2038
			4120	2038
			4121	2039
			4122	2039
			4123	2039
			4124	2039
			4125	2039
			4126	2039
			4127	2039
			4128	2039
			4129	2039
			4130	2039
			4131	2039
			4132	2039
			4133	2039
			4134	2039
			4135	2039
			4136	2039
			4137	2039
			4138	2038
			4139	2038
			4140	2038
			4141	2038
			4142	2038
			4143	2038
			4144	2038
			4145	2038
			4146	2038
			4147	2038
			4148	2038
			4149	2038
			4150	2038
			4151	2038
			4152	2038
			4153	2038
			4154	2038
			4155	2038
			4156	2038
			4157	2038
			4158	2038
			4159	2038
			4160	2038
			4161	2038
			4162	2038
			4163	2038
			4164	2038
			4165	2037
			4166	2037
			4167	2037
			4168	2037
			4169	2037
			4170	2037
			4171	2037
			4172	2037
			4173	2037
			4174	2037
			4175	2037
			4176	2037
			4177	2037
			4178	2037
			4179	2037
			4180	2037
			4181	2037
			4182	2037
			4183	2037
			4184	2037
			4185	2037
			4186	2037
			4187	2037
			4188	2037
			4189	2037
			4190	2037
			4191	2036
			4192	2036
			4193	2036
			4194	2036
			4195	2036
			4196	2036
			4197	2036
			4198	2036
			4199	2036
			4200	2036
			4201	2036
			4202	2036
			4203	2036
			4204	2036
			4205	2036
			4206	2036
			4207	2036
			4208	2036
			4209	2036
			4210	2036
			4211	2036
			4212	2036
			4213	2036
			4214	2036
			4215	2035
			4216	2035
			4217	2035
			4218	2035
			4219	2035
			4220	2035
			4221	2035
			4222	2035
			4223	2035
			4224	2035
			4225	2035
			4226	2035
			4227	2035
			4228	2035
			4229	2035
			4230	2035
			4231	2035
			4232	2035
			4233	2035
			4234	2035
			4235	2035
			4236	2035
			4237	2035
			4238	2035
			4238	2034
			4239	2034
			4240	2034
			4241	2034
			4242	2034
			4243	2034
			4244	2034
			4245	2034
			4246	2034
			4247	2034
			4248	2034
			4249	2034
			4250	2034
			4251	2034
			4252	2034
			4253	2034
			4254	2034
			4255	2034
			4256	2034
			4257	2034
			4258	2034
			4259	2034
			4260	2034
			4261	2033
			4262	2033
			4263	2033
			4264	2033
			4265	2033
			4266	2033
			4267	2033
			4268	2033
			4269	2033
			4270	2033
			4271	2033
			4272	2033
			4273	2033
			4274	2033
			4275	2033
			4276	2033
			4277	2033
			4278	2033
			4279	2033
			4280	2033
			4281	2033
			4282	2032
			4283	2032
			4284	2032
			4285	2032
			4286	2032
			4287	2032
			4288	2032
			4289	2032
			4290	2032
			4291	2032
			4292	2032
			4293	2032
			4294	2032
			4295	2032
			4296	2032
			4297	2032
			4298	2032
			4299	2032
			4300	2032
			4301	2032
			4302	2032
			4303	2031
			4304	2031
			4305	2031
			4306	2031
			4307	2031
			4308	2031
			4309	2031
			4310	2031
			4311	2031
			4312	2031
			4313	2031
			4314	2031
			4315	2031
			4316	2031
			4317	2031
			4318	2031
			4319	2031
			4320	2031
			4321	2031
			4322	2031
			4323	2030
			4324	2030
			4325	2030
			4326	2030
			4327	2030
			4328	2030
			4329	2030
			4330	2030
			4331	2030
			4332	2030
			4333	2030
			4334	2030
			4335	2030
			4336	2030
			4337	2030
			4338	2030
			4339	2030
			4340	2030
			4341	2030
			4342	2030
			4343	2029
			4344	2029
			4345	2029
			4346	2029
			4347	2029
			4348	2029
			4349	2029
			4350	2029
			4351	2029
			4352	2029
			4353	2029
			4354	2029
			4355	2029
			4356	2029
			4357	2029
			4358	2029
			4359	2029
			4360	2029
			4361	2029
			4362	2028
			4363	2028
			4364	2028
			4365	2028
			4366	2028
			4367	2028
			4368	2028
			4369	2028
			4370	2028
			4371	2028
			4372	2028
			4373	2028
			4374	2028
			4375	2028
			4376	2028
			4377	2028
			4378	2028
			4379	2028
			4380	2027
			4381	2027
			4382	2027
			4383	2027
			4384	2027
			4385	2027
			4386	2027
			4387	2027
			4388	2027
			4389	2027
			4390	2027
			4391	2027
			4392	2027
			4393	2027
			4394	2027
			4395	2027
			4396	2027
			4397	2027
			4398	2026
			4399	2026
			4400	2026
			4401	2026
			4402	2026
			4403	2026
			4404	2026
			4405	2026
			4406	2026
			4407	2026
			4408	2026
			4409	2026
			4410	2026
			4411	2026
			4412	2026
			4413	2026
			4414	2026
			4415	2026
			4416	2025
			4417	2025
			4418	2025
			4419	2025
			4420	2025
			4421	2025
			4422	2025
			4423	2025
			4424	2025
			4425	2025
			4426	2025
			4427	2025
			4428	2025
			4429	2025
			4430	2025
			4431	2025
			4432	2025
			4433	2025
			4434	2024
			4435	2024
			4436	2024
			4437	2024
			4438	2024
			4439	2024
			4440	2024
			4441	2024
			4442	2024
			4441	2024
			4440	2024
			4439	2025
			4438	2025
			4437	2025
			4436	2025
			4436	2026
			4435	2026
			4434	2026
			4433	2026
			4432	2027
			4431	2027
			4430	2027
			4429	2027
			4428	2027
			4427	2028
			4426	2028
			4425	2028
			4424	2029
			4423	2029
			4422	2029
			4421	2029
			4420	2030
			4419	2030
			4418	2030
			4417	2030
			4416	2031
			4415	2031
			4414	2031
			4413	2032
			4412	2032
			4411	2032
			4410	2032
			4409	2033
			4408	2033
			4407	2033
			4406	2033
			4405	2034
			4404	2034
			4403	2034
			4402	2034
			4401	2035
			4400	2035
			4399	2035
			4398	2036
			4397	2036
			4396	2036
			4395	2036
			4394	2037
			4393	2037
			4392	2037
			4391	2038
			4390	2038
			4389	2038
			4388	2039
			4387	2039
			4386	2039
			4385	2039
			4384	2040
			4383	2040
			4382	2040
			4381	2041
			4380	2041
			4379	2041
			4378	2042
			4377	2042
			4376	2042
			4375	2042
			4374	2043
			4373	2043
			4372	2043
			4371	2044
			4370	2044
			4369	2044
			4368	2045
			4367	2045
			4366	2045
			4365	2045
			4364	2046
			4363	2046
			4362	2046
			4361	2047
			4360	2047
			4359	2047
			4358	2048
			4357	2048
			4356	2048
			4355	2049
			4354	2049
			4353	2049
			4352	2050
			4351	2050
			4350	2050
			4349	2051
			4348	2051
			4347	2051
			4346	2051
			4345	2052
			4344	2052
			4343	2052
			4342	2053
			4341	2053
			4340	2053
			4339	2054
			4338	2054
			4337	2054
			4336	2055
			4335	2055
			4334	2055
			4333	2056
			4332	2056
			4331	2056
			4330	2057
			4329	2057
			4328	2057
			4327	2058
			4326	2058
			4325	2059
			4324	2059
			4323	2059
			4322	2060
			4321	2060
			4320	2060
			4319	2061
			4318	2061
			4317	2061
			4316	2062
			4315	2062
			4314	2063
			4313	2063
			4312	2063
			4311	2064
			4310	2064
			4309	2064
			4308	2065
			4307	2065
			4306	2065
			4305	2066
			4304	2066
			4303	2066
			4302	2067
			4301	2067
			4300	2067
			4299	2068
			4298	2068
			4297	2069
			4296	2069
			4295	2069
			4294	2070
			4293	2070
			4292	2071
			4291	2071
			4290	2071
			4289	2072
			4288	2072
			4287	2072
			4286	2073
			4285	2073
			4284	2073
			4283	2074
			4282	2074
			4281	2075
			4280	2075
			4279	2076
			4278	2076
			4277	2076
			4276	2077
			4275	2077
			4274	2078
			4273	2078
			4272	2079
			4271	2080
			4270	2081
			4269	2081
			4268	2082
			4267	2083
			4266	2084
			4265	2085
			4264	2086
			4264	2087
			4263	2088
			4263	2089
			4263	2090
			4264	2091
			4264	2092
			4264	2093
			4265	2093
			4265	2094
			4266	2095
			4267	2096
			4268	2097
			4269	2098
			4270	2099
			4271	2099
			4272	2100
			4273	2100
			4274	2101
			4275	2102
			4276	2102
			4277	2103
			4278	2103
			4279	2103
			4279	2104
			4280	2104
			4281	2104
			4282	2105
			4283	2105
			4284	2106
			4285	2106
			4286	2106
			4287	2107
			4288	2107
			4289	2108
			4290	2108
			4291	2108
			4292	2109
			4293	2109
			4294	2109
			4295	2109
			4296	2110
			4297	2110
			4298	2110
			4299	2111
			4300	2111
			4301	2111
			4302	2111
			4303	2112
			4304	2112
			4305	2112
			4306	2113
			4307	2113
			4308	2113
			4309	2113
			4310	2114
			4311	2114
			4312	2114
			4313	2115
			4314	2115
			4315	2115
			4316	2115
			4317	2115
			4318	2115
			4319	2115
			4320	2115
			4321	2116
			4322	2116
			4323	2116
			4324	2116
			4325	2116
			4326	2116
			4327	2116
			4328	2116
			4329	2116
			4330	2116
			4331	2116
			4332	2117
			4333	2117
			4334	2117
			4335	2117
			4336	2117
			4337	2117
			4338	2117
			4339	2117
			4340	2117
			4341	2117
			4342	2117
			4343	2117
			4344	2117
			4345	2118
			4346	2118
			4347	2118
			4348	2118
			4349	2118
			4350	2118
			4351	2118
			4352	2118
			4353	2118
			4354	2118
			4355	2118
			4356	2118
			4357	2119
			4358	2119
			4359	2119
			4360	2119
			4361	2119
			4362	2119
			4363	2119
			4364	2119
			4365	2119
			4366	2119
			4367	2119
			4368	2119
			4369	2119
			4370	2119
			4371	2120
			4372	2120
			4373	2120
			4374	2120
			4375	2120
			4376	2120
			4377	2120
			4378	2120
			4379	2120
			4380	2120
			4381	2120
			4382	2120
			4383	2120
			4384	2120
			4385	2121
			4386	2121
			4387	2121
			4388	2121
			4389	2121
			4390	2121
			4391	2121
			4392	2121
			4393	2121
			4394	2121
			4395	2121
			4396	2121
			4397	2121
			4398	2121
			4399	2122
			4400	2122
			4401	2122
			4402	2122
			4403	2122
			4404	2122
			4405	2122
			4406	2122
			4407	2122
			4408	2122
			4409	2122
			4410	2122
			4411	2122
			4412	2122
			4413	2122
			4414	2122
			4415	2123
			4416	2123
			4417	2123
			4418	2123
			4419	2123
			4420	2123
			4421	2123
			4422	2123
			4423	2123
			4424	2123
			4425	2123
			4426	2123
			4427	2123
			4428	2123
			4429	2123
			4430	2123
			4431	2124
			4432	2124
			4433	2124
			4434	2124
			4435	2124
			4436	2124
			4437	2124
			4438	2124
			4439	2124
			4440	2124
			4441	2124
			4442	2124
			4443	2124
			4444	2124
			4445	2124
			4446	2124
			4447	2124
			4448	2124
			4449	2125
			4450	2125
			4451	2125
			4452	2125
			4453	2125
			4454	2125
			4455	2125
			4456	2125
			4457	2125
			4458	2125
			4459	2125
			4460	2125
			4461	2125
			4462	2125
			4463	2125
			4464	2125
			4465	2125
			4466	2125
			4467	2125
			4468	2126
			4469	2126
			4470	2126
			4471	2126
			4472	2126
			4473	2126
			4474	2126
			4475	2126
			4476	2126
			4477	2126
			4478	2126
			4479	2126
			4480	2126
			4481	2126
			4482	2126
			4483	2126
			4484	2126
			4485	2126
			4486	2126
			4487	2127
			4488	2127
			4489	2127
			4490	2127
			4491	2127
			4492	2127
			4493	2127
			4494	2127
			4495	2127
			4496	2127
			4497	2127
			4498	2127
			4499	2127
			4500	2127
			4501	2127
			4502	2127
			4503	2127
			4504	2127
			4505	2127
			4506	2127
			4507	2127
			4508	2127
			4509	2128
			4510	2128
			4511	2128
			4512	2128
			4513	2128
			4514	2128
			4515	2128
			4516	2128
			4517	2128
			4518	2128
			4519	2128
			4520	2128
			4521	2128
			4522	2128
			4523	2128
			4524	2128
			4525	2128
			4526	2128
			4527	2128
			4528	2128
			4529	2128
			4530	2128
			4531	2128
			4532	2128
			4533	2129
			4534	2129
			4535	2129
			4536	2129
			4537	2129
			4538	2129
			4539	2129
			4540	2129
			4541	2129
			4542	2129
			4543	2129
			4544	2129
			4545	2129
			4546	2129
			4547	2129
			4548	2129
			4549	2129
			4550	2129
			4551	2129
			4552	2129
			4553	2129
			4554	2129
			4555	2129
			4556	2129
			4557	2129
			4558	2129
			4559	2130
			4560	2130
			4561	2130
			4562	2130
			4563	2130
			4564	2130
			4565	2130
			4566	2130
			4567	2130
			4568	2130
			4569	2130
			4570	2130
			4571	2130
			4572	2130
			4573	2130
		</caudal_dors_ant>
		<caud_dors_post type=matrix rownames=FALSE colnames=FALSE nrow=406 ncol=2 as.numeric=TRUE >
			4573	2130
			4574	2130
			4575	2130
			4576	2130
			4577	2129
			4578	2129
			4579	2129
			4580	2129
			4581	2129
			4582	2129
			4582	2128
			4583	2128
			4584	2128
			4585	2128
			4586	2128
			4587	2128
			4588	2128
			4589	2127
			4590	2127
			4591	2127
			4592	2127
			4593	2127
			4594	2127
			4595	2126
			4596	2126
			4597	2126
			4598	2126
			4599	2126
			4600	2126
			4601	2126
			4602	2125
			4603	2125
			4604	2125
			4605	2125
			4606	2125
			4607	2125
			4608	2124
			4609	2124
			4610	2124
			4611	2124
			4612	2124
			4613	2124
			4614	2123
			4615	2123
			4616	2123
			4617	2123
			4618	2123
			4619	2123
			4620	2122
			4621	2122
			4622	2122
			4623	2122
			4624	2122
			4625	2122
			4626	2121
			4627	2121
			4628	2121
			4629	2121
			4630	2121
			4631	2121
			4632	2120
			4633	2120
			4634	2120
			4635	2120
			4636	2120
			4637	2120
			4638	2119
			4639	2119
			4640	2119
			4641	2119
			4642	2119
			4643	2119
			4644	2119
			4645	2118
			4646	2118
			4647	2118
			4648	2118
			4649	2118
			4650	2118
			4651	2117
			4652	2117
			4653	2117
			4654	2117
			4655	2117
			4656	2117
			4657	2116
			4658	2116
			4659	2116
			4660	2116
			4661	2116
			4662	2116
			4663	2115
			4664	2115
			4665	2115
			4666	2115
			4667	2115
			4668	2115
			4669	2115
			4670	2114
			4671	2114
			4672	2114
			4673	2114
			4674	2114
			4675	2113
			4676	2113
			4677	2113
			4678	2113
			4679	2113
			4680	2113
			4681	2113
			4682	2112
			4683	2112
			4684	2112
			4685	2112
			4686	2112
			4687	2112
			4688	2111
			4689	2111
			4690	2111
			4691	2111
			4692	2111
			4693	2111
			4694	2110
			4695	2110
			4696	2110
			4697	2110
			4698	2110
			4699	2110
			4700	2109
			4701	2109
			4702	2109
			4703	2109
			4704	2109
			4705	2109
			4706	2109
			4706	2108
			4707	2108
			4708	2108
			4709	2108
			4710	2108
			4711	2108
			4712	2107
			4713	2107
			4714	2107
			4715	2107
			4716	2107
			4717	2107
			4718	2106
			4719	2106
			4720	2106
			4721	2106
			4722	2106
			4723	2106
			4724	2105
			4725	2105
			4726	2105
			4727	2105
			4728	2105
			4729	2105
			4730	2104
			4731	2104
			4732	2104
			4733	2104
			4734	2104
			4735	2104
			4736	2103
			4737	2103
			4738	2103
			4739	2103
			4740	2103
			4741	2103
			4742	2102
			4743	2102
			4744	2102
			4745	2102
			4746	2102
			4747	2102
			4748	2102
			4749	2101
			4750	2101
			4751	2101
			4752	2101
			4753	2101
			4754	2100
			4755	2100
			4756	2100
			4757	2100
			4758	2100
			4759	2100
			4760	2100
			4761	2099
			4762	2099
			4763	2099
			4764	2099
			4765	2099
			4766	2099
			4767	2098
			4768	2098
			4769	2098
			4770	2098
			4771	2098
			4772	2098
			4773	2097
			4774	2097
			4775	2097
			4776	2097
			4777	2097
			4778	2097
			4779	2096
			4780	2096
			4781	2096
			4782	2096
			4783	2096
			4784	2096
			4785	2095
			4786	2095
			4787	2095
			4788	2095
			4789	2095
			4790	2095
			4791	2095
			4791	2094
			4792	2094
			4793	2094
			4794	2094
			4795	2094
			4796	2094
			4797	2093
			4798	2093
			4799	2093
			4800	2093
			4801	2093
			4802	2093
			4803	2092
			4804	2092
			4805	2092
			4806	2092
			4807	2092
			4808	2092
			4809	2092
			4810	2091
			4811	2091
			4812	2091
			4813	2091
			4814	2091
			4815	2090
			4816	2090
			4817	2090
			4818	2090
			4819	2090
			4820	2090
			4821	2089
			4822	2089
			4823	2089
			4824	2089
			4825	2089
			4826	2089
			4827	2088
			4828	2088
			4829	2088
			4830	2088
			4831	2088
			4832	2088
			4833	2087
			4834	2087
			4835	2087
			4836	2087
			4837	2087
			4838	2087
			4839	2086
			4840	2086
			4841	2086
			4842	2086
			4843	2086
			4844	2086
			4845	2085
			4846	2085
			4847	2085
			4848	2085
			4849	2085
			4850	2085
			4851	2084
			4852	2084
			4853	2084
			4854	2084
			4855	2084
			4856	2084
			4857	2083
			4858	2083
			4859	2083
			4860	2083
			4861	2083
			4862	2083
			4863	2082
			4864	2082
			4865	2082
			4866	2082
			4867	2082
			4868	2082
			4869	2082
			4869	2081
			4870	2081
			4871	2081
			4872	2081
			4873	2081
			4874	2081
			4875	2081
			4876	2080
			4877	2080
			4878	2080
			4879	2080
			4880	2080
			4881	2080
			4881	2079
			4882	2079
			4883	2079
			4884	2079
			4885	2079
			4886	2079
			4887	2078
			4888	2078
			4889	2078
			4890	2078
			4891	2078
			4892	2078
			4893	2077
			4894	2077
			4895	2077
			4896	2077
			4897	2077
			4898	2077
			4899	2076
			4900	2076
			4901	2076
			4902	2076
			4903	2076
			4904	2076
			4905	2075
			4906	2075
			4907	2075
			4908	2075
			4909	2075
			4910	2075
			4911	2074
			4912	2074
			4913	2074
			4914	2074
			4915	2074
			4916	2074
			4917	2073
			4918	2073
			4919	2073
			4920	2073
			4921	2073
			4922	2073
			4923	2073
			4924	2072
			4925	2072
			4926	2072
			4927	2072
			4928	2072
			4929	2071
			4930	2071
			4931	2071
			4932	2071
			4933	2071
			4934	2071
			4935	2070
			4936	2070
			4937	2070
			4938	2070
			4939	2070
			4940	2070
			4941	2069
			4942	2069
			4943	2069
			4944	2069
			4945	2069
			4946	2069
			4947	2068
			4948	2068
			4949	2068
			4950	2068
			4951	2068
			4952	2067
			4953	2067
			4954	2067
			4955	2067
			4956	2067
			4957	2067
			4958	2066
			4959	2066
			4960	2066
			4961	2066
			4962	2066
			4963	2066
			4964	2065
			4965	2065
			4966	2065
			4967	2065
			4968	2065
			4969	2065
			4970	2064
			4971	2064
			4972	2064
			4973	2064
		</caud_dors_post>
		<caud_vent_post type=matrix rownames=FALSE colnames=FALSE nrow=445 ncol=2 as.numeric=TRUE >
			5059	2363
			5058	2363
			5057	2364
			5056	2364
			5055	2364
			5054	2364
			5053	2365
			5052	2365
			5051	2365
			5050	2365
			5049	2366
			5048	2366
			5047	2366
			5046	2366
			5045	2367
			5044	2367
			5043	2367
			5042	2368
			5041	2368
			5040	2368
			5039	2368
			5038	2369
			5037	2369
			5036	2369
			5035	2369
			5034	2370
			5033	2370
			5032	2370
			5031	2370
			5030	2371
			5029	2371
			5028	2371
			5027	2372
			5026	2372
			5025	2372
			5024	2372
			5023	2373
			5022	2373
			5021	2373
			5020	2373
			5019	2374
			5018	2374
			5017	2374
			5016	2374
			5015	2375
			5014	2375
			5013	2375
			5012	2375
			5011	2376
			5010	2376
			5009	2376
			5008	2377
			5007	2377
			5006	2377
			5005	2377
			5004	2378
			5003	2378
			5002	2378
			5001	2378
			5000	2379
			4999	2379
			4998	2379
			4997	2379
			4996	2380
			4995	2380
			4994	2380
			4993	2380
			4992	2381
			4991	2381
			4990	2381
			4989	2381
			4988	2382
			4987	2382
			4986	2382
			4985	2382
			4984	2383
			4983	2383
			4982	2383
			4981	2383
			4980	2384
			4979	2384
			4978	2384
			4977	2384
			4976	2385
			4975	2385
			4974	2385
			4973	2385
			4972	2386
			4971	2386
			4970	2386
			4969	2386
			4968	2387
			4967	2387
			4966	2387
			4965	2387
			4964	2388
			4963	2388
			4962	2388
			4961	2388
			4960	2389
			4959	2389
			4958	2389
			4957	2389
			4956	2390
			4955	2390
			4954	2390
			4953	2390
			4952	2391
			4951	2391
			4950	2391
			4949	2391
			4948	2392
			4947	2392
			4946	2392
			4945	2392
			4944	2393
			4943	2393
			4942	2393
			4941	2393
			4940	2394
			4939	2394
			4938	2394
			4937	2394
			4936	2395
			4935	2395
			4934	2395
			4933	2395
			4932	2396
			4931	2396
			4930	2396
			4929	2396
			4928	2397
			4927	2397
			4926	2397
			4925	2397
			4924	2398
			4923	2398
			4922	2398
			4921	2398
			4920	2399
			4919	2399
			4918	2399
			4917	2399
			4916	2400
			4915	2400
			4914	2400
			4913	2400
			4912	2400
			4911	2401
			4910	2401
			4909	2401
			4908	2401
			4907	2402
			4906	2402
			4905	2402
			4904	2402
			4903	2403
			4902	2403
			4901	2403
			4900	2403
			4899	2404
			4898	2404
			4897	2404
			4896	2404
			4895	2405
			4894	2405
			4893	2405
			4892	2405
			4891	2406
			4890	2406
			4889	2406
			4888	2406
			4887	2407
			4886	2407
			4885	2407
			4884	2407
			4883	2407
			4883	2408
			4882	2408
			4881	2408
			4880	2408
			4879	2408
			4878	2409
			4877	2409
			4876	2409
			4875	2410
			4874	2410
			4873	2410
			4872	2410
			4871	2410
			4870	2411
			4869	2411
			4868	2411
			4867	2411
			4866	2412
			4865	2412
			4864	2412
			4863	2412
			4862	2413
			4861	2413
			4860	2413
			4859	2413
			4858	2413
			4857	2414
			4856	2414
			4855	2414
			4854	2414
			4853	2415
			4852	2415
			4851	2415
			4850	2415
			4849	2415
			4849	2416
			4848	2416
			4847	2416
			4846	2416
			4845	2416
			4844	2417
			4843	2417
			4842	2417
			4841	2417
			4840	2418
			4839	2418
			4838	2418
			4837	2418
			4836	2418
			4836	2419
			4835	2419
			4834	2419
			4833	2419
			4832	2419
			4831	2420
			4830	2420
			4829	2420
			4828	2420
			4827	2421
			4826	2421
			4825	2421
			4824	2421
			4823	2421
			4822	2422
			4821	2422
			4820	2422
			4819	2423
			4818	2423
			4817	2423
			4816	2423
			4815	2423
			4814	2424
			4813	2424
			4812	2424
			4811	2424
			4810	2424
			4809	2425
			4808	2425
			4807	2425
			4806	2425
			4805	2426
			4804	2426
			4803	2426
			4802	2426
			4801	2426
			4800	2427
			4799	2427
			4798	2427
			4797	2427
			4796	2428
			4795	2428
			4794	2428
			4793	2428
			4792	2428
			4791	2429
			4790	2429
			4789	2429
			4788	2429
			4787	2430
			4786	2430
			4785	2430
			4784	2430
			4783	2430
			4782	2431
			4781	2431
			4780	2431
			4779	2431
			4778	2432
			4777	2432
			4776	2432
			4775	2432
			4774	2432
			4773	2433
			4772	2433
			4771	2433
			4770	2433
			4769	2433
			4769	2434
			4768	2434
			4767	2434
			4766	2434
			4765	2434
			4764	2435
			4763	2435
			4762	2435
			4761	2435
			4760	2435
			4759	2436
			4758	2436
			4757	2436
			4756	2436
			4755	2437
			4754	2437
			4753	2437
			4752	2437
			4751	2437
			4750	2438
			4749	2438
			4748	2438
			4747	2438
			4746	2438
			4745	2439
			4744	2439
			4743	2439
			4742	2439
			4741	2440
			4740	2440
			4739	2440
			4738	2440
			4737	2440
			4736	2441
			4735	2441
			4734	2441
			4733	2441
			4732	2441
			4731	2442
			4730	2442
			4729	2442
			4728	2442
			4727	2443
			4726	2443
			4725	2443
			4724	2443
			4723	2443
			4722	2444
			4721	2444
			4720	2444
			4719	2444
			4718	2444
			4717	2445
			4716	2445
			4715	2445
			4714	2445
			4713	2445
			4712	2446
			4711	2446
			4710	2446
			4709	2446
			4708	2446
			4707	2447
			4706	2447
			4705	2447
			4704	2447
			4703	2447
			4702	2448
			4701	2448
			4700	2448
			4699	2448
			4698	2448
			4697	2449
			4696	2449
			4695	2449
			4694	2449
			4693	2449
			4692	2450
			4691	2450
			4690	2450
			4689	2450
			4688	2450
			4687	2451
			4686	2451
			4685	2451
			4684	2451
			4683	2451
			4682	2452
			4681	2452
			4680	2452
			4679	2452
			4678	2452
			4677	2453
			4676	2453
			4675	2453
			4674	2453
			4673	2454
			4672	2454
			4671	2454
			4670	2454
			4669	2454
			4668	2455
			4667	2455
			4666	2455
			4665	2455
			4664	2455
			4663	2456
			4662	2456
			4661	2456
			4660	2456
			4659	2456
			4658	2457
			4657	2457
			4656	2457
			4655	2457
			4654	2457
			4653	2458
			4652	2458
			4651	2458
			4650	2458
			4649	2458
			4648	2459
			4647	2459
			4646	2459
			4645	2459
			4644	2459
			4643	2460
			4642	2460
			4641	2460
			4640	2460
			4639	2460
			4638	2460
			4637	2461
			4636	2461
			4635	2461
			4634	2461
			4633	2461
			4632	2462
			4631	2462
			4630	2462
			4629	2462
			4628	2462
			4627	2463
			4626	2463
			4625	2463
			4624	2463
			4623	2463
			4622	2463
			4621	2464
			4620	2464
			4619	2464
		</caud_vent_post>
		<caudal_vent_ant type=matrix rownames=FALSE colnames=FALSE nrow=432 ncol=2 as.numeric=TRUE >
			4619	2464
			4618	2464
			4617	2464
			4616	2464
			4615	2464
			4614	2465
			4613	2465
			4612	2465
			4611	2465
			4610	2465
			4609	2465
			4608	2465
			4607	2465
			4606	2465
			4605	2465
			4604	2466
			4603	2466
			4602	2466
			4601	2466
			4600	2466
			4599	2466
			4598	2466
			4597	2466
			4596	2466
			4595	2467
			4594	2467
			4593	2467
			4592	2467
			4591	2467
			4590	2467
			4589	2467
			4588	2467
			4587	2467
			4586	2468
			4585	2468
			4584	2468
			4583	2468
			4582	2468
			4581	2468
			4580	2468
			4579	2468
			4578	2468
			4577	2468
			4576	2469
			4575	2469
			4574	2469
			4573	2469
			4572	2469
			4571	2469
			4570	2469
			4569	2469
			4568	2469
			4567	2469
			4566	2470
			4565	2470
			4564	2470
			4563	2470
			4562	2470
			4561	2470
			4560	2470
			4559	2470
			4558	2470
			4557	2470
			4556	2471
			4555	2471
			4554	2471
			4553	2471
			4552	2471
			4551	2471
			4550	2471
			4549	2471
			4548	2471
			4547	2471
			4546	2472
			4545	2472
			4544	2472
			4543	2472
			4542	2472
			4541	2472
			4540	2472
			4539	2472
			4538	2472
			4537	2472
			4536	2473
			4535	2473
			4534	2473
			4533	2473
			4532	2473
			4531	2473
			4530	2473
			4529	2473
			4528	2473
			4527	2473
			4526	2473
			4525	2474
			4524	2474
			4523	2474
			4522	2474
			4521	2474
			4520	2474
			4519	2474
			4518	2474
			4517	2474
			4516	2474
			4515	2474
			4514	2475
			4513	2475
			4512	2475
			4511	2475
			4510	2475
			4509	2475
			4508	2475
			4507	2475
			4506	2475
			4505	2475
			4504	2475
			4503	2476
			4502	2476
			4501	2476
			4500	2476
			4499	2476
			4498	2476
			4497	2476
			4496	2476
			4495	2476
			4494	2476
			4493	2476
			4492	2476
			4491	2477
			4490	2477
			4489	2477
			4488	2477
			4487	2477
			4486	2477
			4485	2477
			4484	2477
			4483	2477
			4482	2477
			4481	2477
			4480	2477
			4479	2478
			4478	2478
			4477	2478
			4476	2478
			4475	2478
			4474	2478
			4473	2478
			4472	2478
			4471	2478
			4470	2478
			4469	2478
			4468	2478
			4467	2478
			4466	2479
			4465	2479
			4464	2479
			4463	2479
			4462	2479
			4461	2479
			4460	2479
			4459	2479
			4458	2479
			4457	2479
			4456	2479
			4455	2479
			4454	2480
			4453	2480
			4452	2480
			4451	2480
			4450	2480
			4449	2480
			4448	2480
			4447	2480
			4446	2480
			4445	2480
			4444	2480
			4443	2480
			4442	2480
			4441	2481
			4440	2481
			4439	2481
			4438	2481
			4437	2481
			4436	2481
			4435	2481
			4434	2481
			4433	2481
			4432	2481
			4431	2481
			4430	2481
			4429	2481
			4428	2481
			4427	2482
			4426	2482
			4425	2482
			4424	2482
			4423	2482
			4422	2482
			4421	2482
			4420	2482
			4419	2482
			4418	2482
			4417	2482
			4416	2482
			4415	2482
			4414	2482
			4413	2482
			4412	2483
			4411	2483
			4410	2483
			4409	2483
			4408	2483
			4407	2483
			4406	2483
			4405	2483
			4404	2483
			4403	2483
			4402	2483
			4401	2483
			4400	2483
			4399	2483
			4398	2483
			4397	2484
			4396	2484
			4395	2484
			4394	2484
			4393	2484
			4392	2484
			4391	2484
			4390	2484
			4389	2484
			4388	2484
			4387	2484
			4386	2484
			4385	2484
			4384	2484
			4383	2484
			4382	2484
			4381	2485
			4380	2485
			4379	2485
			4378	2485
			4377	2485
			4376	2485
			4375	2485
			4374	2485
			4373	2485
			4372	2485
			4371	2485
			4370	2485
			4369	2485
			4368	2485
			4367	2485
			4366	2485
			4365	2485
			4364	2486
			4363	2486
			4362	2486
			4361	2486
			4360	2486
			4359	2486
			4358	2486
			4357	2486
			4356	2486
			4355	2486
			4354	2486
			4353	2486
			4352	2486
			4351	2486
			4350	2486
			4349	2486
			4348	2486
			4347	2486
			4346	2486
			4345	2486
			4344	2487
			4343	2487
			4342	2487
			4341	2487
			4340	2487
			4339	2487
			4338	2487
			4337	2487
			4336	2487
			4335	2487
			4334	2487
			4333	2487
			4332	2487
			4331	2487
			4330	2487
			4329	2487
			4328	2487
			4327	2487
			4326	2487
			4325	2487
			4324	2487
			4323	2488
			4322	2488
			4321	2488
			4320	2488
			4319	2488
			4318	2488
			4317	2488
			4316	2488
			4315	2488
			4314	2488
			4313	2488
			4312	2488
			4311	2488
			4310	2488
			4309	2488
			4308	2488
			4307	2488
			4306	2488
			4305	2488
			4304	2488
			4303	2488
			4302	2488
			4301	2488
			4300	2488
			4299	2489
			4298	2489
			4297	2489
			4296	2489
			4295	2489
			4294	2489
			4293	2489
			4292	2489
			4291	2489
			4290	2489
			4289	2489
			4288	2489
			4287	2489
			4286	2489
			4285	2489
			4285	2490
			4284	2490
			4284	2491
			4283	2492
			4283	2493
			4282	2493
			4282	2494
			4281	2495
			4280	2496
			4279	2497
			4279	2498
			4278	2499
			4278	2500
			4277	2501
			4276	2502
			4275	2503
			4275	2504
			4274	2505
			4273	2506
			4273	2507
			4272	2508
			4271	2509
			4271	2510
			4270	2511
			4269	2512
			4269	2513
			4268	2514
			4267	2514
			4267	2515
			4266	2516
			4265	2517
			4264	2518
			4264	2519
			4263	2520
			4262	2521
			4261	2522
			4260	2523
			4259	2524
			4259	2525
			4258	2526
			4257	2527
			4256	2528
			4255	2529
			4254	2530
			4254	2531
			4253	2532
			4252	2533
			4251	2534
			4250	2535
			4249	2536
			4248	2537
			4248	2538
			4247	2539
			4246	2539
			4245	2540
			4244	2541
			4243	2542
			4243	2543
			4242	2544
			4241	2545
			4240	2545
			4239	2546
			4238	2547
			4237	2548
			4237	2549
			4236	2549
			4235	2550
			4234	2551
			4233	2552
			4232	2553
			4231	2553
			4231	2554
			4230	2555
			4229	2556
			4228	2556
			4227	2557
			4226	2558
			4225	2558
			4224	2559
			4224	2560
			4223	2560
			4222	2561
			4221	2562
			4220	2562
			4219	2563
			4218	2564
			4217	2564
			4217	2565
			4216	2566
			4215	2566
			4214	2567
			4213	2567
			4212	2568
			4211	2569
			4210	2569
			4210	2570
			4209	2570
		</caudal_vent_ant>
		<anal type=matrix rownames=FALSE colnames=FALSE nrow=263 ncol=2 as.numeric=TRUE >
			4209	2570
			4208	2570
			4208	2571
			4207	2571
			4206	2572
			4205	2572
			4205	2573
			4204	2573
			4203	2574
			4202	2574
			4202	2575
			4201	2575
			4200	2576
			4199	2576
			4199	2577
			4198	2577
			4197	2578
			4196	2578
			4196	2579
			4195	2579
			4194	2580
			4193	2580
			4193	2581
			4192	2581
			4191	2582
			4190	2582
			4190	2583
			4189	2583
			4188	2584
			4187	2584
			4187	2585
			4186	2585
			4185	2586
			4184	2586
			4184	2587
			4183	2587
			4182	2588
			4181	2588
			4181	2589
			4180	2589
			4179	2590
			4178	2590
			4178	2591
			4177	2591
			4176	2592
			4175	2592
			4175	2593
			4174	2593
			4173	2594
			4172	2594
			4172	2595
			4171	2595
			4170	2596
			4169	2596
			4169	2597
			4168	2597
			4167	2598
			4166	2598
			4166	2599
			4165	2599
			4164	2600
			4163	2601
			4162	2602
			4161	2602
			4160	2603
			4159	2603
			4158	2604
			4157	2605
			4156	2605
			4155	2606
			4154	2607
			4153	2608
			4152	2608
			4151	2609
			4150	2610
			4149	2611
			4148	2611
			4147	2612
			4146	2613
			4145	2613
			4145	2614
			4144	2614
			4143	2615
			4142	2615
			4141	2616
			4141	2617
			4140	2617
			4139	2618
			4138	2618
			4137	2619
			4136	2620
			4135	2621
			4134	2621
			4133	2622
			4132	2623
			4131	2623
			4130	2624
			4129	2625
			4128	2626
			4127	2626
			4126	2627
			4125	2628
			4124	2628
			4123	2629
			4122	2630
			4121	2631
			4120	2631
			4119	2632
			4118	2633
			4117	2633
			4117	2634
			4116	2635
			4115	2636
			4114	2636
			4113	2637
			4112	2638
			4111	2639
			4110	2639
			4109	2640
			4108	2641
			4107	2642
			4106	2642
			4105	2643
			4104	2644
			4103	2644
			4102	2645
			4101	2646
			4100	2647
			4099	2647
			4098	2648
			4097	2649
			4096	2650
			4095	2651
			4094	2651
			4093	2652
			4092	2653
			4091	2654
			4090	2654
			4089	2655
			4088	2656
			4087	2657
			4086	2657
			4085	2658
			4084	2659
			4083	2660
			4082	2660
			4081	2661
			4080	2662
			4079	2663
			4078	2664
			4077	2664
			4076	2665
			4075	2666
			4074	2667
			4073	2667
			4072	2668
			4071	2669
			4070	2670
			4069	2671
			4068	2671
			4067	2672
			4066	2673
			4065	2674
			4064	2675
			4063	2675
			4062	2676
			4061	2677
			4060	2678
			4059	2679
			4058	2679
			4057	2680
			4056	2681
			4055	2682
			4054	2683
			4053	2684
			4052	2684
			4051	2685
			4050	2686
			4049	2687
			4048	2688
			4047	2688
			4046	2689
			4045	2690
			4044	2691
			4043	2692
			4042	2693
			4041	2693
			4040	2694
			4039	2695
			4038	2696
			4037	2697
			4036	2698
			4035	2698
			4034	2699
			4033	2700
			4032	2701
			4031	2702
			4030	2703
			4029	2703
			4028	2704
			4027	2705
			4026	2706
			4025	2707
			4024	2708
			4023	2709
			4022	2709
			4021	2710
			4020	2711
			4019	2712
			4018	2713
			4017	2713
			4016	2714
			4015	2715
			4014	2716
			4013	2717
			4012	2718
			4011	2718
			4010	2719
			4010	2720
			4009	2720
			4008	2721
			4007	2721
			4007	2722
			4006	2723
			4005	2723
			4004	2724
			4004	2725
			4003	2725
			4002	2726
			4001	2727
			4000	2728
			3999	2729
			3998	2729
			3997	2730
			3996	2731
			3995	2732
			3994	2733
			3993	2734
			3992	2735
			3991	2735
			3991	2736
			3990	2736
			3989	2737
			3989	2738
			3988	2738
			3987	2739
			3986	2740
			3985	2741
			3984	2742
			3983	2742
			3982	2743
			3982	2744
			3981	2744
			3980	2745
			3979	2746
			3978	2747
			3977	2748
			3976	2749
			3975	2750
			3974	2750
			3973	2751
			3972	2752
			3971	2753
		</anal>
		<ventral_body type=matrix rownames=FALSE colnames=FALSE nrow=3980 ncol=2 as.numeric=TRUE >
			3971	2753
			3970	2753
			3970	2754
			3969	2754
			3969	2755
			3968	2755
			3967	2756
			3966	2757
			3965	2758
			3964	2759
			3963	2760
			3962	2760
			3961	2761
			3960	2761
			3960	2762
			3959	2762
			3958	2763
			3958	2764
			3957	2764
			3956	2765
			3955	2765
			3955	2766
			3954	2766
			3953	2767
			3952	2768
			3951	2769
			3950	2770
			3949	2770
			3948	2771
			3947	2772
			3946	2772
			3945	2773
			3945	2774
			3944	2774
			3943	2775
			3942	2776
			3941	2776
			3940	2777
			3939	2778
			3938	2779
			3937	2780
			3936	2781
			3935	2781
			3934	2782
			3933	2783
			3932	2784
			3931	2785
			3930	2785
			3929	2786
			3928	2787
			3927	2787
			3927	2788
			3926	2788
			3925	2788
			3925	2789
			3924	2789
			3924	2790
			3923	2790
			3922	2791
			3921	2792
			3920	2793
			3919	2794
			3918	2795
			3917	2795
			3916	2796
			3915	2796
			3915	2797
			3914	2797
			3913	2798
			3912	2798
			3912	2799
			3911	2800
			3910	2800
			3909	2801
			3908	2802
			3907	2803
			3906	2803
			3905	2804
			3904	2805
			3903	2805
			3902	2806
			3901	2807
			3900	2807
			3900	2808
			3899	2809
			3898	2809
			3897	2810
			3896	2811
			3895	2811
			3894	2812
			3893	2813
			3892	2814
			3891	2815
			3890	2815
			3889	2816
			3888	2817
			3887	2818
			3886	2818
			3885	2819
			3884	2820
			3883	2821
			3882	2821
			3881	2822
			3880	2823
			3879	2823
			3879	2824
			3878	2824
			3877	2825
			3876	2825
			3876	2826
			3875	2826
			3874	2827
			3873	2828
			3872	2829
			3871	2829
			3870	2830
			3869	2831
			3868	2831
			3867	2832
			3866	2833
			3865	2834
			3864	2835
			3863	2835
			3862	2836
			3861	2836
			3860	2837
			3859	2838
			3858	2839
			3857	2839
			3857	2840
			3856	2840
			3855	2841
			3854	2841
			3854	2842
			3853	2842
			3852	2843
			3851	2843
			3850	2844
			3850	2845
			3849	2845
			3848	2846
			3847	2846
			3847	2847
			3846	2847
			3845	2848
			3844	2848
			3844	2849
			3843	2850
			3842	2850
			3841	2851
			3840	2851
			3840	2852
			3839	2852
			3838	2853
			3837	2853
			3837	2854
			3836	2854
			3835	2855
			3834	2855
			3834	2856
			3833	2857
			3832	2857
			3831	2858
			3830	2859
			3829	2859
			3828	2860
			3827	2861
			3826	2861
			3825	2862
			3824	2863
			3823	2863
			3822	2864
			3821	2865
			3820	2866
			3819	2866
			3818	2867
			3817	2868
			3816	2869
			3815	2869
			3814	2870
			3813	2870
			3812	2871
			3811	2872
			3810	2872
			3809	2873
			3808	2874
			3807	2874
			3806	2875
			3805	2876
			3804	2876
			3803	2877
			3802	2878
			3801	2878
			3800	2879
			3800	2880
			3799	2880
			3798	2881
			3797	2881
			3796	2882
			3795	2883
			3794	2883
			3793	2884
			3792	2885
			3791	2885
			3790	2886
			3789	2887
			3788	2887
			3787	2888
			3786	2888
			3785	2889
			3785	2890
			3784	2890
			3783	2891
			3782	2892
			3781	2892
			3780	2893
			3779	2893
			3778	2894
			3777	2895
			3776	2895
			3775	2896
			3774	2897
			3773	2897
			3772	2898
			3771	2898
			3771	2899
			3770	2900
			3769	2900
			3768	2901
			3767	2901
			3766	2902
			3765	2903
			3764	2903
			3763	2904
			3762	2904
			3761	2905
			3760	2906
			3759	2906
			3758	2907
			3757	2908
			3756	2909
			3755	2909
			3754	2910
			3753	2911
			3752	2911
			3751	2912
			3750	2912
			3749	2913
			3748	2914
			3747	2914
			3746	2915
			3745	2916
			3744	2916
			3743	2917
			3742	2917
			3741	2918
			3740	2919
			3739	2919
			3738	2920
			3737	2921
			3736	2921
			3735	2922
			3734	2922
			3733	2923
			3732	2923
			3731	2924
			3730	2924
			3729	2925
			3728	2925
			3727	2926
			3726	2926
			3725	2927
			3724	2928
			3723	2928
			3722	2929
			3721	2929
			3721	2930
			3720	2930
			3719	2931
			3718	2931
			3718	2932
			3717	2932
			3716	2933
			3715	2934
			3714	2934
			3713	2935
			3712	2936
			3711	2937
			3710	2938
			3709	2939
			3708	2940
			3707	2940
			3706	2941
			3706	2942
			3705	2942
			3705	2943
			3704	2944
			3703	2945
			3702	2946
			3702	2947
			3702	2948
			3701	2949
			3701	2950
			3701	2951
			3700	2952
			3700	2953
			3700	2954
			3700	2955
			3701	2956
			3701	2957
			3701	2958
			3702	2959
			3702	2960
			3703	2961
			3704	2962
			3705	2963
			3706	2964
			3707	2965
			3708	2966
			3709	2966
			3710	2967
			3711	2967
			3712	2968
			3713	2969
			3714	2969
			3715	2970
			3716	2970
			3717	2971
			3718	2971
			3719	2972
			3720	2972
			3721	2973
			3722	2973
			3723	2973
			3724	2974
			3725	2974
			3726	2974
			3727	2975
			3728	2975
			3729	2975
			3730	2975
			3731	2975
			3732	2975
			3733	2975
			3734	2975
			3735	2976
			3736	2976
			3737	2976
			3738	2976
			3739	2976
			3740	2976
			3741	2976
			3742	2976
			3743	2976
			3744	2976
			3745	2976
			3746	2976
			3747	2977
			3748	2977
			3749	2977
			3750	2977
			3751	2977
			3752	2977
			3753	2977
			3754	2977
			3755	2977
			3756	2977
			3757	2977
			3758	2977
			3759	2978
			3760	2978
			3761	2978
			3762	2978
			3763	2978
			3764	2978
			3765	2978
			3766	2978
			3767	2978
			3768	2978
			3769	2978
			3770	2978
			3771	2979
			3772	2979
			3773	2979
			3774	2979
			3775	2979
			3776	2979
			3777	2979
			3778	2979
			3779	2979
			3780	2979
			3781	2979
			3782	2979
			3783	2980
			3784	2980
			3785	2980
			3786	2980
			3787	2980
			3788	2980
			3789	2980
			3790	2980
			3791	2980
			3792	2980
			3793	2980
			3794	2981
			3795	2981
			3796	2981
			3797	2981
			3798	2981
			3799	2981
			3800	2981
			3801	2981
			3802	2981
			3803	2981
			3804	2981
			3805	2981
			3805	2982
			3806	2982
			3807	2982
			3808	2982
			3809	2982
			3810	2982
			3811	2982
			3812	2982
			3813	2982
			3814	2982
			3815	2982
			3816	2983
			3817	2983
			3818	2983
			3819	2983
			3820	2983
			3821	2983
			3822	2983
			3823	2983
			3824	2983
			3825	2983
			3826	2983
			3827	2983
			3828	2984
			3829	2984
			3830	2984
			3831	2984
			3832	2984
			3833	2984
			3834	2984
			3835	2984
			3836	2984
			3837	2984
			3838	2984
			3839	2985
			3840	2985
			3841	2985
			3842	2985
			3843	2985
			3844	2985
			3845	2985
			3846	2985
			3847	2985
			3848	2985
			3849	2986
			3850	2986
			3851	2986
			3852	2986
			3853	2986
			3854	2986
			3855	2986
			3856	2986
			3857	2986
			3858	2986
			3859	2987
			3860	2987
			3861	2987
			3862	2987
			3863	2987
			3864	2987
			3865	2987
			3866	2987
			3867	2987
			3868	2987
			3869	2987
			3870	2988
			3871	2988
			3872	2988
			3873	2988
			3874	2988
			3875	2988
			3876	2988
			3877	2988
			3878	2988
			3879	2988
			3879	2989
			3880	2989
			3881	2989
			3882	2989
			3883	2989
			3884	2989
			3885	2989
			3886	2989
			3887	2989
			3888	2989
			3889	2989
			3890	2990
			3891	2990
			3892	2990
			3893	2990
			3894	2990
			3895	2990
			3896	2990
			3897	2990
			3898	2990
			3899	2991
			3900	2991
			3901	2991
			3902	2991
			3903	2991
			3904	2991
			3905	2991
			3906	2991
			3907	2991
			3908	2991
			3909	2992
			3910	2992
			3911	2992
			3912	2992
			3913	2992
			3914	2992
			3915	2992
			3916	2992
			3917	2992
			3918	2993
			3919	2993
			3920	2993
			3921	2993
			3922	2993
			3923	2993
			3924	2993
			3925	2993
			3926	2993
			3927	2994
			3928	2994
			3929	2994
			3930	2994
			3931	2994
			3932	2994
			3933	2994
			3934	2994
			3935	2994
			3936	2995
			3937	2995
			3938	2995
			3939	2995
			3940	2995
			3941	2995
			3942	2995
			3943	2995
			3944	2995
			3945	2996
			3946	2996
			3947	2996
			3948	2996
			3949	2996
			3950	2996
			3951	2996
			3952	2996
			3953	2996
			3953	2997
			3954	2997
			3955	2997
			3956	2997
			3957	2997
			3958	2997
			3959	2997
			3960	2997
			3961	2997
			3962	2998
			3963	2998
			3964	2998
			3965	2998
			3966	2998
			3967	2998
			3968	2998
			3969	2998
			3970	2998
			3970	2999
			3971	2999
			3972	2999
			3973	2999
			3974	2999
			3975	2999
			3976	2999
			3977	2999
			3978	2999
			3979	3000
			3980	3000
			3981	3000
			3982	3000
			3983	3000
			3984	3000
			3985	3000
			3986	3000
			3987	3001
			3988	3001
			3989	3001
			3990	3001
			3991	3001
			3992	3001
			3993	3001
			3994	3001
			3995	3002
			3996	3002
			3997	3002
			3998	3002
			3999	3002
			4000	3002
			4001	3002
			4002	3003
			4003	3003
			4004	3003
			4005	3003
			4006	3003
			4007	3003
			4008	3003
			4009	3003
			4010	3004
			4011	3004
			4012	3004
			4013	3004
			4014	3004
			4015	3004
			4016	3004
			4017	3005
			4018	3005
			4019	3005
			4020	3005
			4021	3005
			4022	3005
			4023	3005
			4024	3006
			4025	3006
			4026	3006
			4027	3006
			4026	3006
			4025	3007
			4024	3007
			4023	3007
			4022	3007
			4021	3007
			4020	3008
			4019	3008
			4018	3008
			4017	3008
			4016	3008
			4015	3009
			4014	3009
			4013	3009
			4012	3009
			4011	3009
			4010	3010
			4009	3010
			4008	3010
			4007	3010
			4006	3010
			4006	3011
			4005	3011
			4004	3011
			4003	3011
			4002	3011
			4001	3011
			4000	3012
			3999	3012
			3998	3012
			3997	3012
			3996	3012
			3995	3013
			3994	3013
			3993	3013
			3992	3013
			3991	3013
			3990	3013
			3990	3014
			3989	3014
			3988	3014
			3987	3014
			3986	3014
			3985	3014
			3984	3015
			3983	3015
			3982	3015
			3981	3015
			3980	3015
			3979	3015
			3978	3016
			3977	3016
			3976	3016
			3975	3016
			3974	3016
			3973	3016
			3972	3017
			3971	3017
			3970	3017
			3969	3017
			3968	3017
			3967	3017
			3966	3017
			3965	3018
			3964	3018
			3963	3018
			3962	3018
			3961	3018
			3960	3018
			3959	3018
			3958	3019
			3957	3019
			3956	3019
			3955	3019
			3954	3019
			3953	3019
			3952	3019
			3951	3020
			3950	3020
			3949	3020
			3948	3020
			3947	3020
			3946	3020
			3945	3020
			3944	3020
			3943	3021
			3942	3021
			3941	3021
			3940	3021
			3939	3021
			3938	3021
			3937	3021
			3936	3021
			3935	3022
			3934	3022
			3933	3022
			3932	3022
			3931	3022
			3930	3022
			3929	3022
			3928	3022
			3927	3022
			3926	3023
			3925	3023
			3924	3023
			3923	3023
			3922	3023
			3921	3023
			3920	3023
			3919	3023
			3918	3023
			3917	3024
			3916	3024
			3915	3024
			3914	3024
			3913	3024
			3912	3024
			3911	3024
			3910	3024
			3909	3024
			3908	3024
			3907	3024
			3906	3024
			3905	3025
			3904	3025
			3903	3025
			3902	3025
			3901	3025
			3900	3025
			3899	3025
			3898	3025
			3897	3025
			3896	3025
			3895	3025
			3894	3025
			3893	3026
			3892	3026
			3891	3026
			3890	3026
			3889	3026
			3888	3026
			3887	3026
			3886	3026
			3885	3026
			3884	3026
			3883	3026
			3882	3026
			3881	3026
			3880	3026
			3879	3026
			3878	3026
			3877	3027
			3876	3027
			3875	3027
			3874	3027
			3873	3027
			3872	3027
			3871	3027
			3870	3027
			3869	3027
			3868	3027
			3867	3027
			3866	3027
			3865	3027
			3864	3027
			3863	3027
			3862	3027
			3861	3027
			3860	3027
			3859	3027
			3858	3028
			3857	3028
			3856	3028
			3855	3028
			3854	3028
			3853	3028
			3852	3028
			3851	3028
			3850	3028
			3849	3028
			3848	3028
			3847	3028
			3846	3028
			3845	3028
			3844	3028
			3843	3028
			3842	3028
			3841	3028
			3840	3028
			3839	3028
			3838	3028
			3837	3028
			3836	3028
			3835	3028
			3834	3028
			3833	3028
			3832	3028
			3831	3028
			3830	3028
			3829	3028
			3828	3028
			3827	3028
			3826	3028
			3825	3028
			3824	3028
			3823	3028
			3822	3028
			3821	3028
			3820	3028
			3819	3028
			3818	3028
			3817	3028
			3816	3028
			3815	3028
			3814	3028
			3813	3028
			3812	3028
			3811	3028
			3810	3028
			3809	3028
			3808	3028
			3807	3028
			3806	3028
			3805	3028
			3804	3028
			3803	3028
			3802	3028
			3801	3028
			3800	3028
			3799	3028
			3798	3028
			3797	3028
			3796	3028
			3795	3028
			3794	3028
			3793	3028
			3792	3028
			3791	3028
			3790	3028
			3789	3028
			3788	3028
			3787	3028
			3786	3028
			3785	3028
			3784	3028
			3783	3028
			3782	3028
			3781	3028
			3780	3028
			3779	3028
			3778	3028
			3777	3028
			3776	3028
			3775	3028
			3774	3028
			3773	3028
			3772	3028
			3771	3028
			3770	3028
			3769	3028
			3768	3028
			3767	3028
			3766	3028
			3765	3028
			3764	3028
			3763	3028
			3762	3028
			3761	3028
			3760	3028
			3759	3028
			3758	3027
			3757	3027
			3756	3027
			3755	3027
			3754	3027
			3753	3027
			3752	3027
			3751	3027
			3750	3027
			3749	3027
			3748	3027
			3747	3027
			3746	3027
			3745	3027
			3744	3027
			3743	3027
			3742	3027
			3741	3027
			3740	3027
			3739	3027
			3738	3027
			3737	3027
			3736	3026
			3735	3026
			3734	3026
			3733	3026
			3732	3026
			3731	3026
			3730	3026
			3729	3026
			3728	3026
			3727	3026
			3726	3026
			3725	3027
			3724	3027
			3723	3027
			3722	3027
			3721	3027
			3720	3027
			3720	3028
			3719	3028
			3718	3028
			3717	3028
			3716	3028
			3715	3028
			3714	3028
			3714	3029
			3713	3029
			3712	3029
			3711	3029
			3710	3029
			3709	3029
			3708	3030
			3707	3030
			3706	3030
			3705	3030
			3704	3030
			3703	3030
			3703	3031
			3702	3031
			3701	3031
			3700	3031
			3699	3031
			3698	3031
			3697	3032
			3696	3032
			3695	3032
			3694	3032
			3693	3032
			3692	3033
			3691	3033
			3690	3033
			3689	3033
			3688	3033
			3687	3034
			3686	3034
			3685	3034
			3684	3034
			3683	3034
			3682	3034
			3681	3035
			3680	3035
			3679	3035
			3678	3035
			3677	3035
			3676	3036
			3675	3036
			3674	3036
			3673	3036
			3672	3036
			3671	3036
			3670	3037
			3669	3037
			3668	3037
			3667	3037
			3666	3037
			3665	3038
			3664	3038
			3663	3038
			3662	3038
			3661	3038
			3660	3038
			3659	3039
			3658	3039
			3657	3039
			3656	3039
			3655	3039
			3654	3039
			3654	3040
			3653	3040
			3652	3040
			3651	3040
			3650	3040
			3649	3041
			3648	3041
			3647	3041
			3646	3041
			3645	3041
			3644	3042
			3643	3042
			3642	3042
			3641	3042
			3640	3042
			3639	3042
			3638	3043
			3637	3043
			3636	3043
			3635	3043
			3634	3043
			3633	3044
			3632	3044
			3631	3044
			3630	3044
			3629	3044
			3628	3045
			3627	3045
			3626	3045
			3625	3045
			3624	3045
			3623	3045
			3622	3046
			3621	3046
			3620	3046
			3619	3046
			3618	3046
			3617	3046
			3616	3047
			3615	3047
			3614	3047
			3613	3047
			3612	3047
			3611	3048
			3610	3048
			3609	3048
			3608	3048
			3607	3048
			3606	3049
			3605	3049
			3604	3049
			3603	3049
			3602	3049
			3601	3050
			3600	3050
			3599	3050
			3598	3050
			3597	3050
			3596	3051
			3595	3051
			3594	3051
			3593	3051
			3592	3051
			3591	3051
			3590	3052
			3589	3052
			3588	3052
			3587	3052
			3586	3052
			3585	3053
			3584	3053
			3583	3053
			3582	3053
			3581	3053
			3580	3054
			3579	3054
			3578	3054
			3577	3054
			3576	3054
			3575	3054
			3574	3055
			3573	3055
			3572	3055
			3571	3055
			3570	3055
			3569	3056
			3568	3056
			3567	3056
			3566	3056
			3565	3056
			3564	3056
			3564	3057
			3563	3057
			3562	3057
			3561	3057
			3560	3057
			3559	3057
			3558	3058
			3557	3058
			3556	3058
			3555	3058
			3554	3058
			3553	3059
			3552	3059
			3551	3059
			3550	3059
			3549	3059
			3548	3060
			3547	3060
			3546	3060
			3545	3060
			3544	3060
			3543	3061
			3542	3061
			3541	3061
			3540	3061
			3539	3061
			3538	3062
			3537	3062
			3536	3062
			3535	3062
			3534	3062
			3533	3062
			3532	3063
			3531	3063
			3530	3063
			3529	3063
			3528	3063
			3527	3064
			3526	3064
			3525	3064
			3524	3064
			3523	3064
			3522	3065
			3521	3065
			3520	3065
			3519	3065
			3518	3065
			3517	3066
			3516	3066
			3515	3066
			3514	3066
			3513	3066
			3512	3066
			3511	3067
			3510	3067
			3509	3067
			3508	3067
			3507	3067
			3506	3068
			3505	3068
			3504	3068
			3503	3068
			3502	3068
			3501	3069
			3500	3069
			3499	3069
			3498	3069
			3497	3069
			3496	3070
			3495	3070
			3494	3070
			3493	3070
			3492	3070
			3491	3070
			3490	3071
			3489	3071
			3488	3071
			3487	3071
			3486	3071
			3485	3072
			3484	3072
			3483	3072
			3482	3072
			3481	3072
			3480	3073
			3479	3073
			3478	3073
			3477	3073
			3476	3073
			3475	3073
			3474	3074
			3473	3074
			3472	3074
			3471	3074
			3470	3074
			3469	3075
			3468	3075
			3467	3075
			3466	3075
			3465	3075
			3464	3076
			3463	3076
			3462	3076
			3461	3076
			3460	3076
			3459	3077
			3458	3077
			3457	3077
			3456	3077
			3455	3077
			3454	3078
			3453	3078
			3452	3078
			3451	3078
			3450	3078
			3449	3078
			3448	3079
			3447	3079
			3446	3079
			3445	3079
			3444	3079
			3443	3080
			3442	3080
			3441	3080
			3440	3080
			3439	3080
			3438	3081
			3437	3081
			3436	3081
			3435	3081
			3434	3081
			3433	3082
			3432	3082
			3431	3082
			3430	3082
			3429	3082
			3428	3082
			3428	3083
			3427	3083
			3426	3083
			3425	3083
			3424	3083
			3423	3084
			3422	3084
			3421	3084
			3420	3084
			3419	3084
			3418	3084
			3417	3085
			3416	3085
			3415	3085
			3414	3085
			3413	3085
			3412	3086
			3411	3086
			3410	3086
			3409	3086
			3408	3086
			3407	3087
			3406	3087
			3405	3087
			3404	3087
			3403	3087
			3402	3088
			3401	3088
			3400	3088
			3399	3088
			3398	3088
			3397	3089
			3396	3089
			3395	3089
			3394	3089
			3393	3089
			3392	3089
			3391	3090
			3390	3090
			3389	3090
			3388	3090
			3387	3090
			3386	3091
			3385	3091
			3384	3091
			3383	3091
			3382	3091
			3381	3092
			3380	3092
			3379	3092
			3378	3092
			3377	3092
			3376	3093
			3375	3093
			3374	3093
			3373	3093
			3372	3093
			3371	3094
			3370	3094
			3369	3094
			3368	3094
			3367	3095
			3366	3095
			3365	3095
			3364	3095
			3363	3095
			3362	3096
			3361	3096
			3360	3096
			3359	3096
			3358	3096
			3357	3097
			3356	3097
			3355	3097
			3354	3097
			3353	3097
			3352	3098
			3351	3098
			3350	3098
			3349	3098
			3348	3098
			3347	3099
			3346	3099
			3345	3099
			3344	3099
			3343	3099
			3342	3100
			3341	3100
			3340	3100
			3339	3100
			3338	3101
			3337	3101
			3336	3101
			3335	3101
			3334	3101
			3333	3102
			3332	3102
			3331	3102
			3330	3102
			3329	3102
			3328	3103
			3327	3103
			3326	3103
			3325	3103
			3324	3103
			3323	3104
			3322	3104
			3321	3104
			3320	3104
			3319	3104
			3318	3105
			3317	3105
			3316	3105
			3315	3105
			3314	3105
			3313	3106
			3312	3106
			3311	3106
			3310	3106
			3309	3107
			3308	3107
			3307	3107
			3306	3107
			3305	3107
			3304	3108
			3303	3108
			3302	3108
			3301	3108
			3300	3108
			3299	3109
			3298	3109
			3297	3109
			3296	3109
			3295	3109
			3295	3110
			3294	3110
			3293	3110
			3292	3110
			3291	3110
			3290	3111
			3289	3111
			3288	3111
			3287	3111
			3286	3111
			3285	3112
			3284	3112
			3283	3112
			3282	3112
			3281	3112
			3280	3113
			3279	3113
			3278	3113
			3277	3113
			3276	3113
			3275	3114
			3274	3114
			3273	3114
			3272	3114
			3271	3114
			3270	3115
			3269	3115
			3268	3115
			3267	3115
			3266	3116
			3265	3116
			3264	3116
			3263	3116
			3262	3116
			3261	3117
			3260	3117
			3259	3117
			3258	3117
			3257	3117
			3256	3118
			3255	3118
			3254	3118
			3253	3118
			3252	3118
			3251	3119
			3250	3119
			3249	3119
			3248	3119
			3247	3120
			3246	3120
			3245	3120
			3244	3120
			3243	3120
			3242	3121
			3241	3121
			3240	3121
			3239	3121
			3238	3121
			3237	3122
			3236	3122
			3235	3122
			3234	3122
			3233	3122
			3232	3123
			3231	3123
			3230	3123
			3229	3123
			3228	3123
			3227	3124
			3226	3124
			3225	3124
			3224	3124
			3223	3125
			3222	3125
			3221	3125
			3220	3125
			3219	3125
			3218	3126
			3217	3126
			3216	3126
			3215	3126
			3214	3126
			3213	3127
			3212	3127
			3211	3127
			3210	3127
			3210	3128
			3209	3128
			3208	3128
			3207	3128
			3206	3128
			3205	3129
			3204	3129
			3203	3129
			3202	3129
			3201	3129
			3200	3130
			3199	3130
			3198	3130
			3197	3130
			3196	3130
			3195	3131
			3194	3131
			3193	3131
			3192	3131
			3191	3132
			3190	3132
			3189	3132
			3188	3132
			3187	3132
			3186	3133
			3185	3133
			3184	3133
			3183	3133
			3182	3133
			3181	3134
			3180	3134
			3179	3134
			3178	3134
			3177	3135
			3176	3135
			3175	3135
			3174	3135
			3173	3135
			3172	3136
			3171	3136
			3170	3136
			3169	3136
			3168	3136
			3167	3137
			3166	3137
			3165	3137
			3164	3137
			3163	3137
			3162	3138
			3161	3138
			3160	3138
			3159	3138
			3158	3139
			3157	3139
			3156	3139
			3155	3139
			3154	3139
			3153	3140
			3152	3140
			3151	3140
			3150	3140
			3149	3140
			3148	3141
			3147	3141
			3146	3141
			3145	3141
			3144	3142
			3143	3142
			3142	3142
			3141	3142
			3140	3142
			3139	3143
			3138	3143
			3137	3143
			3136	3143
			3135	3143
			3134	3144
			3133	3144
			3132	3144
			3131	3144
			3130	3145
			3129	3145
			3128	3145
			3127	3145
			3126	3145
			3125	3146
			3124	3146
			3123	3146
			3122	3146
			3121	3147
			3120	3147
			3119	3147
			3118	3147
			3117	3147
			3116	3148
			3115	3148
			3114	3148
			3113	3148
			3112	3148
			3111	3149
			3110	3149
			3109	3149
			3108	3149
			3107	3150
			3106	3150
			3105	3150
			3104	3150
			3103	3150
			3102	3151
			3101	3151
			3100	3151
			3099	3151
			3098	3151
			3097	3152
			3096	3152
			3095	3152
			3094	3152
			3093	3153
			3092	3153
			3091	3153
			3090	3153
			3089	3153
			3088	3154
			3087	3154
			3086	3154
			3085	3154
			3084	3155
			3083	3155
			3082	3155
			3081	3155
			3080	3155
			3079	3156
			3078	3156
			3077	3156
			3076	3156
			3075	3156
			3074	3157
			3073	3157
			3072	3157
			3071	3157
			3070	3158
			3069	3158
			3068	3158
			3067	3158
			3066	3158
			3065	3159
			3064	3159
			3063	3159
			3062	3159
			3061	3160
			3060	3160
			3059	3160
			3058	3160
			3057	3160
			3056	3161
			3055	3161
			3054	3161
			3053	3161
			3052	3162
			3051	3162
			3050	3162
			3049	3162
			3048	3162
			3047	3163
			3046	3163
			3045	3163
			3044	3163
			3043	3163
			3042	3164
			3041	3164
			3040	3164
			3039	3164
			3038	3165
			3037	3165
			3036	3165
			3035	3165
			3034	3166
			3033	3166
			3032	3166
			3031	3166
			3030	3166
			3029	3167
			3028	3167
			3027	3167
			3026	3167
			3025	3168
			3024	3168
			3023	3168
			3022	3168
			3021	3169
			3020	3169
			3019	3169
			3018	3169
			3017	3169
			3016	3169
			3016	3170
			3015	3170
			3014	3170
			3013	3170
			3012	3170
			3011	3171
			3010	3171
			3009	3171
			3008	3171
			3007	3172
			3006	3172
			3005	3172
			3004	3172
			3003	3172
			3002	3173
			3001	3173
			3000	3173
			2999	3173
			2998	3174
			2997	3174
			2996	3174
			2995	3174
			2994	3174
			2993	3175
			2992	3175
			2991	3175
			2990	3175
			2989	3176
			2988	3176
			2987	3176
			2986	3176
			2985	3176
			2984	3177
			2983	3177
			2982	3177
			2981	3177
			2980	3178
			2979	3178
			2978	3178
			2977	3178
			2976	3178
			2975	3179
			2974	3179
			2973	3179
			2972	3179
			2971	3180
			2970	3180
			2969	3180
			2968	3180
			2967	3180
			2966	3181
			2965	3181
			2964	3181
			2963	3181
			2962	3182
			2961	3182
			2960	3182
			2959	3182
			2958	3182
			2957	3183
			2956	3183
			2955	3183
			2954	3183
			2953	3184
			2952	3184
			2951	3184
			2950	3184
			2949	3184
			2948	3185
			2947	3185
			2946	3185
			2945	3185
			2944	3186
			2943	3186
			2942	3186
			2941	3186
			2940	3187
			2939	3187
			2938	3187
			2937	3187
			2936	3187
			2935	3188
			2934	3188
			2933	3188
			2932	3188
			2931	3189
			2930	3189
			2929	3189
			2928	3189
			2927	3189
			2926	3190
			2925	3190
			2924	3190
			2923	3190
			2922	3191
			2921	3191
			2920	3191
			2919	3191
			2918	3192
			2917	3192
			2916	3192
			2915	3192
			2914	3192
			2913	3193
			2912	3193
			2911	3193
			2910	3193
			2909	3194
			2908	3194
			2907	3194
			2906	3194
			2905	3194
			2904	3195
			2903	3195
			2902	3195
			2901	3195
			2900	3196
			2899	3196
			2898	3196
			2897	3196
			2896	3196
			2895	3197
			2894	3197
			2893	3197
			2892	3197
			2891	3198
			2890	3198
			2889	3198
			2888	3198
			2887	3198
			2886	3198
			2885	3199
			2884	3199
			2883	3199
			2882	3199
			2881	3199
			2880	3199
			2879	3199
			2878	3199
			2878	3200
			2877	3200
			2876	3200
			2875	3200
			2874	3200
			2873	3200
			2872	3200
			2871	3200
			2870	3200
			2869	3201
			2868	3201
			2867	3201
			2866	3201
			2865	3201
			2864	3201
			2863	3201
			2862	3202
			2861	3202
			2860	3202
			2859	3202
			2858	3202
			2857	3202
			2856	3202
			2855	3202
			2854	3203
			2853	3203
			2852	3203
			2851	3203
			2850	3203
			2849	3203
			2848	3203
			2847	3203
			2846	3204
			2845	3204
			2844	3204
			2843	3204
			2842	3204
			2841	3204
			2840	3204
			2839	3205
			2838	3205
			2837	3205
			2836	3205
			2835	3205
			2834	3205
			2833	3205
			2832	3205
			2831	3206
			2830	3206
			2829	3206
			2828	3206
			2827	3206
			2826	3206
			2825	3206
			2824	3206
			2823	3207
			2822	3207
			2821	3207
			2820	3207
			2819	3207
			2818	3207
			2817	3207
			2816	3207
			2815	3208
			2814	3208
			2813	3208
			2812	3208
			2811	3208
			2810	3208
			2809	3208
			2808	3208
			2807	3209
			2806	3209
			2805	3209
			2804	3209
			2803	3209
			2802	3209
			2801	3209
			2800	3209
			2799	3210
			2798	3210
			2797	3210
			2796	3210
			2795	3210
			2794	3210
			2793	3210
			2792	3211
			2791	3211
			2790	3211
			2789	3211
			2788	3211
			2787	3211
			2786	3211
			2785	3211
			2784	3211
			2783	3212
			2782	3212
			2781	3212
			2780	3212
			2779	3212
			2778	3212
			2777	3212
			2776	3212
			2775	3213
			2774	3213
			2773	3213
			2772	3213
			2771	3213
			2770	3213
			2769	3213
			2768	3213
			2767	3214
			2766	3214
			2765	3214
			2764	3214
			2763	3214
			2762	3214
			2761	3214
			2760	3214
			2759	3215
			2758	3215
			2757	3215
			2756	3215
			2755	3215
			2754	3215
			2753	3215
			2752	3215
			2751	3216
			2750	3216
			2749	3216
			2748	3216
			2747	3216
			2746	3216
			2745	3216
			2744	3216
			2743	3217
			2742	3217
			2741	3217
			2740	3217
			2739	3217
			2738	3217
			2737	3217
			2736	3217
			2735	3217
			2734	3218
			2733	3218
			2732	3218
			2731	3218
			2730	3218
			2729	3218
			2728	3218
			2727	3218
			2726	3219
			2725	3219
			2724	3219
			2723	3219
			2722	3219
			2721	3219
			2720	3219
			2719	3219
			2718	3219
			2717	3220
			2716	3220
			2715	3220
			2714	3220
			2713	3220
			2712	3220
			2711	3220
			2710	3221
			2709	3221
			2708	3221
			2707	3221
			2706	3221
			2705	3221
			2704	3221
			2703	3221
			2702	3221
			2701	3222
			2700	3222
			2699	3222
			2698	3222
			2697	3222
			2696	3222
			2695	3222
			2694	3222
			2693	3223
			2692	3223
			2691	3223
			2690	3223
			2689	3223
			2688	3223
			2687	3223
			2686	3223
			2685	3223
			2684	3224
			2683	3224
			2682	3224
			2681	3224
			2680	3224
			2679	3224
			2678	3224
			2677	3224
			2676	3225
			2675	3225
			2674	3225
			2673	3225
			2672	3225
			2671	3225
			2670	3225
			2669	3225
			2668	3225
			2667	3226
			2666	3226
			2665	3226
			2664	3226
			2663	3226
			2662	3226
			2661	3226
			2660	3226
			2659	3227
			2658	3227
			2657	3227
			2656	3227
			2655	3227
			2654	3227
			2653	3227
			2652	3227
			2651	3227
			2650	3228
			2649	3228
			2648	3228
			2647	3228
			2646	3228
			2645	3228
			2644	3228
			2643	3228
			2642	3228
			2641	3229
			2640	3229
			2639	3229
			2638	3229
			2637	3229
			2636	3229
			2635	3229
			2634	3229
			2633	3229
			2632	3230
			2631	3230
			2630	3230
			2629	3230
			2628	3230
			2627	3230
			2626	3230
			2625	3230
			2624	3230
			2623	3231
			2622	3231
			2621	3231
			2620	3231
			2619	3231
			2618	3231
			2617	3231
			2616	3231
			2615	3231
			2614	3232
			2613	3232
			2612	3232
			2611	3232
			2610	3232
			2609	3232
			2608	3232
			2607	3232
			2606	3232
			2605	3233
			2604	3233
			2603	3233
			2602	3233
			2601	3233
			2600	3233
			2599	3233
			2598	3233
			2597	3233
			2596	3234
			2595	3234
			2594	3234
			2593	3234
			2592	3234
			2591	3234
			2590	3234
			2589	3234
			2588	3235
			2587	3235
			2586	3235
			2585	3235
			2584	3235
			2583	3235
			2582	3235
			2581	3235
			2580	3235
			2579	3235
			2578	3236
			2577	3236
			2576	3236
			2575	3236
			2574	3236
			2573	3236
			2572	3236
			2571	3236
			2570	3236
			2569	3237
			2568	3237
			2567	3237
			2566	3237
			2565	3237
			2564	3237
			2563	3237
			2562	3237
			2561	3237
			2560	3238
			2559	3238
			2558	3238
			2557	3238
			2556	3238
			2555	3238
			2554	3238
			2553	3238
			2552	3238
			2551	3239
			2550	3239
			2549	3239
			2548	3239
			2547	3239
			2546	3239
			2545	3239
			2544	3239
			2543	3239
			2542	3239
			2541	3240
			2540	3240
			2539	3240
			2538	3240
			2537	3240
			2536	3240
			2535	3240
			2534	3240
			2533	3240
			2532	3241
			2531	3241
			2530	3241
			2529	3241
			2528	3241
			2527	3241
			2526	3241
			2525	3241
			2524	3241
			2523	3241
			2522	3242
			2521	3242
			2520	3242
			2519	3242
			2518	3242
			2517	3242
			2516	3242
			2515	3242
			2514	3242
			2513	3242
			2512	3243
			2511	3243
			2510	3243
			2509	3243
			2508	3243
			2507	3243
			2506	3243
			2505	3243
			2504	3243
			2503	3243
			2502	3244
			2501	3244
			2500	3244
			2499	3244
			2498	3244
			2497	3244
			2496	3244
			2495	3244
			2494	3244
			2493	3245
			2492	3245
			2491	3245
			2490	3245
			2489	3245
			2488	3245
			2487	3245
			2486	3245
			2485	3245
			2484	3245
			2483	3246
			2482	3246
			2481	3246
			2480	3246
			2479	3246
			2478	3246
			2477	3246
			2476	3246
			2475	3246
			2474	3246
			2473	3247
			2472	3247
			2471	3247
			2470	3247
			2469	3247
			2468	3247
			2467	3247
			2466	3247
			2465	3247
			2464	3247
			2463	3248
			2462	3248
			2461	3248
			2460	3248
			2459	3248
			2458	3248
			2457	3248
			2456	3248
			2455	3248
			2454	3248
			2453	3249
			2452	3249
			2451	3249
			2450	3249
			2449	3249
			2448	3249
			2447	3249
			2446	3249
			2445	3249
			2444	3249
			2443	3249
			2442	3250
			2441	3250
			2440	3250
			2439	3250
			2438	3250
			2437	3250
			2436	3250
			2435	3250
			2434	3250
			2433	3250
			2432	3251
			2431	3251
			2430	3251
			2429	3251
			2428	3251
			2427	3251
			2426	3251
			2425	3251
			2424	3251
			2423	3251
			2422	3251
			2421	3252
			2420	3252
			2419	3252
			2418	3252
			2417	3252
			2416	3252
			2415	3252
			2414	3252
			2413	3252
			2412	3252
			2411	3252
			2410	3253
			2409	3253
			2408	3253
			2407	3253
			2406	3253
			2405	3253
			2404	3253
			2403	3253
			2402	3253
			2401	3253
			2400	3254
			2399	3254
			2398	3254
			2397	3254
			2396	3254
			2395	3254
			2394	3254
			2393	3254
			2392	3254
			2391	3254
			2390	3254
			2389	3255
			2388	3255
			2387	3255
			2386	3255
			2385	3255
			2384	3255
			2383	3255
			2382	3255
			2381	3255
			2380	3255
			2379	3255
			2378	3256
			2377	3256
			2376	3256
			2375	3256
			2374	3256
			2373	3256
			2372	3256
			2371	3256
			2370	3256
			2369	3256
			2368	3256
			2367	3257
			2366	3257
			2365	3257
			2364	3257
			2363	3257
			2362	3257
			2361	3257
			2360	3257
			2359	3257
			2358	3257
			2357	3257
			2356	3258
			2355	3258
			2354	3258
			2353	3258
			2352	3258
			2351	3258
			2350	3258
			2349	3258
			2348	3258
			2347	3258
			2346	3258
			2345	3258
			2344	3259
			2343	3259
			2342	3259
			2341	3259
			2340	3259
			2339	3259
			2338	3259
			2337	3259
			2336	3259
			2335	3259
			2334	3259
			2333	3259
			2332	3260
			2331	3260
			2330	3260
			2329	3260
			2328	3260
			2327	3260
			2326	3260
			2325	3260
			2324	3260
			2323	3260
			2322	3260
			2321	3260
			2320	3261
			2319	3261
			2318	3261
			2317	3261
			2316	3261
			2315	3261
			2314	3261
			2313	3261
			2312	3261
			2311	3261
			2310	3261
			2309	3262
			2308	3262
			2307	3262
			2306	3262
			2305	3262
			2304	3262
			2303	3262
			2302	3262
			2301	3262
			2300	3262
			2299	3262
			2298	3262
			2297	3262
			2296	3263
			2295	3263
			2294	3263
			2293	3263
			2292	3263
			2291	3263
			2290	3263
			2289	3263
			2288	3263
			2287	3263
			2286	3263
			2285	3263
			2284	3264
			2283	3264
			2282	3264
			2281	3264
			2280	3264
			2279	3264
			2278	3264
			2277	3264
			2276	3264
			2275	3264
			2274	3264
			2273	3264
			2272	3264
			2271	3265
			2270	3265
			2269	3265
			2268	3265
			2267	3265
			2266	3265
			2265	3265
			2264	3265
			2263	3265
			2262	3265
			2261	3265
			2260	3265
			2259	3265
			2258	3266
			2257	3266
			2256	3266
			2255	3266
			2254	3266
			2253	3266
			2252	3266
			2251	3266
			2250	3266
			2249	3266
			2248	3266
			2247	3266
			2246	3266
			2245	3267
			2244	3267
			2243	3267
			2242	3267
			2241	3267
			2240	3267
			2239	3267
			2238	3267
			2237	3267
			2236	3267
			2235	3267
			2234	3267
			2233	3267
			2232	3267
			2231	3268
			2230	3268
			2229	3268
			2228	3268
			2227	3268
			2226	3268
			2225	3268
			2224	3268
			2223	3268
			2222	3268
			2221	3268
			2220	3268
			2219	3268
			2218	3268
			2217	3269
			2216	3269
			2215	3269
			2214	3269
			2213	3269
			2212	3269
			2211	3269
			2210	3269
			2209	3269
			2208	3269
			2207	3269
			2206	3269
			2205	3269
			2204	3269
			2203	3269
			2202	3269
			2201	3269
			2200	3269
			2199	3269
			2198	3269
			2197	3269
			2196	3269
			2195	3269
			2194	3269
			2193	3269
			2192	3269
			2191	3269
			2190	3269
			2189	3269
			2188	3269
			2187	3269
			2186	3269
			2185	3269
			2184	3269
			2183	3269
			2182	3269
			2181	3269
			2180	3269
			2179	3269
			2178	3269
			2177	3269
			2176	3269
			2175	3269
			2174	3269
			2173	3269
			2172	3269
			2171	3269
			2170	3269
			2169	3269
			2168	3269
			2167	3269
			2166	3269
			2165	3269
			2164	3269
			2163	3269
			2162	3269
			2161	3269
			2160	3269
			2159	3269
			2158	3269
			2157	3269
			2156	3269
			2155	3269
			2154	3269
			2153	3269
			2152	3269
			2151	3269
			2150	3269
			2149	3269
			2148	3269
			2147	3269
			2146	3269
			2145	3269
			2144	3269
			2143	3269
			2142	3269
			2141	3269
			2140	3269
			2139	3268
			2138	3268
			2137	3268
			2136	3268
			2135	3268
			2134	3268
			2133	3268
			2132	3268
			2131	3268
			2130	3268
			2129	3268
			2128	3268
			2127	3268
			2126	3268
			2125	3268
			2124	3268
			2123	3268
			2122	3268
			2121	3268
			2120	3268
			2119	3268
			2118	3268
			2117	3268
			2116	3268
			2115	3268
			2114	3268
			2113	3268
			2112	3268
			2111	3268
			2110	3268
			2109	3268
			2108	3268
			2107	3268
			2106	3268
			2105	3268
			2104	3268
			2103	3268
			2102	3268
			2101	3268
			2100	3268
			2099	3268
			2098	3268
			2097	3268
			2096	3268
			2095	3268
			2094	3268
			2093	3268
			2092	3268
			2091	3268
			2090	3268
			2089	3268
			2088	3268
			2087	3267
			2086	3267
			2085	3267
			2084	3267
			2083	3267
			2082	3267
			2081	3267
			2080	3267
			2079	3267
			2078	3267
			2077	3267
			2076	3267
			2075	3267
			2074	3267
			2073	3267
			2072	3267
			2071	3267
			2070	3267
			2069	3267
			2068	3267
			2067	3267
			2066	3267
			2065	3267
			2064	3267
			2063	3267
			2062	3267
			2061	3267
			2060	3267
			2059	3267
			2058	3267
			2057	3267
			2056	3267
			2055	3267
			2054	3267
			2053	3267
			2052	3266
			2051	3266
			2050	3266
			2049	3266
			2048	3266
			2047	3266
			2046	3266
			2045	3266
			2044	3266
			2043	3266
			2042	3266
			2041	3266
			2040	3266
			2039	3266
			2038	3266
			2037	3266
			2036	3266
			2035	3266
			2034	3266
			2033	3266
			2032	3266
			2031	3266
			2030	3266
			2029	3266
			2028	3266
			2027	3266
			2026	3266
			2025	3266
			2024	3266
			2023	3265
			2022	3265
			2021	3265
			2020	3265
			2019	3265
			2018	3265
			2017	3265
			2016	3265
			2015	3265
			2014	3265
			2013	3265
			2012	3265
			2011	3265
			2010	3265
			2009	3265
			2008	3265
			2007	3265
			2006	3265
			2005	3265
			2004	3265
			2003	3265
			2002	3265
			2001	3265
			2000	3265
			1999	3264
			1998	3264
			1997	3264
			1996	3264
			1995	3264
			1994	3264
			1993	3264
			1992	3264
			1991	3264
			1990	3264
			1989	3264
			1988	3264
			1987	3264
			1986	3264
			1985	3264
			1984	3264
			1983	3264
			1982	3264
			1981	3264
			1980	3264
			1979	3264
			1978	3264
			1977	3263
			1976	3263
			1975	3263
			1974	3263
			1973	3263
			1972	3263
			1971	3263
			1970	3263
			1969	3263
			1968	3263
			1967	3263
			1966	3263
			1965	3263
			1964	3263
			1963	3263
			1962	3263
			1961	3263
			1960	3263
			1959	3263
			1958	3263
			1957	3263
			1957	3262
			1956	3262
			1955	3262
			1954	3262
			1953	3262
			1952	3262
			1951	3262
			1950	3262
			1949	3262
			1948	3262
			1947	3262
			1946	3262
			1945	3262
			1944	3262
			1943	3262
			1942	3262
			1941	3262
			1940	3262
			1939	3261
			1938	3261
			1937	3261
			1936	3261
			1935	3261
			1934	3261
			1933	3261
			1932	3261
			1931	3261
			1930	3261
			1929	3261
			1928	3261
			1927	3261
			1926	3261
			1925	3261
			1924	3261
			1923	3261
			1922	3261
			1921	3260
			1920	3260
			1919	3260
			1918	3260
			1917	3260
			1916	3260
			1915	3260
			1914	3260
			1913	3260
			1912	3260
			1911	3260
			1910	3260
			1909	3260
			1908	3260
			1907	3260
			1906	3259
			1905	3259
			1904	3259
			1903	3259
			1902	3259
			1901	3259
			1900	3259
			1899	3259
			1898	3259
			1897	3259
			1896	3259
			1895	3259
			1894	3259
			1893	3259
			1892	3259
			1891	3259
			1890	3258
			1889	3258
			1888	3258
			1887	3258
			1886	3258
			1885	3258
			1884	3258
			1883	3258
			1882	3258
			1881	3258
			1880	3258
			1879	3258
			1878	3258
			1877	3258
			1876	3257
			1875	3257
			1874	3257
			1873	3257
			1872	3257
			1871	3257
			1870	3257
			1869	3257
			1868	3257
			1867	3257
			1866	3257
			1865	3257
			1864	3257
			1863	3257
			1862	3256
			1861	3256
			1860	3256
			1859	3256
			1858	3256
			1857	3256
			1856	3256
			1855	3256
			1854	3256
			1853	3256
			1852	3256
			1851	3256
			1850	3256
			1849	3255
			1848	3255
			1847	3255
			1846	3255
			1845	3255
			1844	3255
			1843	3255
			1842	3255
			1841	3255
			1840	3255
			1839	3255
			1838	3255
			1837	3255
			1836	3254
			1835	3254
			1834	3254
			1833	3254
			1832	3254
			1831	3254
			1830	3254
			1829	3254
			1828	3254
			1827	3254
			1826	3254
			1825	3254
			1824	3253
			1823	3253
			1822	3253
			1821	3253
			1820	3253
			1819	3253
			1818	3253
			1817	3253
			1816	3253
			1815	3253
			1814	3253
			1813	3253
			1812	3252
			1811	3252
			1810	3252
			1809	3252
			1808	3252
			1807	3252
			1806	3252
			1805	3252
			1804	3252
			1803	3252
			1802	3252
			1801	3252
			1800	3251
			1799	3251
			1798	3251
			1797	3251
			1796	3251
			1795	3251
			1794	3251
			1793	3251
			1792	3251
			1791	3251
			1790	3251
			1789	3250
			1788	3250
			1787	3250
			1786	3250
			1785	3250
			1784	3250
			1783	3250
			1782	3250
			1781	3250
			1780	3250
			1779	3250
			1778	3249
			1777	3249
			1776	3249
			1775	3249
			1774	3249
			1773	3249
			1772	3249
			1771	3249
			1770	3249
			1769	3249
			1768	3249
			1767	3248
			1766	3248
			1765	3248
			1764	3248
			1763	3248
			1762	3248
			1761	3248
			1760	3248
			1759	3248
			1758	3248
			1757	3247
			1756	3247
			1755	3247
			1754	3247
			1753	3247
			1752	3247
			1751	3247
			1750	3247
			1749	3247
			1748	3247
			1747	3246
			1746	3246
			1745	3246
			1744	3246
			1743	3246
			1742	3246
			1741	3246
			1740	3246
			1739	3246
			1738	3245
			1737	3245
			1736	3245
			1735	3245
			1734	3245
			1733	3245
			1732	3245
			1731	3245
			1730	3245
			1729	3245
			1728	3244
			1727	3244
			1726	3244
			1725	3244
			1724	3244
			1723	3244
			1722	3244
			1721	3244
			1720	3244
			1719	3244
			1718	3243
			1717	3243
			1716	3243
			1715	3243
			1714	3243
			1713	3243
			1712	3243
			1711	3243
			1710	3243
			1709	3242
			1708	3242
			1707	3242
			1706	3242
			1705	3242
			1704	3242
			1703	3242
			1702	3242
			1701	3242
			1700	3241
			1699	3241
			1698	3241
			1697	3241
			1696	3241
			1695	3241
			1694	3241
			1693	3241
			1692	3240
			1691	3240
			1690	3240
			1689	3240
			1688	3240
			1687	3240
			1686	3240
			1685	3240
			1684	3240
			1683	3239
			1682	3239
			1681	3239
			1680	3239
			1679	3239
			1678	3239
			1677	3239
			1676	3239
			1675	3238
			1674	3238
			1673	3238
			1672	3238
			1671	3238
			1670	3238
			1669	3238
			1668	3238
			1667	3237
			1666	3237
			1665	3237
			1664	3237
			1663	3237
			1662	3237
			1661	3237
			1660	3237
			1659	3237
			1658	3236
			1657	3236
			1656	3236
			1655	3236
			1654	3236
			1653	3236
			1652	3236
			1651	3236
			1650	3235
			1649	3235
			1648	3235
			1647	3235
			1646	3235
			1645	3235
			1644	3235
			1643	3235
			1642	3234
			1641	3234
			1640	3234
			1639	3234
			1638	3234
			1637	3234
			1636	3234
			1635	3233
			1634	3233
			1633	3233
			1632	3233
			1631	3233
			1630	3233
			1629	3233
			1628	3233
			1627	3232
			1626	3232
			1625	3232
			1624	3232
			1623	3232
			1622	3232
			1621	3232
			1620	3231
			1619	3231
			1618	3231
			1617	3231
			1616	3231
			1615	3231
			1614	3231
			1613	3231
			1612	3230
			1611	3230
			1610	3230
			1609	3230
			1608	3230
			1607	3230
			1606	3230
			1605	3229
			1604	3229
			1603	3229
			1602	3229
			1601	3229
			1600	3229
			1599	3229
			1598	3229
			1597	3228
			1596	3228
			1595	3228
			1594	3228
			1593	3228
			1592	3228
			1591	3228
			1590	3227
			1589	3227
			1588	3227
			1587	3227
			1586	3227
			1585	3227
			1584	3227
			1583	3226
			1582	3226
			1581	3226
			1580	3226
			1579	3226
			1578	3226
			1577	3226
			1576	3225
			1575	3225
			1574	3225
			1573	3225
			1572	3225
			1571	3225
			1570	3225
			1569	3224
			1568	3224
			1567	3224
			1566	3224
			1565	3224
			1564	3224
			1563	3223
			1562	3223
			1561	3223
			1560	3223
			1559	3223
			1558	3223
			1557	3222
			1556	3222
			1555	3222
			1554	3222
			1553	3222
			1552	3222
			1551	3222
			1550	3221
			1549	3221
			1548	3221
			1547	3221
			1546	3221
			1545	3221
			1544	3221
			1543	3220
			1542	3220
			1541	3220
			1540	3220
			1539	3220
			1538	3220
			1537	3219
			1536	3219
			1535	3219
			1534	3219
			1533	3219
			1532	3219
			1531	3218
			1530	3218
			1529	3218
			1528	3218
			1527	3218
			1526	3218
			1525	3218
			1524	3217
			1523	3217
			1522	3217
			1521	3217
			1520	3217
			1519	3217
			1518	3216
			1517	3216
			1516	3216
			1515	3216
			1514	3216
			1513	3216
			1512	3216
			1511	3215
			1510	3215
			1509	3215
			1508	3215
			1507	3215
			1506	3214
			1505	3214
			1504	3214
			1503	3214
			1502	3214
			1501	3214
			1500	3213
			1499	3213
			1498	3213
			1497	3213
			1496	3213
			1495	3213
			1494	3212
			1493	3212
			1492	3212
			1491	3212
			1490	3211
			1489	3211
			1488	3211
			1487	3210
			1486	3210
			1485	3210
			1484	3210
			1483	3210
			1482	3209
			1481	3209
			1480	3209
			1479	3209
			1478	3208
			1477	3208
			1476	3208
			1475	3208
			1474	3208
			1473	3207
			1472	3207
			1471	3207
			1470	3206
			1469	3206
			1468	3206
			1467	3206
			1466	3205
			1465	3205
			1464	3205
			1463	3205
			1462	3205
			1461	3204
			1460	3204
			1459	3204
			1458	3204
			1457	3203
			1456	3203
			1455	3203
			1454	3203
			1453	3203
			1453	3202
			1452	3202
			1451	3202
			1450	3202
			1449	3201
			1448	3201
			1447	3201
			1446	3201
			1445	3201
			1444	3200
			1443	3200
			1442	3200
			1441	3200
			1440	3199
			1439	3199
			1438	3199
			1437	3199
			1436	3198
			1435	3198
			1434	3198
			1433	3198
			1432	3198
			1431	3197
			1430	3197
			1429	3197
			1428	3197
			1427	3196
			1426	3196
			1425	3196
			1424	3196
			1423	3195
			1422	3195
			1421	3195
			1420	3195
			1419	3194
			1418	3194
			1417	3194
			1416	3194
			1415	3193
			1414	3193
			1413	3193
			1412	3193
			1411	3193
			1411	3192
			1410	3192
			1409	3192
			1408	3192
			1407	3192
			1406	3191
			1405	3191
			1404	3191
			1403	3191
			1402	3190
			1401	3190
			1400	3190
			1399	3190
			1398	3189
			1397	3189
			1396	3189
			1395	3189
			1394	3189
			1393	3188
			1392	3188
			1391	3188
			1390	3188
			1390	3187
			1389	3187
			1388	3187
			1387	3187
			1386	3187
			1385	3186
			1384	3186
			1383	3186
			1382	3186
			1381	3185
			1380	3185
			1379	3185
			1378	3185
			1377	3185
			1376	3184
			1375	3184
			1374	3184
			1373	3184
			1372	3183
			1371	3183
			1370	3183
			1369	3183
			1368	3182
			1367	3182
			1366	3182
			1365	3182
			1364	3181
			1363	3181
			1362	3181
			1361	3181
			1360	3181
			1359	3180
			1358	3180
			1357	3180
			1356	3180
			1355	3179
			1354	3179
			1353	3179
			1352	3179
			1351	3178
			1350	3178
			1349	3178
			1348	3178
			1347	3178
			1346	3177
			1345	3177
			1344	3177
			1343	3177
			1342	3176
			1341	3176
			1340	3176
			1339	3176
			1338	3175
			1337	3175
			1336	3175
			1335	3175
			1334	3174
			1333	3174
			1332	3174
			1331	3174
			1330	3174
			1329	3173
			1328	3173
			1327	3173
			1326	3173
			1325	3172
			1324	3172
			1323	3172
			1322	3172
			1321	3171
			1320	3171
			1319	3171
			1318	3171
			1317	3171
			1316	3170
			1315	3170
			1314	3170
			1313	3170
			1312	3169
			1311	3169
			1310	3169
			1309	3169
			1308	3169
			1307	3168
			1306	3168
			1305	3168
			1304	3168
			1303	3167
			1302	3167
			1301	3167
			1300	3167
			1299	3167
			1298	3166
			1297	3166
			1296	3166
			1295	3165
			1294	3165
			1293	3165
			1292	3165
			1291	3165
			1290	3164
			1289	3164
			1288	3164
			1287	3164
			1286	3163
			1285	3163
			1284	3163
			1283	3163
			1282	3162
			1281	3162
			1280	3162
			1279	3162
			1278	3162
			1277	3161
			1276	3161
			1275	3161
			1274	3161
			1273	3160
			1272	3160
			1271	3160
			1270	3160
			1269	3160
			1268	3159
			1267	3159
			1266	3159
			1265	3159
			1264	3158
			1263	3158
			1262	3158
			1261	3158
			1260	3158
			1259	3157
			1258	3157
			1257	3157
			1256	3157
			1255	3156
			1254	3156
			1253	3156
			1252	3156
			1251	3156
			1250	3155
			1249	3155
			1248	3155
			1247	3155
			1247	3154
			1246	3154
			1245	3154
			1244	3154
			1243	3154
			1242	3153
			1241	3153
			1240	3153
			1239	3153
			1238	3152
			1237	3152
			1236	3152
			1235	3152
			1234	3152
			1233	3151
			1232	3151
			1231	3151
			1230	3151
			1229	3151
			1228	3150
			1227	3150
			1226	3150
			1225	3150
			1224	3149
			1223	3149
			1222	3149
			1221	3149
			1220	3148
			1219	3148
			1218	3148
			1217	3148
			1216	3148
			1215	3147
			1214	3147
			1213	3147
			1212	3147
			1211	3146
			1210	3146
			1209	3146
			1208	3146
			1207	3146
			1206	3145
			1205	3145
			1204	3145
			1203	3145
			1202	3144
			1201	3144
			1200	3144
			1199	3144
			1198	3144
			1197	3143
			1196	3143
			1195	3143
			1194	3143
			1193	3143
			1192	3142
			1191	3142
			1190	3142
			1189	3142
			1188	3141
			1187	3141
			1186	3141
			1185	3141
			1184	3140
			1183	3140
			1182	3140
			1181	3140
			1180	3140
			1179	3139
			1178	3139
			1177	3139
			1176	3139
			1175	3138
			1174	3138
			1173	3138
			1172	3138
			1171	3138
			1170	3137
			1169	3137
			1168	3137
			1167	3137
			1166	3136
			1165	3136
			1164	3136
			1163	3136
			1162	3136
			1161	3135
			1160	3135
			1159	3135
			1158	3135
			1157	3135
			1156	3134
			1155	3134
			1154	3134
			1153	3134
			1152	3134
			1152	3133
			1151	3133
			1150	3133
			1149	3133
			1148	3132
			1147	3132
			1146	3132
			1145	3132
			1144	3132
			1143	3131
			1142	3131
			1141	3131
			1140	3131
			1139	3131
			1138	3130
			1137	3130
			1136	3130
			1135	3130
			1134	3130
			1133	3129
			1132	3129
			1131	3129
			1130	3129
			1129	3128
			1128	3128
			1127	3128
			1126	3128
			1125	3127
			1124	3127
			1123	3127
			1122	3127
			1121	3127
			1120	3126
			1119	3126
			1118	3126
			1117	3126
			1116	3126
			1115	3125
			1114	3125
			1113	3125
			1112	3125
			1111	3125
			1110	3124
			1109	3124
			1108	3124
			1107	3124
			1106	3124
			1105	3123
			1104	3123
			1103	3123
			1102	3122
			1101	3122
			1100	3122
			1099	3122
			1098	3122
			1097	3122
			1096	3121
			1095	3121
			1094	3121
			1093	3121
			1092	3120
			1091	3120
			1090	3120
			1089	3120
			1088	3120
			1087	3119
			1086	3119
			1085	3119
			1084	3119
			1083	3119
			1082	3118
			1081	3118
			1080	3118
			1079	3118
			1078	3118
			1077	3117
			1076	3117
			1075	3117
			1074	3117
			1073	3116
			1072	3116
			1071	3116
			1070	3116
			1069	3115
			1068	3115
			1067	3115
			1066	3115
			1065	3115
			1064	3114
			1063	3114
			1062	3114
			1061	3114
			1060	3114
			1059	3113
			1058	3113
			1057	3113
			1056	3113
			1055	3113
			1054	3112
			1053	3112
			1052	3112
			1051	3112
			1050	3112
			1049	3111
			1048	3111
			1047	3111
			1046	3111
			1045	3111
			1044	3110
			1043	3110
			1042	3110
			1041	3110
			1040	3110
			1039	3109
			1038	3109
			1037	3109
			1036	3109
			1035	3108
			1034	3108
			1033	3108
			1032	3108
			1031	3108
			1030	3107
			1029	3107
			1028	3107
			1027	3107
			1026	3107
			1025	3106
			1024	3106
			1023	3106
			1022	3106
			1021	3106
			1020	3105
			1019	3105
			1018	3105
			1017	3105
			1016	3105
			1015	3104
			1014	3104
			1013	3104
			1012	3104
			1011	3104
			1010	3103
			1009	3103
			1008	3103
			1007	3103
			1006	3103
			1005	3102
			1004	3102
			1003	3102
			1002	3102
			1001	3102
			1000	3101
			999	3101
			998	3101
			997	3101
			996	3101
			995	3100
			994	3100
			993	3100
			992	3100
			991	3099
			990	3099
			989	3099
			988	3099
			987	3099
			986	3099
			985	3098
			984	3098
			983	3098
			982	3098
			981	3098
			980	3097
			979	3097
			978	3097
			977	3097
			976	3097
			975	3096
			974	3096
			973	3096
			972	3096
			971	3095
			970	3095
			969	3095
			968	3095
			967	3095
			966	3094
			965	3094
			964	3094
			963	3094
			962	3094
			961	3094
			960	3093
			959	3093
			958	3093
			957	3093
			956	3093
			955	3092
			954	3092
			953	3092
			952	3092
			951	3092
			950	3091
			949	3091
			948	3091
			947	3091
			946	3091
			945	3091
			944	3090
			943	3090
			942	3090
			941	3090
			940	3090
			939	3089
			938	3089
			937	3089
			936	3089
			935	3089
			934	3088
			933	3088
			932	3088
			931	3088
			930	3088
			929	3087
			928	3087
			927	3087
			926	3087
			925	3087
			924	3086
			923	3086
			922	3086
			921	3086
			920	3086
			919	3086
			918	3085
			917	3085
			916	3085
			915	3085
			914	3084
			913	3084
			912	3084
			911	3084
			910	3084
			909	3084
			908	3083
			907	3083
			906	3083
			905	3083
			904	3083
			903	3082
			902	3082
			901	3082
			900	3082
			899	3082
			898	3082
			897	3081
			896	3081
			895	3081
			894	3081
			893	3081
			892	3080
			891	3080
			890	3079
			889	3079
			888	3079
			887	3079
			886	3078
			885	3078
			884	3078
			883	3078
			882	3077
			881	3077
			880	3077
			879	3076
			878	3076
			877	3076
			876	3075
			875	3075
			874	3075
			873	3075
			873	3074
			872	3074
			871	3074
			870	3073
			869	3073
			868	3073
			867	3073
			866	3072
			865	3072
			864	3072
			863	3071
			862	3071
			861	3070
			860	3070
			859	3070
			858	3070
			857	3069
			856	3069
			855	3069
			854	3068
			853	3068
			852	3068
			851	3067
			850	3067
			849	3067
			848	3066
			847	3066
			846	3066
			846	3065
			845	3065
			844	3065
			843	3064
			842	3064
			841	3064
			840	3063
			839	3063
			838	3063
			837	3062
			836	3062
			835	3061
			834	3061
			833	3061
			832	3060
			831	3060
			830	3060
			829	3059
			828	3059
			827	3059
			826	3058
			825	3058
			824	3057
			823	3057
			822	3057
			821	3056
			820	3056
			819	3056
			818	3055
			817	3054
			816	3054
			815	3054
			814	3053
			813	3053
			812	3053
			811	3052
			810	3052
			809	3051
			808	3051
			807	3050
			806	3050
			805	3050
			804	3049
			803	3049
			802	3048
			801	3048
			800	3048
			800	3047
			799	3047
			798	3047
			797	3046
			796	3046
			795	3045
			794	3045
			793	3045
			792	3044
			791	3044
			791	3043
			790	3043
			789	3043
			788	3042
			787	3042
			786	3041
			785	3041
			784	3040
			783	3040
			782	3039
			781	3039
			780	3038
			779	3038
			778	3037
			777	3037
			776	3037
			775	3036
			774	3035
			773	3035
			772	3035
			771	3034
			770	3034
			769	3033
			768	3033
			767	3032
			766	3032
			765	3031
			764	3031
			764	3030
			763	3030
			762	3029
			761	3029
			760	3029
			759	3028
			758	3028
			758	3027
			757	3027
			756	3026
			755	3026
			754	3025
			753	3025
			752	3024
			751	3024
			750	3023
			749	3023
			748	3022
			747	3021
			746	3021
			745	3020
			744	3020
			743	3019
			742	3019
			741	3018
			740	3017
			739	3017
			738	3016
			737	3016
			736	3015
			735	3014
			734	3014
			733	3013
			732	3013
			731	3012
			730	3012
			729	3011
			728	3010
			727	3010
			726	3009
			725	3009
			724	3008
			723	3007
			722	3007
			721	3006
			720	3006
			719	3005
			718	3004
			717	3004
			716	3003
			715	3003
			714	3002
			713	3001
		</ventral_body>
		<operculum type=matrix rownames=FALSE colnames=FALSE nrow=543 ncol=2 as.numeric=TRUE >
			1624	2844
			1624	2843
			1623	2843
			1623	2842
			1623	2841
			1622	2840
			1621	2839
			1621	2838
			1621	2837
			1620	2836
			1620	2835
			1619	2834
			1619	2833
			1619	2832
			1618	2831
			1618	2830
			1617	2830
			1617	2829
			1617	2828
			1616	2827
			1616	2826
			1616	2825
			1615	2824
			1615	2823
			1615	2822
			1614	2821
			1614	2820
			1614	2819
			1613	2819
			1613	2818
			1613	2817
			1612	2816
			1612	2815
			1612	2814
			1611	2813
			1611	2812
			1611	2811
			1611	2810
			1610	2809
			1610	2808
			1610	2807
			1609	2806
			1609	2805
			1609	2804
			1609	2803
			1608	2802
			1608	2801
			1608	2800
			1608	2799
			1607	2798
			1607	2797
			1607	2796
			1607	2795
			1607	2794
			1606	2793
			1606	2792
			1606	2791
			1606	2790
			1606	2789
			1605	2788
			1605	2787
			1605	2786
			1605	2785
			1605	2784
			1604	2783
			1604	2782
			1604	2781
			1604	2780
			1604	2779
			1604	2778
			1603	2777
			1603	2776
			1603	2775
			1603	2774
			1603	2773
			1603	2772
			1603	2771
			1603	2770
			1602	2769
			1602	2768
			1602	2767
			1602	2766
			1602	2765
			1602	2764
			1602	2763
			1602	2762
			1602	2761
			1602	2760
			1602	2759
			1601	2758
			1601	2757
			1601	2756
			1601	2755
			1601	2754
			1601	2753
			1601	2752
			1601	2751
			1601	2750
			1601	2749
			1601	2748
			1601	2747
			1601	2746
			1601	2745
			1601	2744
			1601	2743
			1601	2742
			1601	2741
			1601	2740
			1601	2739
			1601	2738
			1601	2737
			1601	2736
			1601	2735
			1601	2734
			1601	2733
			1601	2732
			1601	2731
			1601	2730
			1601	2729
			1601	2728
			1601	2727
			1601	2726
			1601	2725
			1601	2724
			1601	2723
			1601	2722
			1601	2721
			1601	2720
			1601	2719
			1601	2718
			1601	2717
			1601	2716
			1601	2715
			1601	2714
			1601	2713
			1601	2712
			1601	2711
			1602	2710
			1602	2709
			1602	2708
			1602	2707
			1602	2706
			1602	2705
			1602	2704
			1602	2703
			1602	2702
			1602	2701
			1602	2700
			1602	2699
			1603	2698
			1603	2697
			1603	2696
			1603	2695
			1603	2694
			1603	2693
			1603	2692
			1603	2691
			1603	2690
			1604	2689
			1604	2688
			1604	2687
			1604	2686
			1604	2685
			1604	2684
			1604	2683
			1605	2682
			1605	2681
			1605	2680
			1605	2679
			1605	2678
			1605	2677
			1605	2676
			1605	2675
			1606	2674
			1606	2673
			1606	2672
			1606	2671
			1606	2670
			1606	2669
			1607	2668
			1607	2667
			1607	2666
			1607	2665
			1607	2664
			1607	2663
			1608	2662
			1608	2661
			1608	2660
			1608	2659
			1608	2658
			1609	2657
			1609	2656
			1609	2655
			1609	2654
			1609	2653
			1609	2652
			1610	2651
			1610	2650
			1610	2649
			1610	2648
			1610	2647
			1611	2646
			1611	2645
			1611	2644
			1611	2643
			1612	2642
			1612	2641
			1612	2640
			1612	2639
			1612	2638
			1613	2637
			1613	2636
			1613	2635
			1613	2634
			1614	2633
			1614	2632
			1614	2631
			1614	2630
			1614	2629
			1615	2628
			1615	2627
			1615	2626
			1615	2625
			1615	2624
			1615	2623
			1616	2622
			1616	2621
			1616	2620
			1616	2619
			1616	2618
			1617	2617
			1617	2616
			1617	2615
			1617	2614
			1617	2613
			1618	2612
			1618	2611
			1618	2610
			1618	2609
			1618	2608
			1618	2607
			1618	2606
			1619	2605
			1619	2604
			1619	2603
			1619	2602
			1619	2601
			1620	2600
			1620	2599
			1620	2598
			1620	2597
			1620	2596
			1620	2595
			1621	2594
			1621	2593
			1621	2592
			1621	2591
			1621	2590
			1621	2589
			1622	2588
			1622	2587
			1622	2586
			1622	2585
			1622	2584
			1623	2583
			1623	2582
			1623	2581
			1623	2580
			1623	2579
			1623	2578
			1624	2577
			1624	2576
			1624	2575
			1624	2574
			1624	2573
			1624	2572
			1625	2571
			1625	2570
			1625	2569
			1625	2568
			1625	2567
			1625	2566
			1626	2565
			1626	2564
			1626	2563
			1626	2562
			1626	2561
			1626	2560
			1627	2559
			1627	2558
			1627	2557
			1627	2556
			1627	2555
			1627	2554
			1628	2553
			1628	2552
			1628	2551
			1628	2550
			1628	2549
			1628	2548
			1629	2547
			1629	2546
			1629	2545
			1629	2544
			1629	2543
			1629	2542
			1630	2541
			1630	2540
			1630	2539
			1630	2538
			1630	2537
			1630	2536
			1630	2535
			1631	2535
			1631	2534
			1631	2533
			1631	2532
			1631	2531
			1631	2530
			1632	2529
			1632	2528
			1632	2527
			1632	2526
			1632	2525
			1632	2524
			1632	2523
			1633	2522
			1633	2521
			1633	2520
			1633	2519
			1633	2518
			1633	2517
			1634	2516
			1634	2515
			1634	2514
			1634	2513
			1634	2512
			1634	2511
			1634	2510
			1635	2509
			1635	2508
			1635	2507
			1635	2506
			1635	2505
			1635	2504
			1636	2503
			1636	2502
			1636	2501
			1636	2500
			1636	2499
			1636	2498
			1636	2497
			1637	2496
			1637	2495
			1637	2494
			1637	2493
			1637	2492
			1637	2491
			1637	2490
			1638	2489
			1638	2488
			1638	2487
			1638	2486
			1638	2485
			1638	2484
			1639	2483
			1639	2482
			1639	2481
			1639	2480
			1639	2479
			1639	2478
			1640	2477
			1640	2476
			1640	2475
			1640	2474
			1640	2473
			1640	2472
			1640	2471
			1640	2470
			1641	2469
			1641	2468
			1641	2467
			1641	2466
			1641	2465
			1641	2464
			1641	2463
			1642	2462
			1642	2461
			1642	2460
			1642	2459
			1642	2458
			1642	2457
			1642	2456
			1643	2455
			1643	2454
			1643	2453
			1643	2452
			1643	2451
			1643	2450
			1643	2449
			1644	2448
			1644	2447
			1644	2446
			1644	2445
			1644	2444
			1644	2443
			1644	2442
			1645	2441
			1645	2440
			1645	2439
			1645	2438
			1645	2437
			1645	2436
			1645	2435
			1645	2434
			1646	2433
			1646	2432
			1646	2431
			1646	2430
			1646	2429
			1646	2428
			1646	2427
			1647	2426
			1647	2425
			1647	2424
			1647	2423
			1647	2422
			1647	2421
			1647	2420
			1647	2419
			1647	2418
			1648	2418
			1648	2417
			1648	2416
			1648	2415
			1648	2414
			1648	2413
			1648	2412
			1648	2411
			1649	2410
			1649	2409
			1649	2408
			1649	2407
			1649	2406
			1649	2405
			1649	2404
			1649	2403
			1649	2402
			1650	2401
			1650	2400
			1650	2399
			1650	2398
			1650	2397
			1650	2396
			1650	2395
			1651	2394
			1651	2393
			1651	2392
			1651	2391
			1651	2390
			1651	2389
			1651	2388
			1651	2387
			1651	2386
			1652	2385
			1652	2384
			1652	2383
			1652	2382
			1652	2381
			1652	2380
			1652	2379
			1652	2378
			1652	2377
			1653	2376
			1653	2375
			1653	2374
			1653	2373
			1653	2372
			1653	2371
			1653	2370
			1653	2369
			1653	2368
			1654	2367
			1654	2366
			1654	2365
			1654	2364
			1654	2363
			1654	2362
			1654	2361
			1654	2360
			1654	2359
			1654	2358
			1655	2357
			1655	2356
			1655	2355
			1655	2354
			1655	2353
			1655	2352
			1655	2351
			1655	2350
			1655	2349
			1655	2348
			1656	2347
			1656	2346
			1656	2345
			1656	2344
			1656	2343
			1656	2342
			1656	2341
			1656	2340
			1656	2339
			1656	2338
			1656	2337
			1657	2336
			1657	2335
			1657	2334
			1657	2333
			1657	2332
			1657	2331
			1657	2330
			1657	2329
			1657	2328
			1657	2327
			1657	2326
			1658	2325
			1658	2324
			1658	2323
			1658	2322
			1658	2321
			1658	2320
			1658	2319
			1658	2318
			1658	2317
			1658	2316
			1658	2315
			1658	2314
			1659	2313
			1659	2312
			1659	2311
			1659	2310
			1659	2309
			1659	2308
			1659	2307
		</operculum>
	</curves.pixel>
</shapes>

