SpecCode,Species,Genus,SpeciesRefNo,Author,FBname,PicPreferredName,PicPreferredNameM,PicPreferredNameF,PicPreferredNameJ,FamCode,Subfamily,GenCode,SubGenCode,BodyShapeI,Source,AuthorRef,Remark,TaxIssue,Fresh,Brack,Saltwater,DemersPelag,Amphibious,AmphibiousRef,AnaCat,MigratRef,DepthRangeShallow,DepthRangeDeep,DepthRangeRef,DepthRangeComShallow,DepthRangeComDeep,DepthComRef,LongevityWild,LongevityWildRef,LongevityCaptive,LongevityCapRef,Vulnerability,Length,LTypeMaxM,LengthFemale,LTypeMaxF,MaxLengthRef,CommonLength,LTypeComM,CommonLengthF,LTypeComF,CommonLengthRef,Weight,WeightFemale,MaxWeightRef,Pic,PictureFemale,LarvaPic,EggPic,ImportanceRef,Importance,PriceCateg,PriceReliability,Remarks7,LandingStatistics,Landings,MainCatchingMethod,II,MSeines,MGillnets,MCastnets,MTraps,MSpears,MTrawls,MDredges,MLiftnets,MHooksLines,MOther,UsedforAquaculture,LifeCycle,AquacultureRef,UsedasBait,BaitRef,Aquarium,AquariumFishII,AquariumRef,GameFish,GameRef,Dangerous,DangerousRef,Electrogenic,ElectroRef,Complete,GoogleImage,Comments,Profile,PD50,Emblematic,Entered,DateEntered,Modified,DateModified,Expert,DateChecked,TS,AddRems,done
14558,Anoplocapros amygdaloides,Anoplocapros,9563,"Fraser-Brunner, 1941",Western smooth boxfish,Anamy_u0.gif,NA,NA,NA,633,NA,1435,NA,short and / or deep,o,NA,NA,0,0,0,-1,demersal,NA,NA,NA,NA,5,100,9563,NA,NA,NA,NA,NA,NA,NA,16,30,TL,NA,NA,9563,NA,NA,NA,NA,NA,NA,NA,NA,ANAMY_U0,NA,NA,NA,9563,NA,unknown,NA,NA,NA,NA,trawls,NA,0,0,0,0,0,0,0,0,0,0,never/rarely,NA,NA,never/rarely,NA,never/rarely,NA,NA,0,NA,harmless,NA,no special ability,NA,NA,-1,Occurs on the continental shelf (Ref. 9563).,NA,0.6251999735832214,0,3,1995-08-12T00:00:00Z,124,1995-10-02T00:00:00Z,NA,NA,NA,NA,FALSE
14559,Anoplocapros inermis,Anoplocapros,9563,"(Fraser-Brunner, 1935)",Eastern smooth boxfish,Anine_m0.jpg,Anine_m0.jpg,Anine_f0.jpg,Anrob_j1.jpg,633,NA,1435,NA,short and / or deep,o,NA,NA,0,0,0,-1,demersal,NA,NA,NA,NA,10,300,9563,NA,NA,NA,NA,NA,NA,NA,19.53,37,TL,NA,NA,9563,NA,NA,NA,NA,NA,NA,NA,NA,ANINE_U0,NA,NA,NA,9563,NA,unknown,NA,NA,NA,NA,trawls,NA,0,0,0,0,0,0,0,0,0,0,never/rarely,NA,NA,never/rarely,NA,never/rarely,NA,NA,0,NA,harmless,NA,no special ability,NA,NA,-1,Occurs on the continental shelf (Ref. 9563).,NA,0.6251999735832214,0,3,1995-08-12T00:00:00Z,65,2013-07-15T00:00:00Z,NA,NA,NA,NA,FALSE
14566,Capropygia unistriata,Capropygia,9563,"(Kaup, 1855)",Black-banded pigmy boxfish,Cauni_u0.gif,NA,NA,NA,633,NA,4532,NA,short and / or deep,o,NA,NA,0,0,0,-1,demersal,NA,NA,NA,NA,60,200,9563,NA,NA,NA,NA,NA,NA,NA,10,12,TL,NA,NA,9563,NA,NA,NA,NA,NA,NA,NA,NA,CAUNI_U0,NA,NA,NA,9563,NA,unknown,NA,NA,NA,NA,trawls,NA,0,0,0,0,0,0,0,0,0,0,never/rarely,NA,NA,never/rarely,NA,never/rarely,NA,NA,0,NA,harmless,NA,no special ability,NA,NA,-1,Occurs on the continental shelf (Ref. 9563).,NA,1.0002000331878662,0,3,1995-08-13T00:00:00Z,303,2005-06-29T00:00:00Z,NA,NA,NA,NA,FALSE
NA,Kentrocapros rosapinto aculeatus,NA,NA,NA,NA,NA,NA,NA,NA,NA,NA,NA,NA,NA,NA,NA,NA,NA,NA,NA,NA,NA,NA,NA,NA,NA,NA,NA,NA,NA,NA,NA,NA,NA,NA,NA,NA,NA,NA,NA,NA,NA,NA,NA,NA,NA,NA,NA,NA,NA,NA,NA,NA,NA,NA,NA,NA,NA,NA,NA,NA,NA,NA,NA,NA,NA,NA,NA,NA,NA,NA,NA,NA,NA,NA,NA,NA,NA,NA,NA,NA,NA,NA,NA,NA,NA,NA,NA,NA,NA,NA,NA,NA,NA,NA,NA,NA,NA,NA,NA,NA,FALSE
62612,Abalistes filamentosus,Abalistes,54835,"Matsuura & Yoshino, 2004",NA,Abfil_u0.jpg,NA,NA,NA,445,NA,6790,NA,short and / or deep,O,NA,NA,0,0,0,-1,pelagic-neritic,NA,NA,NA,NA,61,180,54835,NA,NA,NA,NA,NA,NA,NA,39.79,32.5,SL,24.299999237060547,SL,54835,NA,NA,NA,NA,NA,1375,NA,85123,NA,NA,NA,NA,NA,NA,medium,Very questionable: based on ex-vessel price for species in this family,NA,NA,NA,NA,NA,0,0,0,0,0,0,0,0,-1,0,never/rarely,NA,NA,never/rarely,NA,never/rarely,NA,NA,0,NA,harmless,NA,no special ability,NA,NA,-1,NA,NA,0.625,0,14,2006-04-19T00:00:00Z,NA,2010-09-08T00:00:00Z,NA,NA,NA,NA,FALSE
6025,Balistapus undulatus,Balistapus,9770,"(Park, 1797)",Orange-lined triggerfish,Baund_u2.jpg,NA,NA,NA,445,NA,6409,NA,short and / or deep,O,NA,NA,0,0,0,-1,reef-associated,NA,NA,NA,NA,2,50,9710,NA,NA,NA,NA,NA,NA,NA,29.77,30,TL,NA,NA,2334,26,TL,NA,NA,5450,NA,NA,NA,BAUND_U1,NA,NA,NA,9770,commercial,medium,Very questionable: based on ex-vessel price for species in this family,NA,NA,NA,various gears,NA,0,0,0,-1,0,-1,0,0,0,0,never/rarely,NA,NA,never/rarely,NA,commercial,based mainly on capture,1602,0,NA,traumatogenic,4420,no special ability,NA,NA,-1,"Adults which are territorial in nature occur in coral-rich areas of deep lagoon and seaward reefs from the lower surge zone to at least 50 meters (Ref. 48637). They feed on a variety of benthic organisms such as algae, echinoderms, fishes, mollusks, tunicates, sponges, and hydrozoans. Eggs are laid as one cluster in a shallow excavation on sand or rubble along channels. (Ref. 1602). Marketed fresh and dried-salted (Ref. 9770).",NA,1,0,14,1992-07-15T00:00:00Z,2,2019-03-28T00:00:00Z,124,1995-10-02T00:00:00Z,NA,"Occurs in coral-rich (Ref. 58534) areas of deep lagoon and seaward reefs from the lower surge zone to at least 50 meters (Ref. 48637).  Feeds on a variety of benthic organisms such as algae,  coral, molluscs, worms, echinoderms, fishes, mollusks, tunicates, sponges, and hydrozoans (Ref. 54301).  Has a territorial nature.   They seek shelter in coral crevices when threatened or when retiring for the night.",FALSE
7327,Balistes capriscus,Balistes,35505,"Gmelin, 1789",Grey triggerfish,Bacar_u4.jpg,NA,NA,NA,445,NA,4755,NA,short and / or deep,R,NA,NA,0,0,0,-1,reef-associated,NA,NA,NA,NA,0,100,7348,0,55,55172,NA,NA,NA,NA,34.82,60,TL,NA,NA,7348,44,TL,NA,NA,47377,6150,NA,40637,BACAR_U0,NA,NA,NA,3571,commercial,high,Reliable: based on ex-vessel price for this species,NA,NA,African countries.,trawls,NA,-1,0,0,-1,0,0,0,0,-1,0,never/rarely,NA,NA,never/rarely,NA,public aquariums,NA,273,-1,4699,reports of ciguatera poisoning,30911,no special ability,NA,NA,-1,"Inhabits bays, harbors, lagoons, and seaward reefs (Ref. 9710).  May drift with young at surface among <i>Sargassum</i> (Ref. 9710).  Usually solitary or in small groups (Ref. 9710).  Feeds on benthic invertebrates like mollusks and crustaceans (Ref. 4727).  Oviparous (Ref. 205).  Consumed mostly fresh, smoked, and dried salted.  The flesh is of excellent quality.  Because it is resistant to capture, it proliferates and competes for food with other species (Ref. 5377).",NA,0.5077999830245972,0,18,1993-02-12T00:00:00Z,2,2005-10-06T00:00:00Z,97,1996-02-22T00:00:00Z,NA,"Inhabits bays, harbors, lagoons, and seaward reefs (Ref. 9710).  Abundant along coasts (Ref. 122936).  May drift with young at surface among <i>Sargassum</i> (Ref. 9710). Feeds on benthic invertebrates like mollusks and crustaceans (Ref. 4727).",FALSE
4276,Balistes polylepis,Balistes,2850,"Steindachner, 1876",Finescale triggerfish,Bapol_u3.jpg,NA,NA,NA,445,NA,4755,NA,short and / or deep,O,NA,NA,0,0,0,-1,reef-associated,NA,NA,NA,NA,3,60,91172,NA,NA,NA,NA,NA,NA,NA,53.94,76,TL,NA,NA,2850,50,TL,NA,NA,9276,NA,NA,NA,BAPOL_U0,NA,NA,NA,9276,commercial,medium,Very questionable: based on ex-vessel price for species in this family,NA,NA,NA,various gears,NA,0,-1,0,0,0,0,0,0,-1,0,never/rarely,NA,NA,never/rarely,NA,never/rarely,NA,NA,0,NA,harmless,NA,no special ability,NA,NA,-1,"Occurs in rocky reefs, boulder strewn slopes and adjacent areas of sand.  Adults demersal; young pelagic (Ref. 2850).  Feeds on sea urchins, small crustaceans and mollusks (Ref. 5227). Minimum depth 3m (Ref. 116844).",NA,0.5077999830245972,0,1,1991-05-02T00:00:00Z,113,2018-01-11T00:00:00Z,113,1995-06-15T00:00:00Z,NA,"Occurs in rocky reefs, boulder strewn slopes and adjacent areas of sand.  Adults demersal; young pelagic (Ref. 2850).  Feeds on sea urchins, small crustaceans and mollusks (Ref. 5227).  Omnivore (Ref. 57615).",FALSE
19,Balistes vetula,Balistes,7251,"Linnaeus, 1758",Queen triggerfish,Bavet_ub.jpg,NA,NA,NA,445,NA,4755,NA,short and / or deep,O,NA,NA,0,0,0,-1,reef-associated,NA,NA,NA,NA,2,275,4727,3,30,40849,NA,NA,NA,NA,36.2,60,TL,NA,NA,7251,30,TL,NA,NA,5217,5440,NA,4699,BAVET_U0,NA,NA,NA,6077,minor commercial,medium,Very questionable: based on ex-vessel price for species in this family,NA,NA,NA,trawls,unspecified bottom trawls (TB),0,0,0,-1,0,0,0,0,-1,0,never/rarely,NA,NA,never/rarely,NA,commercial,based mainly on capture,12090,-1,4699,poisonous to eat,NA,no special ability,NA,NA,-1,"Found over rocky or coral areas (Ref. 5217).  May form schools, sometimes solitary over sand and grassy areas.  Feeds mainly on benthic invertebrates (Ref. 4727).  It preys on sea urchins by blowing water to overturn it and then attacks it where the spines are short (Ref. 9710).  Excellent food fish but occasionally can cause intoxication due to the liver.",NA,0.5077999830245972,0,2,1990-10-17T00:00:00Z,303,2021-01-05T00:00:00Z,97,1996-02-22T00:00:00Z,NA,"Found in coral reef environments, near the bottom, from shallow sandy or grassy areas to the upper slope of the reef.  Employs different feeding behaviours to capture and manipulate different type of prey, for example, it uses suction feeding to capture worms and other soft prey, while it feeds on crabs and sea urchins by directly biting off parts of the prey (Ref. 45549).  Sessile invertebrate feeder (Ref. 57616).",FALSE
2300,Balistoides conspicillum,Balistoides,9770,"(Bloch & Schneider, 1801)",Clown triggerfish,Bacon_u6.jpg,NA,NA,NA,445,NA,6300,NA,short and / or deep,O,NA,NA,0,0,-1,-1,reef-associated,NA,NA,NA,NA,1,75,9710,NA,NA,NA,NA,NA,NA,NA,37.89,50,TL,NA,NA,2334,NA,NA,NA,NA,NA,NA,NA,NA,BACON_U5,NA,NA,NA,9770,minor commercial,medium,Very questionable: based on ex-vessel price for species in this family,NA,NA,NA,various gears,NA,0,-1,0,-1,0,0,0,0,-1,0,never/rarely,NA,NA,never/rarely,NA,commercial,based mainly on capture,4907,0,NA,reports of ciguatera poisoning,4690,no special ability,NA,NA,-1,"Lives in clear coastal to outer reef habitats (Ref. 48637).  Occurs in clear seaward reefs adjacent to steep drop-offs.  A solitary species (Ref. 9710).  Uncommon to rare throughout most of its range (Ref. 9770).  Adults usually seen along deep drop-offs, swimming about openly and may retreat to caves when approached.  Juveniles secretive in small caves with rich invertebrate growth (Ref. 48637).  Diet consists of sea urchins, crabs and other crustaceans, mollusks, and tunicates (Ref. 9770).  Marketed fresh (Ref. 9770).  Among the most highly prized aquarium fishes (Ref. 1602).",NA,0.75,0,2,1991-02-25T00:00:00Z,1472,2006-06-07T00:00:00Z,124,1995-10-02T00:00:00Z,NA,"The habitat consists of clear waters of outer reef slopes at depth between about 5 and 75 m.  Juveniles are very secretive, mainly confining themselves to caves below 20 m depth on steep drop offs (Ref. 54301).  Lives in clear coastal to outer reef habitats (Ref. 48637).  A solitary species (Ref. 9710).  Uncommon to rare throughout most of its range (Ref. 9770).  Adults usually seen along deep drop-offs, swimming about openly and may retreat to caves when approached.  Juveniles secretive in small caves with rich invertebrate growth (Ref. 48637).  Diet consists of sea urchins, crabs and other crustaceans, mollusks, and tunicates (Ref. 9770).",FALSE
6026,Balistoides viridescens,Balistoides,9770,"(Bloch & Schneider, 1801)",Titan triggerfish,Bavir_u2.jpg,NA,NA,NA,445,NA,6300,NA,short and / or deep,O,NA,NA,0,0,0,-1,reef-associated,NA,NA,NA,NA,1,50,9770,NA,NA,NA,NA,NA,NA,NA,53.22,75,TL,NA,NA,9710,NA,NA,NA,NA,NA,NA,NA,NA,BAVIR_U1,NA,NA,NA,9770,commercial,medium,Very questionable: based on ex-vessel price for species in this family,NA,NA,NA,various gears,NA,0,-1,0,-1,0,0,0,0,-1,-1,never/rarely,NA,NA,never/rarely,NA,never/rarely,NA,NA,0,NA,reports of ciguatera poisoning,1602,no special ability,NA,NA,-1,"Recorded from lagoons, seaward reefs (Ref. 1602) and sheltered inner reef slopes (Ref. 48637).  Juveniles often associated with isolated patches of branching coral or rubble of shallow sandy protected areas.  Adults occur singly or in pairs on the slopes of deep lagoon or seaward reefs (Ref. 37816, 48637).  Often hostile towards divers and may attack unprovoked when caring for eggs (Ref. 48637).  Feed on sea urchins, coral, crabs and other crustaceans, mollusks and tube worms.  Oviparous (Ref. 205).  Largest triggerfish; females are reported to have attacked divers when guarding their nest (Ref. 2334).  Also caught with drive-in nets.  Marketed fresh and dried-salted (Ref. 9770).",NA,0.75,0,14,1992-07-15T00:00:00Z,97,2017-06-07T00:00:00Z,124,1995-10-02T00:00:00Z,NA,NA,FALSE
4278,Canthidermis maculata,Canthidermis,1602,"(Bloch, 1786)",Rough triggerfish,Camac_uh.jpg,NA,NA,NA,445,NA,4372,NA,short and / or deep,O,NA,NA,0,0,0,-1,reef-associated,NA,NA,NA,NA,1,110,9710,NA,NA,NA,NA,NA,NA,NA,41.39,50,TL,NA,NA,9276,35,TL,NA,NA,55763,NA,NA,NA,CAMAC_U1,NA,NA,NA,2683,commercial,medium,Very questionable: based on ex-vessel price for species in this family,NA,NA,NA,various gears,NA,0,0,0,0,0,-1,0,0,-1,0,never/rarely,NA,NA,never/rarely,NA,never/rarely,NA,NA,0,NA,reports of ciguatera poisoning,30911,no special ability,NA,NA,-1,"Found in shallow coastal and offshore waters (Ref. 9276, 11230).  Epipelagic nearly all throughout life, often associated with drifting objects (Ref. 1602, 44187).  May occur on deep rocky slopes (Ref. 7251).  Feeds on zooplanktons (Ref. 89972). Appear to school in large numbers based on catches from set nets (Ref. 637).  Oviparous (Ref. 205).  Marketed fresh (Ref. 9770).",NA,0.625,0,1,1991-05-02T00:00:00Z,2291,2014-10-21T00:00:00Z,124,1995-10-02T00:00:00Z,NA,"Found in shallow coastal and offshore waters (Ref. 9276, 11230).  Epipelagic nearly all throughout life, often associated with drifting objects (Ref. 1602, 44187).  May occur on deep rocky slopes (Ref. 7251).  Appear to school in large numbers based on catches from set nets (Ref. 637).  Occasionally occur off current-swept points (Ref. 37816).",FALSE
4279,Canthidermis sufflamen,Canthidermis,7251,"(Mitchill, 1815)",Ocean triggerfish,Casuf_u3.jpg,NA,NA,NA,445,NA,4372,NA,short and / or deep,O,NA,NA,0,0,0,-1,reef-associated,NA,NA,NA,NA,5,60,36453,5,30,40849,NA,NA,NA,NA,34.32,65,TL,NA,NA,9710,NA,NA,NA,NA,NA,6120,NA,40637,CASUF_U0,NA,NA,NA,2683,commercial,medium,Very questionable: based on ex-vessel price for species in this family,NA,NA,NA,NA,NA,0,0,0,0,0,-1,0,0,0,0,never/rarely,NA,NA,never/rarely,NA,commercial,based mainly on capture,12090,-1,4699,harmless,NA,no special ability,NA,NA,-1,Common near drop-offs of seaward reefs (Ref. 9710).  Occasionally in shallow water.  Solitary or in small groups in open water.  Often associated with <i>Sargassum</i> (Ref. 9710).  Feeds mainly on large zooplankton.  Minimum depth reported from Ref. 13121.,NA,0.625,0,1,1991-05-02T00:00:00Z,65,2013-09-05T00:00:00Z,NA,NA,NA,Common near drop-offs of seaward reefs (Ref. 9710).  Occasionally in shallow water.  Solitary or in small groups in open water.  Often associated with <i>Sargassum</i> (Ref. 9710).  Feeds mainly on large zooplankton.  Minimum depth reported from Ref. 13121.,FALSE
NA,Melichthys niger,NA,NA,NA,NA,NA,NA,NA,NA,NA,NA,NA,NA,NA,NA,NA,NA,NA,NA,NA,NA,NA,NA,NA,NA,NA,NA,NA,NA,NA,NA,NA,NA,NA,NA,NA,NA,NA,NA,NA,NA,NA,NA,NA,NA,NA,NA,NA,NA,NA,NA,NA,NA,NA,NA,NA,NA,NA,NA,NA,NA,NA,NA,NA,NA,NA,NA,NA,NA,NA,NA,NA,NA,NA,NA,NA,NA,NA,NA,NA,NA,NA,NA,NA,NA,NA,NA,NA,NA,NA,NA,NA,NA,NA,NA,NA,NA,NA,NA,NA,NA,FALSE
NA,Melichthys vidua,NA,NA,NA,NA,NA,NA,NA,NA,NA,NA,NA,NA,NA,NA,NA,NA,NA,NA,NA,NA,NA,NA,NA,NA,NA,NA,NA,NA,NA,NA,NA,NA,NA,NA,NA,NA,NA,NA,NA,NA,NA,NA,NA,NA,NA,NA,NA,NA,NA,NA,NA,NA,NA,NA,NA,NA,NA,NA,NA,NA,NA,NA,NA,NA,NA,NA,NA,NA,NA,NA,NA,NA,NA,NA,NA,NA,NA,NA,NA,NA,NA,NA,NA,NA,NA,NA,NA,NA,NA,NA,NA,NA,NA,NA,NA,NA,NA,NA,NA,NA,FALSE
NA,Odonus niger,NA,NA,NA,NA,NA,NA,NA,NA,NA,NA,NA,NA,NA,NA,NA,NA,NA,NA,NA,NA,NA,NA,NA,NA,NA,NA,NA,NA,NA,NA,NA,NA,NA,NA,NA,NA,NA,NA,NA,NA,NA,NA,NA,NA,NA,NA,NA,NA,NA,NA,NA,NA,NA,NA,NA,NA,NA,NA,NA,NA,NA,NA,NA,NA,NA,NA,NA,NA,NA,NA,NA,NA,NA,NA,NA,NA,NA,NA,NA,NA,NA,NA,NA,NA,NA,NA,NA,NA,NA,NA,NA,NA,NA,NA,NA,NA,NA,NA,NA,NA,FALSE
NA,Pseudobalistes flavimarginatus,NA,NA,NA,NA,NA,NA,NA,NA,NA,NA,NA,NA,NA,NA,NA,NA,NA,NA,NA,NA,NA,NA,NA,NA,NA,NA,NA,NA,NA,NA,NA,NA,NA,NA,NA,NA,NA,NA,NA,NA,NA,NA,NA,NA,NA,NA,NA,NA,NA,NA,NA,NA,NA,NA,NA,NA,NA,NA,NA,NA,NA,NA,NA,NA,NA,NA,NA,NA,NA,NA,NA,NA,NA,NA,NA,NA,NA,NA,NA,NA,NA,NA,NA,NA,NA,NA,NA,NA,NA,NA,NA,NA,NA,NA,NA,NA,NA,NA,NA,NA,FALSE
NA,Pseudobalistes fuscus,NA,NA,NA,NA,NA,NA,NA,NA,NA,NA,NA,NA,NA,NA,NA,NA,NA,NA,NA,NA,NA,NA,NA,NA,NA,NA,NA,NA,NA,NA,NA,NA,NA,NA,NA,NA,NA,NA,NA,NA,NA,NA,NA,NA,NA,NA,NA,NA,NA,NA,NA,NA,NA,NA,NA,NA,NA,NA,NA,NA,NA,NA,NA,NA,NA,NA,NA,NA,NA,NA,NA,NA,NA,NA,NA,NA,NA,NA,NA,NA,NA,NA,NA,NA,NA,NA,NA,NA,NA,NA,NA,NA,NA,NA,NA,NA,NA,NA,NA,NA,FALSE
NA,Rhinecanthus assasi,NA,NA,NA,NA,NA,NA,NA,NA,NA,NA,NA,NA,NA,NA,NA,NA,NA,NA,NA,NA,NA,NA,NA,NA,NA,NA,NA,NA,NA,NA,NA,NA,NA,NA,NA,NA,NA,NA,NA,NA,NA,NA,NA,NA,NA,NA,NA,NA,NA,NA,NA,NA,NA,NA,NA,NA,NA,NA,NA,NA,NA,NA,NA,NA,NA,NA,NA,NA,NA,NA,NA,NA,NA,NA,NA,NA,NA,NA,NA,NA,NA,NA,NA,NA,NA,NA,NA,NA,NA,NA,NA,NA,NA,NA,NA,NA,NA,NA,NA,NA,FALSE
NA,Rhinecanthus lunula,NA,NA,NA,NA,NA,NA,NA,NA,NA,NA,NA,NA,NA,NA,NA,NA,NA,NA,NA,NA,NA,NA,NA,NA,NA,NA,NA,NA,NA,NA,NA,NA,NA,NA,NA,NA,NA,NA,NA,NA,NA,NA,NA,NA,NA,NA,NA,NA,NA,NA,NA,NA,NA,NA,NA,NA,NA,NA,NA,NA,NA,NA,NA,NA,NA,NA,NA,NA,NA,NA,NA,NA,NA,NA,NA,NA,NA,NA,NA,NA,NA,NA,NA,NA,NA,NA,NA,NA,NA,NA,NA,NA,NA,NA,NA,NA,NA,NA,NA,NA,FALSE
NA,Rhinecanthus rectangulus,NA,NA,NA,NA,NA,NA,NA,NA,NA,NA,NA,NA,NA,NA,NA,NA,NA,NA,NA,NA,NA,NA,NA,NA,NA,NA,NA,NA,NA,NA,NA,NA,NA,NA,NA,NA,NA,NA,NA,NA,NA,NA,NA,NA,NA,NA,NA,NA,NA,NA,NA,NA,NA,NA,NA,NA,NA,NA,NA,NA,NA,NA,NA,NA,NA,NA,NA,NA,NA,NA,NA,NA,NA,NA,NA,NA,NA,NA,NA,NA,NA,NA,NA,NA,NA,NA,NA,NA,NA,NA,NA,NA,NA,NA,NA,NA,NA,NA,NA,NA,FALSE
NA,Sufflamen bursa,NA,NA,NA,NA,NA,NA,NA,NA,NA,NA,NA,NA,NA,NA,NA,NA,NA,NA,NA,NA,NA,NA,NA,NA,NA,NA,NA,NA,NA,NA,NA,NA,NA,NA,NA,NA,NA,NA,NA,NA,NA,NA,NA,NA,NA,NA,NA,NA,NA,NA,NA,NA,NA,NA,NA,NA,NA,NA,NA,NA,NA,NA,NA,NA,NA,NA,NA,NA,NA,NA,NA,NA,NA,NA,NA,NA,NA,NA,NA,NA,NA,NA,NA,NA,NA,NA,NA,NA,NA,NA,NA,NA,NA,NA,NA,NA,NA,NA,NA,NA,FALSE
NA,Sufflamen chrysopterum,NA,NA,NA,NA,NA,NA,NA,NA,NA,NA,NA,NA,NA,NA,NA,NA,NA,NA,NA,NA,NA,NA,NA,NA,NA,NA,NA,NA,NA,NA,NA,NA,NA,NA,NA,NA,NA,NA,NA,NA,NA,NA,NA,NA,NA,NA,NA,NA,NA,NA,NA,NA,NA,NA,NA,NA,NA,NA,NA,NA,NA,NA,NA,NA,NA,NA,NA,NA,NA,NA,NA,NA,NA,NA,NA,NA,NA,NA,NA,NA,NA,NA,NA,NA,NA,NA,NA,NA,NA,NA,NA,NA,NA,NA,NA,NA,NA,NA,NA,NA,FALSE
NA,Sufflamen fraenatum,NA,NA,NA,NA,NA,NA,NA,NA,NA,NA,NA,NA,NA,NA,NA,NA,NA,NA,NA,NA,NA,NA,NA,NA,NA,NA,NA,NA,NA,NA,NA,NA,NA,NA,NA,NA,NA,NA,NA,NA,NA,NA,NA,NA,NA,NA,NA,NA,NA,NA,NA,NA,NA,NA,NA,NA,NA,NA,NA,NA,NA,NA,NA,NA,NA,NA,NA,NA,NA,NA,NA,NA,NA,NA,NA,NA,NA,NA,NA,NA,NA,NA,NA,NA,NA,NA,NA,NA,NA,NA,NA,NA,NA,NA,NA,NA,NA,NA,NA,NA,FALSE
NA,Sufflamen verres,NA,NA,NA,NA,NA,NA,NA,NA,NA,NA,NA,NA,NA,NA,NA,NA,NA,NA,NA,NA,NA,NA,NA,NA,NA,NA,NA,NA,NA,NA,NA,NA,NA,NA,NA,NA,NA,NA,NA,NA,NA,NA,NA,NA,NA,NA,NA,NA,NA,NA,NA,NA,NA,NA,NA,NA,NA,NA,NA,NA,NA,NA,NA,NA,NA,NA,NA,NA,NA,NA,NA,NA,NA,NA,NA,NA,NA,NA,NA,NA,NA,NA,NA,NA,NA,NA,NA,NA,NA,NA,NA,NA,NA,NA,NA,NA,NA,NA,NA,NA,FALSE
NA,Xanthichthys auromarginatus,NA,NA,NA,NA,NA,NA,NA,NA,NA,NA,NA,NA,NA,NA,NA,NA,NA,NA,NA,NA,NA,NA,NA,NA,NA,NA,NA,NA,NA,NA,NA,NA,NA,NA,NA,NA,NA,NA,NA,NA,NA,NA,NA,NA,NA,NA,NA,NA,NA,NA,NA,NA,NA,NA,NA,NA,NA,NA,NA,NA,NA,NA,NA,NA,NA,NA,NA,NA,NA,NA,NA,NA,NA,NA,NA,NA,NA,NA,NA,NA,NA,NA,NA,NA,NA,NA,NA,NA,NA,NA,NA,NA,NA,NA,NA,NA,NA,NA,NA,NA,FALSE
NA,Xanthichthys caeruleolineatus,NA,NA,NA,NA,NA,NA,NA,NA,NA,NA,NA,NA,NA,NA,NA,NA,NA,NA,NA,NA,NA,NA,NA,NA,NA,NA,NA,NA,NA,NA,NA,NA,NA,NA,NA,NA,NA,NA,NA,NA,NA,NA,NA,NA,NA,NA,NA,NA,NA,NA,NA,NA,NA,NA,NA,NA,NA,NA,NA,NA,NA,NA,NA,NA,NA,NA,NA,NA,NA,NA,NA,NA,NA,NA,NA,NA,NA,NA,NA,NA,NA,NA,NA,NA,NA,NA,NA,NA,NA,NA,NA,NA,NA,NA,NA,NA,NA,NA,NA,NA,FALSE
NA,Xanthichthys lineopunctatus,NA,NA,NA,NA,NA,NA,NA,NA,NA,NA,NA,NA,NA,NA,NA,NA,NA,NA,NA,NA,NA,NA,NA,NA,NA,NA,NA,NA,NA,NA,NA,NA,NA,NA,NA,NA,NA,NA,NA,NA,NA,NA,NA,NA,NA,NA,NA,NA,NA,NA,NA,NA,NA,NA,NA,NA,NA,NA,NA,NA,NA,NA,NA,NA,NA,NA,NA,NA,NA,NA,NA,NA,NA,NA,NA,NA,NA,NA,NA,NA,NA,NA,NA,NA,NA,NA,NA,NA,NA,NA,NA,NA,NA,NA,NA,NA,NA,NA,NA,NA,FALSE
NA,Xanthichthys mento,NA,NA,NA,NA,NA,NA,NA,NA,NA,NA,NA,NA,NA,NA,NA,NA,NA,NA,NA,NA,NA,NA,NA,NA,NA,NA,NA,NA,NA,NA,NA,NA,NA,NA,NA,NA,NA,NA,NA,NA,NA,NA,NA,NA,NA,NA,NA,NA,NA,NA,NA,NA,NA,NA,NA,NA,NA,NA,NA,NA,NA,NA,NA,NA,NA,NA,NA,NA,NA,NA,NA,NA,NA,NA,NA,NA,NA,NA,NA,NA,NA,NA,NA,NA,NA,NA,NA,NA,NA,NA,NA,NA,NA,NA,NA,NA,NA,NA,NA,NA,FALSE
NA,Xanthichthys ringens,NA,NA,NA,NA,NA,NA,NA,NA,NA,NA,NA,NA,NA,NA,NA,NA,NA,NA,NA,NA,NA,NA,NA,NA,NA,NA,NA,NA,NA,NA,NA,NA,NA,NA,NA,NA,NA,NA,NA,NA,NA,NA,NA,NA,NA,NA,NA,NA,NA,NA,NA,NA,NA,NA,NA,NA,NA,NA,NA,NA,NA,NA,NA,NA,NA,NA,NA,NA,NA,NA,NA,NA,NA,NA,NA,NA,NA,NA,NA,NA,NA,NA,NA,NA,NA,NA,NA,NA,NA,NA,NA,NA,NA,NA,NA,NA,NA,NA,NA,NA,FALSE
NA,Xenobalistes tumidipectoris,NA,NA,NA,NA,NA,NA,NA,NA,NA,NA,NA,NA,NA,NA,NA,NA,NA,NA,NA,NA,NA,NA,NA,NA,NA,NA,NA,NA,NA,NA,NA,NA,NA,NA,NA,NA,NA,NA,NA,NA,NA,NA,NA,NA,NA,NA,NA,NA,NA,NA,NA,NA,NA,NA,NA,NA,NA,NA,NA,NA,NA,NA,NA,NA,NA,NA,NA,NA,NA,NA,NA,NA,NA,NA,NA,NA,NA,NA,NA,NA,NA,NA,NA,NA,NA,NA,NA,NA,NA,NA,NA,NA,NA,NA,NA,NA,NA,NA,NA,NA,FALSE
3258,Antigonia capros,Antigonia,4504,"Lowe, 1843",Deepbody boarfish,Ancap_u2.jpg,NA,NA,NA,759,NA,1107,NA,short and / or deep,R,NA,NA,0,0,0,-1,demersal,NA,NA,NA,NA,50,900,5217,100,300,4952,NA,NA,NA,NA,56.52,30.5,TL,NA,NA,26340,15,TL,NA,NA,27000,170,NA,5217,ANCAP_U1,NA,NA,NA,5217,minor commercial,unknown,NA,Food fish.,NA,NA,trawls,NA,0,0,0,0,0,0,0,0,0,0,never/rarely,NA,NA,never/rarely,NA,never/rarely,NA,NA,0,NA,harmless,NA,no special ability,NA,NA,-1,Adults are found close to bottom while juveniles occur in mid water (Ref. 4952).  Feed on small mollusks and crustaceans (Ref. 5288).  Not regularly marketed (Ref. 5217).,NA,0.5,0,1,1991-05-01T00:00:00Z,2,2008-01-04T00:00:00Z,18,1994-08-31T00:00:00Z,NA,"Found on continental slope.  Benthic species (Ref. 75154).  Juveniles occur in mid water.  Feed on small molluscs and crustaceans.  Also consume hyperiid amphipods, euphausiids and small squid (Ref. 54164).",FALSE
NA,Cyttus novaezelandiae,NA,NA,NA,NA,NA,NA,NA,NA,NA,NA,NA,NA,NA,NA,NA,NA,NA,NA,NA,NA,NA,NA,NA,NA,NA,NA,NA,NA,NA,NA,NA,NA,NA,NA,NA,NA,NA,NA,NA,NA,NA,NA,NA,NA,NA,NA,NA,NA,NA,NA,NA,NA,NA,NA,NA,NA,NA,NA,NA,NA,NA,NA,NA,NA,NA,NA,NA,NA,NA,NA,NA,NA,NA,NA,NA,NA,NA,NA,NA,NA,NA,NA,NA,NA,NA,NA,NA,NA,NA,NA,NA,NA,NA,NA,NA,NA,NA,NA,NA,NA,FALSE
4299,Chilomycterus antennatus,Chilomycterus,9710,"(Cuvier, 1816)",Bridled burrfish,Chant_u4.jpg,NA,NA,NA,449,NA,1924,NA,short and / or deep,O,NA,NA,0,0,0,-1,reef-associated,NA,NA,NA,NA,2,13,9710,NA,NA,NA,NA,NA,NA,NA,20,38,TL,NA,NA,26938,NA,NA,NA,NA,NA,NA,NA,NA,NA,NA,NA,NA,3717,of no interest,unknown,NA,NA,NA,NA,NA,NA,0,-1,0,0,0,-1,0,0,0,0,NA,NA,NA,NA,NA,NA,NA,NA,0,NA,harmless,NA,no special ability,NA,NA,-1,"Occurs usually on or near coral reefs (Ref. 7251).  Rare, most often found from seagrass beds (Ref. 13442).",NA,0.5313000082969666,0,1,1991-05-02T00:00:00Z,113,2003-07-22T00:00:00Z,10,1994-09-02T00:00:00Z,NA,NA,FALSE
NA,Chilomycterus geometricus,NA,NA,NA,NA,NA,NA,NA,NA,NA,NA,NA,NA,NA,NA,NA,NA,NA,NA,NA,NA,NA,NA,NA,NA,NA,NA,NA,NA,NA,NA,NA,NA,NA,NA,NA,NA,NA,NA,NA,NA,NA,NA,NA,NA,NA,NA,NA,NA,NA,NA,NA,NA,NA,NA,NA,NA,NA,NA,NA,NA,NA,NA,NA,NA,NA,NA,NA,NA,NA,NA,NA,NA,NA,NA,NA,NA,NA,NA,NA,NA,NA,NA,NA,NA,NA,NA,NA,NA,NA,NA,NA,NA,NA,NA,NA,NA,NA,NA,NA,NA,FALSE
10206,Chilomycterus reticulatus,Chilomycterus,9680,"(Linnaeus, 1758)",Spotfin burrfish,Chatr_u3.jpg,NA,NA,NA,449,NA,1924,NA,short and / or deep,R,NA,NA,0,0,0,-1,reef-associated,NA,NA,NA,NA,20,100,9680,NA,NA,NA,NA,NA,NA,NA,26.2,69.69999694824219,NG,NA,NA,89467,30,TL,NA,NA,26999,NA,NA,NA,CHRET_U3,NA,NA,NA,2718,of no interest,unknown,NA,NA,NA,NA,trawls,unspecified trawls (TX),0,0,0,0,0,0,0,0,0,0,never/rarely,NA,NA,never/rarely,NA,NA,NA,NA,0,NA,venomous,NA,no special ability,NA,NA,-1,"Adults found in reefs and over soft  bottoms to depths of 100 m, but may occur deeper in the tropics (Ref. 30573).  Often found washed up on beaches.  Known to brace themselves against the substrate to sleep at night (Ref. 4930).  Appear to be active during the day.  Juveniles often with floating weeds (Ref. 48637).  Solitary.  Juveniles pelagic in oceanic surface waters (Ref. 30573).  Feed on hard-shelled invertebrates.  Not usually marketed.",NA,0.5313000082969666,0,34,1994-05-16T00:00:00Z,14,2012-07-13T00:00:00Z,2,1994-06-08T00:00:00Z,NA,"Adults found in reefs and over soft  bottoms to depths of 100 m, but may occur deeper in the tropics (Ref. 30573).  Often found washed up on beaches.  Known to brace themselves against the substrate to sleep at night (Ref. 4930).  Appears to be active during the day.  Juveniles often with floating weeds (Ref. 48637).  Solitary.  Juveniles pelagic in oceanic surface waters (Ref. 30573).  Feeds on hard-shelled invertebrates. Small juveniles would be potential prey for a coelacanth (Ref. 58472).",FALSE
6407,Chilomycterus schoepfii,Chilomycterus,7251,"(Walbaum, 1792)",Striped burrfish,Chsch_u8.jpg,NA,NA,NA,449,NA,1924,NA,short and / or deep,O,NA,NA,0,0,0,-1,reef-associated,NA,NA,NA,NA,1,11,9710,NA,NA,NA,NA,NA,NA,NA,14.84,27.899999618530273,TL,NA,NA,40637,NA,NA,NA,NA,NA,630,NA,4699,CHSCH_U0,NA,NA,NA,3717,of no interest,unknown,NA,NA,NA,NA,NA,NA,0,0,0,0,0,0,0,0,0,0,never/rarely,NA,NA,never/rarely,NA,commercial,based mainly on capture,49392,-1,4699,harmless,NA,no special ability,NA,NA,-1,"Very common in seagrass beds in bays and coastal lagoons.  Also found on shallow coastal reefs (Ref. 9710).  Has been traded as an aquarium fish at Ceará, Brazil (Ref. 49392).",NA,0.5313000082969666,0,10,1992-09-15T00:00:00Z,113,2004-01-22T00:00:00Z,10,1994-09-02T00:00:00Z,NA,"Very common in seagrass beds in bays and coastal lagoons (Ref. 13806, 42668). Also found on shallow coastal reefs (Ref. 9710).",FALSE
NA,Chilomycterus spinosus,NA,NA,NA,NA,NA,NA,NA,NA,NA,NA,NA,NA,NA,NA,NA,NA,NA,NA,NA,NA,NA,NA,NA,NA,NA,NA,NA,NA,NA,NA,NA,NA,NA,NA,NA,NA,NA,NA,NA,NA,NA,NA,NA,NA,NA,NA,NA,NA,NA,NA,NA,NA,NA,NA,NA,NA,NA,NA,NA,NA,NA,NA,NA,NA,NA,NA,NA,NA,NA,NA,NA,NA,NA,NA,NA,NA,NA,NA,NA,NA,NA,NA,NA,NA,NA,NA,NA,NA,NA,NA,NA,NA,NA,NA,NA,NA,NA,NA,NA,NA,FALSE
1022,Diodon hystrix,Diodon,2334,"Linnaeus, 1758",Spot-fin porcupinefish,Dihys_ub.jpg,NA,NA,NA,449,NA,822,NA,short and / or deep,O,NA,NA,0,0,0,-1,reef-associated,NA,NA,NA,NA,2,50,9680,3,20,40849,NA,NA,10,NA,48.2,91,TL,NA,NA,2850,40,TL,NA,NA,26999,2800,NA,40637,DIHYS_U4,NA,NA,NA,3717,minor commercial,unknown,NA,Taken as bycatch.,NA,NA,various gears,NA,-1,-1,0,0,0,-1,0,0,0,0,never/rarely,NA,NA,never/rarely,NA,commercial,based mainly on capture,5358,0,NA,poisonous to eat,4690,no special ability,NA,NA,-1,"Occur in lagoon and seaward reefs to at least 50 m.  Commonly seen in caves and holes in shallow reefs (Ref. 26938, 48637).  Juveniles to about 20 cm are pelagic.  Adults benthic (Ref. 30573).  Solitary and nocturnal that feed on hard shelled invertebrates like sea urchins, gastropods, and hermit crabs (Ref. 9680).  Generally common (Ref. 9710).  Not normally used as food (Ref. 3717).  Reached a life-span of 10 years and a length of 69 cm in the McGinty Aquarium (E. Dashiell, pers. comm 2004), suggesting a preliminary K=0.12.",NA,0.5313000082969666,0,2,1990-10-17T00:00:00Z,1472,2008-01-09T00:00:00Z,97,1996-02-23T00:00:00Z,NA,"Occurs in lagoon and seaward reefs to at least 50 m.  Commonly seen in caves and holes in shallow reefs (Ref. 26938, 48637, 58534).  Juveniles to about 20 cm are pelagic.  Adults benthic (Ref. 30573).  A solitary and nocturnal fish that feeds on hard shelled invertebrates like sea urchins, gastropods, and hermit crabs (Ref. 9680).  Mobile-invertebrate feeder (Ref. 57615, 57616).",FALSE
6552,Diodon liturosus,Diodon,1602,"Shaw, 1804",Black-blotched porcupinefish,Dilit_u8.jpg,NA,NA,NA,449,NA,822,NA,short and / or deep,O,NA,NA,0,0,0,-1,reef-associated,NA,NA,NA,NA,1,90,37816,15,30,9680,NA,NA,NA,NA,29.57,65,TL,NA,NA,9710,NA,NA,NA,NA,NA,NA,NA,NA,DILIT_U2,NA,NA,NA,35316,minor commercial,unknown,NA,NA,NA,NA,NA,NA,0,0,0,0,0,0,0,0,0,0,never/rarely,NA,NA,never/rarely,NA,commercial,based mainly on capture,4907,0,NA,reports of ciguatera poisoning,30303,no special ability,NA,NA,-1,"Inhabits reef edges and slopes (Ref. 6113, 48637).  Hides in caves and ledges during the day and forages at night (Ref. 9680).  Also found below plate-corals during the day and often deep, ranging to at least 40 meters depth.  Juveniles occur in lagoons and estuaries (Ref. 48637).   Solitary.  Feeds on crustaceans and mollusks.  Not usually marketed (Ref. 9680).",NA,0.5313000082969666,0,14,1992-11-17T00:00:00Z,1472,2006-06-07T00:00:00Z,113,1995-08-08T00:00:00Z,NA,Inhabits reef edges and slopes (Ref. 6113). Hides in caves and ledges during the day and forages at night. Solitary. Feeds on crustaceans and molluscs (Ref. 9680).,FALSE
12864,Diodon nicthemerus,Diodon,9002,"Cuvier, 1818",Slender-spined porcupine fish,Dinic_u1.jpg,NA,NA,NA,449,NA,822,NA,short and / or deep,O,NA,NA,0,0,0,-1,reef-associated,NA,NA,NA,NA,1,70,9563,NA,NA,NA,NA,NA,NA,NA,29.35,40,TL,NA,NA,9563,NA,NA,NA,NA,NA,NA,NA,NA,DINIC_U0,NA,NA,NA,9563,of no interest,unknown,NA,NA,NA,NA,trawls,NA,0,0,0,0,0,0,0,0,0,0,never/rarely,NA,NA,never/rarely,NA,never/rarely,NA,NA,0,NA,poisonous to eat,NA,no special ability,NA,NA,-1,Found commonly in shallow bays.  Nocturnal.  Occurs in small aggregations.,NA,0.5313000082969666,0,2,1995-03-13T00:00:00Z,65,2014-01-27T00:00:00Z,NA,NA,NA,NA,FALSE
NA,Tragulichthys jaculiferus,NA,NA,NA,NA,NA,NA,NA,NA,NA,NA,NA,NA,NA,NA,NA,NA,NA,NA,NA,NA,NA,NA,NA,NA,NA,NA,NA,NA,NA,NA,NA,NA,NA,NA,NA,NA,NA,NA,NA,NA,NA,NA,NA,NA,NA,NA,NA,NA,NA,NA,NA,NA,NA,NA,NA,NA,NA,NA,NA,NA,NA,NA,NA,NA,NA,NA,NA,NA,NA,NA,NA,NA,NA,NA,NA,NA,NA,NA,NA,NA,NA,NA,NA,NA,NA,NA,NA,NA,NA,NA,NA,NA,NA,NA,NA,NA,NA,NA,NA,NA,FALSE
NA,Acanthopleurus collettei,NA,NA,NA,NA,NA,NA,NA,NA,NA,NA,NA,NA,NA,NA,NA,NA,NA,NA,NA,NA,NA,NA,NA,NA,NA,NA,NA,NA,NA,NA,NA,NA,NA,NA,NA,NA,NA,NA,NA,NA,NA,NA,NA,NA,NA,NA,NA,NA,NA,NA,NA,NA,NA,NA,NA,NA,NA,NA,NA,NA,NA,NA,NA,NA,NA,NA,NA,NA,NA,NA,NA,NA,NA,NA,NA,NA,NA,NA,NA,NA,NA,NA,NA,NA,NA,NA,NA,NA,NA,NA,NA,NA,NA,NA,NA,NA,NA,NA,NA,NA,FALSE
NA,Acanthopleurus serratus,NA,NA,NA,NA,NA,NA,NA,NA,NA,NA,NA,NA,NA,NA,NA,NA,NA,NA,NA,NA,NA,NA,NA,NA,NA,NA,NA,NA,NA,NA,NA,NA,NA,NA,NA,NA,NA,NA,NA,NA,NA,NA,NA,NA,NA,NA,NA,NA,NA,NA,NA,NA,NA,NA,NA,NA,NA,NA,NA,NA,NA,NA,NA,NA,NA,NA,NA,NA,NA,NA,NA,NA,NA,NA,NA,NA,NA,NA,NA,NA,NA,NA,NA,NA,NA,NA,NA,NA,NA,NA,NA,NA,NA,NA,NA,NA,NA,NA,NA,NA,FALSE
NA,Acanthopleurus trispinosus,NA,NA,NA,NA,NA,NA,NA,NA,NA,NA,NA,NA,NA,NA,NA,NA,NA,NA,NA,NA,NA,NA,NA,NA,NA,NA,NA,NA,NA,NA,NA,NA,NA,NA,NA,NA,NA,NA,NA,NA,NA,NA,NA,NA,NA,NA,NA,NA,NA,NA,NA,NA,NA,NA,NA,NA,NA,NA,NA,NA,NA,NA,NA,NA,NA,NA,NA,NA,NA,NA,NA,NA,NA,NA,NA,NA,NA,NA,NA,NA,NA,NA,NA,NA,NA,NA,NA,NA,NA,NA,NA,NA,NA,NA,NA,NA,NA,NA,NA,NA,FALSE
NA,Alutera shigensis,NA,NA,NA,NA,NA,NA,NA,NA,NA,NA,NA,NA,NA,NA,NA,NA,NA,NA,NA,NA,NA,NA,NA,NA,NA,NA,NA,NA,NA,NA,NA,NA,NA,NA,NA,NA,NA,NA,NA,NA,NA,NA,NA,NA,NA,NA,NA,NA,NA,NA,NA,NA,NA,NA,NA,NA,NA,NA,NA,NA,NA,NA,NA,NA,NA,NA,NA,NA,NA,NA,NA,NA,NA,NA,NA,NA,NA,NA,NA,NA,NA,NA,NA,NA,NA,NA,NA,NA,NA,NA,NA,NA,NA,NA,NA,NA,NA,NA,NA,NA,FALSE
NA,Archaeotetraodon bannikovi,NA,NA,NA,NA,NA,NA,NA,NA,NA,NA,NA,NA,NA,NA,NA,NA,NA,NA,NA,NA,NA,NA,NA,NA,NA,NA,NA,NA,NA,NA,NA,NA,NA,NA,NA,NA,NA,NA,NA,NA,NA,NA,NA,NA,NA,NA,NA,NA,NA,NA,NA,NA,NA,NA,NA,NA,NA,NA,NA,NA,NA,NA,NA,NA,NA,NA,NA,NA,NA,NA,NA,NA,NA,NA,NA,NA,NA,NA,NA,NA,NA,NA,NA,NA,NA,NA,NA,NA,NA,NA,NA,NA,NA,NA,NA,NA,NA,NA,NA,NA,FALSE
NA,Archaeotetraodon cerrinaferoni,NA,NA,NA,NA,NA,NA,NA,NA,NA,NA,NA,NA,NA,NA,NA,NA,NA,NA,NA,NA,NA,NA,NA,NA,NA,NA,NA,NA,NA,NA,NA,NA,NA,NA,NA,NA,NA,NA,NA,NA,NA,NA,NA,NA,NA,NA,NA,NA,NA,NA,NA,NA,NA,NA,NA,NA,NA,NA,NA,NA,NA,NA,NA,NA,NA,NA,NA,NA,NA,NA,NA,NA,NA,NA,NA,NA,NA,NA,NA,NA,NA,NA,NA,NA,NA,NA,NA,NA,NA,NA,NA,NA,NA,NA,NA,NA,NA,NA,NA,NA,FALSE
NA,Archaeotetraodon dicarloi,NA,NA,NA,NA,NA,NA,NA,NA,NA,NA,NA,NA,NA,NA,NA,NA,NA,NA,NA,NA,NA,NA,NA,NA,NA,NA,NA,NA,NA,NA,NA,NA,NA,NA,NA,NA,NA,NA,NA,NA,NA,NA,NA,NA,NA,NA,NA,NA,NA,NA,NA,NA,NA,NA,NA,NA,NA,NA,NA,NA,NA,NA,NA,NA,NA,NA,NA,NA,NA,NA,NA,NA,NA,NA,NA,NA,NA,NA,NA,NA,NA,NA,NA,NA,NA,NA,NA,NA,NA,NA,NA,NA,NA,NA,NA,NA,NA,NA,NA,NA,FALSE
NA,Archaeotetraodon jamestyleri,NA,NA,NA,NA,NA,NA,NA,NA,NA,NA,NA,NA,NA,NA,NA,NA,NA,NA,NA,NA,NA,NA,NA,NA,NA,NA,NA,NA,NA,NA,NA,NA,NA,NA,NA,NA,NA,NA,NA,NA,NA,NA,NA,NA,NA,NA,NA,NA,NA,NA,NA,NA,NA,NA,NA,NA,NA,NA,NA,NA,NA,NA,NA,NA,NA,NA,NA,NA,NA,NA,NA,NA,NA,NA,NA,NA,NA,NA,NA,NA,NA,NA,NA,NA,NA,NA,NA,NA,NA,NA,NA,NA,NA,NA,NA,NA,NA,NA,NA,NA,FALSE
NA,Archaeotetraodon winterbottomi,NA,NA,NA,NA,NA,NA,NA,NA,NA,NA,NA,NA,NA,NA,NA,NA,NA,NA,NA,NA,NA,NA,NA,NA,NA,NA,NA,NA,NA,NA,NA,NA,NA,NA,NA,NA,NA,NA,NA,NA,NA,NA,NA,NA,NA,NA,NA,NA,NA,NA,NA,NA,NA,NA,NA,NA,NA,NA,NA,NA,NA,NA,NA,NA,NA,NA,NA,NA,NA,NA,NA,NA,NA,NA,NA,NA,NA,NA,NA,NA,NA,NA,NA,NA,NA,NA,NA,NA,NA,NA,NA,NA,NA,NA,NA,NA,NA,NA,NA,NA,FALSE
NA,Archaeotetraodon zafaranai,NA,NA,NA,NA,NA,NA,NA,NA,NA,NA,NA,NA,NA,NA,NA,NA,NA,NA,NA,NA,NA,NA,NA,NA,NA,NA,NA,NA,NA,NA,NA,NA,NA,NA,NA,NA,NA,NA,NA,NA,NA,NA,NA,NA,NA,NA,NA,NA,NA,NA,NA,NA,NA,NA,NA,NA,NA,NA,NA,NA,NA,NA,NA,NA,NA,NA,NA,NA,NA,NA,NA,NA,NA,NA,NA,NA,NA,NA,NA,NA,NA,NA,NA,NA,NA,NA,NA,NA,NA,NA,NA,NA,NA,NA,NA,NA,NA,NA,NA,NA,FALSE
NA,Austromola angerhoferi,NA,NA,NA,NA,NA,NA,NA,NA,NA,NA,NA,NA,NA,NA,NA,NA,NA,NA,NA,NA,NA,NA,NA,NA,NA,NA,NA,NA,NA,NA,NA,NA,NA,NA,NA,NA,NA,NA,NA,NA,NA,NA,NA,NA,NA,NA,NA,NA,NA,NA,NA,NA,NA,NA,NA,NA,NA,NA,NA,NA,NA,NA,NA,NA,NA,NA,NA,NA,NA,NA,NA,NA,NA,NA,NA,NA,NA,NA,NA,NA,NA,NA,NA,NA,NA,NA,NA,NA,NA,NA,NA,NA,NA,NA,NA,NA,NA,NA,NA,NA,FALSE
NA,Balistomorphus orbiculatus,NA,NA,NA,NA,NA,NA,NA,NA,NA,NA,NA,NA,NA,NA,NA,NA,NA,NA,NA,NA,NA,NA,NA,NA,NA,NA,NA,NA,NA,NA,NA,NA,NA,NA,NA,NA,NA,NA,NA,NA,NA,NA,NA,NA,NA,NA,NA,NA,NA,NA,NA,NA,NA,NA,NA,NA,NA,NA,NA,NA,NA,NA,NA,NA,NA,NA,NA,NA,NA,NA,NA,NA,NA,NA,NA,NA,NA,NA,NA,NA,NA,NA,NA,NA,NA,NA,NA,NA,NA,NA,NA,NA,NA,NA,NA,NA,NA,NA,NA,NA,FALSE
NA,Balistomorphus ovalis,NA,NA,NA,NA,NA,NA,NA,NA,NA,NA,NA,NA,NA,NA,NA,NA,NA,NA,NA,NA,NA,NA,NA,NA,NA,NA,NA,NA,NA,NA,NA,NA,NA,NA,NA,NA,NA,NA,NA,NA,NA,NA,NA,NA,NA,NA,NA,NA,NA,NA,NA,NA,NA,NA,NA,NA,NA,NA,NA,NA,NA,NA,NA,NA,NA,NA,NA,NA,NA,NA,NA,NA,NA,NA,NA,NA,NA,NA,NA,NA,NA,NA,NA,NA,NA,NA,NA,NA,NA,NA,NA,NA,NA,NA,NA,NA,NA,NA,NA,NA,FALSE
NA,Balistomorphus spinosus,NA,NA,NA,NA,NA,NA,NA,NA,NA,NA,NA,NA,NA,NA,NA,NA,NA,NA,NA,NA,NA,NA,NA,NA,NA,NA,NA,NA,NA,NA,NA,NA,NA,NA,NA,NA,NA,NA,NA,NA,NA,NA,NA,NA,NA,NA,NA,NA,NA,NA,NA,NA,NA,NA,NA,NA,NA,NA,NA,NA,NA,NA,NA,NA,NA,NA,NA,NA,NA,NA,NA,NA,NA,NA,NA,NA,NA,NA,NA,NA,NA,NA,NA,NA,NA,NA,NA,NA,NA,NA,NA,NA,NA,NA,NA,NA,NA,NA,NA,NA,FALSE
NA,Balkaria histiopterygia,NA,NA,NA,NA,NA,NA,NA,NA,NA,NA,NA,NA,NA,NA,NA,NA,NA,NA,NA,NA,NA,NA,NA,NA,NA,NA,NA,NA,NA,NA,NA,NA,NA,NA,NA,NA,NA,NA,NA,NA,NA,NA,NA,NA,NA,NA,NA,NA,NA,NA,NA,NA,NA,NA,NA,NA,NA,NA,NA,NA,NA,NA,NA,NA,NA,NA,NA,NA,NA,NA,NA,NA,NA,NA,NA,NA,NA,NA,NA,NA,NA,NA,NA,NA,NA,NA,NA,NA,NA,NA,NA,NA,NA,NA,NA,NA,NA,NA,NA,NA,FALSE
NA,Bolcabalistes varii,NA,NA,NA,NA,NA,NA,NA,NA,NA,NA,NA,NA,NA,NA,NA,NA,NA,NA,NA,NA,NA,NA,NA,NA,NA,NA,NA,NA,NA,NA,NA,NA,NA,NA,NA,NA,NA,NA,NA,NA,NA,NA,NA,NA,NA,NA,NA,NA,NA,NA,NA,NA,NA,NA,NA,NA,NA,NA,NA,NA,NA,NA,NA,NA,NA,NA,NA,NA,NA,NA,NA,NA,NA,NA,NA,NA,NA,NA,NA,NA,NA,NA,NA,NA,NA,NA,NA,NA,NA,NA,NA,NA,NA,NA,NA,NA,NA,NA,NA,NA,FALSE
NA,Carpathospinosus propheticus,NA,NA,NA,NA,NA,NA,NA,NA,NA,NA,NA,NA,NA,NA,NA,NA,NA,NA,NA,NA,NA,NA,NA,NA,NA,NA,NA,NA,NA,NA,NA,NA,NA,NA,NA,NA,NA,NA,NA,NA,NA,NA,NA,NA,NA,NA,NA,NA,NA,NA,NA,NA,NA,NA,NA,NA,NA,NA,NA,NA,NA,NA,NA,NA,NA,NA,NA,NA,NA,NA,NA,NA,NA,NA,NA,NA,NA,NA,NA,NA,NA,NA,NA,NA,NA,NA,NA,NA,NA,NA,NA,NA,NA,NA,NA,NA,NA,NA,NA,NA,FALSE
NA,Cretatriacanthus guidottii,NA,NA,NA,NA,NA,NA,NA,NA,NA,NA,NA,NA,NA,NA,NA,NA,NA,NA,NA,NA,NA,NA,NA,NA,NA,NA,NA,NA,NA,NA,NA,NA,NA,NA,NA,NA,NA,NA,NA,NA,NA,NA,NA,NA,NA,NA,NA,NA,NA,NA,NA,NA,NA,NA,NA,NA,NA,NA,NA,NA,NA,NA,NA,NA,NA,NA,NA,NA,NA,NA,NA,NA,NA,NA,NA,NA,NA,NA,NA,NA,NA,NA,NA,NA,NA,NA,NA,NA,NA,NA,NA,NA,NA,NA,NA,NA,NA,NA,NA,NA,FALSE
NA,Cryptobalistes brevis,NA,NA,NA,NA,NA,NA,NA,NA,NA,NA,NA,NA,NA,NA,NA,NA,NA,NA,NA,NA,NA,NA,NA,NA,NA,NA,NA,NA,NA,NA,NA,NA,NA,NA,NA,NA,NA,NA,NA,NA,NA,NA,NA,NA,NA,NA,NA,NA,NA,NA,NA,NA,NA,NA,NA,NA,NA,NA,NA,NA,NA,NA,NA,NA,NA,NA,NA,NA,NA,NA,NA,NA,NA,NA,NA,NA,NA,NA,NA,NA,NA,NA,NA,NA,NA,NA,NA,NA,NA,NA,NA,NA,NA,NA,NA,NA,NA,NA,NA,NA,FALSE
NA,Ctenoplectus williamsi,NA,NA,NA,NA,NA,NA,NA,NA,NA,NA,NA,NA,NA,NA,NA,NA,NA,NA,NA,NA,NA,NA,NA,NA,NA,NA,NA,NA,NA,NA,NA,NA,NA,NA,NA,NA,NA,NA,NA,NA,NA,NA,NA,NA,NA,NA,NA,NA,NA,NA,NA,NA,NA,NA,NA,NA,NA,NA,NA,NA,NA,NA,NA,NA,NA,NA,NA,NA,NA,NA,NA,NA,NA,NA,NA,NA,NA,NA,NA,NA,NA,NA,NA,NA,NA,NA,NA,NA,NA,NA,NA,NA,NA,NA,NA,NA,NA,NA,NA,NA,FALSE
NA,Eolactoria sorbinii,NA,NA,NA,NA,NA,NA,NA,NA,NA,NA,NA,NA,NA,NA,NA,NA,NA,NA,NA,NA,NA,NA,NA,NA,NA,NA,NA,NA,NA,NA,NA,NA,NA,NA,NA,NA,NA,NA,NA,NA,NA,NA,NA,NA,NA,NA,NA,NA,NA,NA,NA,NA,NA,NA,NA,NA,NA,NA,NA,NA,NA,NA,NA,NA,NA,NA,NA,NA,NA,NA,NA,NA,NA,NA,NA,NA,NA,NA,NA,NA,NA,NA,NA,NA,NA,NA,NA,NA,NA,NA,NA,NA,NA,NA,NA,NA,NA,NA,NA,NA,FALSE
NA,Eomola bimaxillaria,NA,NA,NA,NA,NA,NA,NA,NA,NA,NA,NA,NA,NA,NA,NA,NA,NA,NA,NA,NA,NA,NA,NA,NA,NA,NA,NA,NA,NA,NA,NA,NA,NA,NA,NA,NA,NA,NA,NA,NA,NA,NA,NA,NA,NA,NA,NA,NA,NA,NA,NA,NA,NA,NA,NA,NA,NA,NA,NA,NA,NA,NA,NA,NA,NA,NA,NA,NA,NA,NA,NA,NA,NA,NA,NA,NA,NA,NA,NA,NA,NA,NA,NA,NA,NA,NA,NA,NA,NA,NA,NA,NA,NA,NA,NA,NA,NA,NA,NA,NA,FALSE
NA,Eoplectus bloti,NA,NA,NA,NA,NA,NA,NA,NA,NA,NA,NA,NA,NA,NA,NA,NA,NA,NA,NA,NA,NA,NA,NA,NA,NA,NA,NA,NA,NA,NA,NA,NA,NA,NA,NA,NA,NA,NA,NA,NA,NA,NA,NA,NA,NA,NA,NA,NA,NA,NA,NA,NA,NA,NA,NA,NA,NA,NA,NA,NA,NA,NA,NA,NA,NA,NA,NA,NA,NA,NA,NA,NA,NA,NA,NA,NA,NA,NA,NA,NA,NA,NA,NA,NA,NA,NA,NA,NA,NA,NA,NA,NA,NA,NA,NA,NA,NA,NA,NA,NA,FALSE
NA,Eospinus daniltshenkoi,NA,NA,NA,NA,NA,NA,NA,NA,NA,NA,NA,NA,NA,NA,NA,NA,NA,NA,NA,NA,NA,NA,NA,NA,NA,NA,NA,NA,NA,NA,NA,NA,NA,NA,NA,NA,NA,NA,NA,NA,NA,NA,NA,NA,NA,NA,NA,NA,NA,NA,NA,NA,NA,NA,NA,NA,NA,NA,NA,NA,NA,NA,NA,NA,NA,NA,NA,NA,NA,NA,NA,NA,NA,NA,NA,NA,NA,NA,NA,NA,NA,NA,NA,NA,NA,NA,NA,NA,NA,NA,NA,NA,NA,NA,NA,NA,NA,NA,NA,NA,FALSE
NA,Eotetraodon gornylutshensis,NA,NA,NA,NA,NA,NA,NA,NA,NA,NA,NA,NA,NA,NA,NA,NA,NA,NA,NA,NA,NA,NA,NA,NA,NA,NA,NA,NA,NA,NA,NA,NA,NA,NA,NA,NA,NA,NA,NA,NA,NA,NA,NA,NA,NA,NA,NA,NA,NA,NA,NA,NA,NA,NA,NA,NA,NA,NA,NA,NA,NA,NA,NA,NA,NA,NA,NA,NA,NA,NA,NA,NA,NA,NA,NA,NA,NA,NA,NA,NA,NA,NA,NA,NA,NA,NA,NA,NA,NA,NA,NA,NA,NA,NA,NA,NA,NA,NA,NA,NA,FALSE
NA,Eotetraodon pygmaeus,NA,NA,NA,NA,NA,NA,NA,NA,NA,NA,NA,NA,NA,NA,NA,NA,NA,NA,NA,NA,NA,NA,NA,NA,NA,NA,NA,NA,NA,NA,NA,NA,NA,NA,NA,NA,NA,NA,NA,NA,NA,NA,NA,NA,NA,NA,NA,NA,NA,NA,NA,NA,NA,NA,NA,NA,NA,NA,NA,NA,NA,NA,NA,NA,NA,NA,NA,NA,NA,NA,NA,NA,NA,NA,NA,NA,NA,NA,NA,NA,NA,NA,NA,NA,NA,NA,NA,NA,NA,NA,NA,NA,NA,NA,NA,NA,NA,NA,NA,NA,FALSE
NA,Eotetraodon tavernei,NA,NA,NA,NA,NA,NA,NA,NA,NA,NA,NA,NA,NA,NA,NA,NA,NA,NA,NA,NA,NA,NA,NA,NA,NA,NA,NA,NA,NA,NA,NA,NA,NA,NA,NA,NA,NA,NA,NA,NA,NA,NA,NA,NA,NA,NA,NA,NA,NA,NA,NA,NA,NA,NA,NA,NA,NA,NA,NA,NA,NA,NA,NA,NA,NA,NA,NA,NA,NA,NA,NA,NA,NA,NA,NA,NA,NA,NA,NA,NA,NA,NA,NA,NA,NA,NA,NA,NA,NA,NA,NA,NA,NA,NA,NA,NA,NA,NA,NA,NA,FALSE
NA,Frigocanthus margaritatus,NA,NA,NA,NA,NA,NA,NA,NA,NA,NA,NA,NA,NA,NA,NA,NA,NA,NA,NA,NA,NA,NA,NA,NA,NA,NA,NA,NA,NA,NA,NA,NA,NA,NA,NA,NA,NA,NA,NA,NA,NA,NA,NA,NA,NA,NA,NA,NA,NA,NA,NA,NA,NA,NA,NA,NA,NA,NA,NA,NA,NA,NA,NA,NA,NA,NA,NA,NA,NA,NA,NA,NA,NA,NA,NA,NA,NA,NA,NA,NA,NA,NA,NA,NA,NA,NA,NA,NA,NA,NA,NA,NA,NA,NA,NA,NA,NA,NA,NA,NA,FALSE
NA,Frigocanthus stroppanobili,NA,NA,NA,NA,NA,NA,NA,NA,NA,NA,NA,NA,NA,NA,NA,NA,NA,NA,NA,NA,NA,NA,NA,NA,NA,NA,NA,NA,NA,NA,NA,NA,NA,NA,NA,NA,NA,NA,NA,NA,NA,NA,NA,NA,NA,NA,NA,NA,NA,NA,NA,NA,NA,NA,NA,NA,NA,NA,NA,NA,NA,NA,NA,NA,NA,NA,NA,NA,NA,NA,NA,NA,NA,NA,NA,NA,NA,NA,NA,NA,NA,NA,NA,NA,NA,NA,NA,NA,NA,NA,NA,NA,NA,NA,NA,NA,NA,NA,NA,NA,FALSE
NA,Gornylistes prodigiosus,NA,NA,NA,NA,NA,NA,NA,NA,NA,NA,NA,NA,NA,NA,NA,NA,NA,NA,NA,NA,NA,NA,NA,NA,NA,NA,NA,NA,NA,NA,NA,NA,NA,NA,NA,NA,NA,NA,NA,NA,NA,NA,NA,NA,NA,NA,NA,NA,NA,NA,NA,NA,NA,NA,NA,NA,NA,NA,NA,NA,NA,NA,NA,NA,NA,NA,NA,NA,NA,NA,NA,NA,NA,NA,NA,NA,NA,NA,NA,NA,NA,NA,NA,NA,NA,NA,NA,NA,NA,NA,NA,NA,NA,NA,NA,NA,NA,NA,NA,NA,FALSE
NA,Heptadiodon echinus,NA,NA,NA,NA,NA,NA,NA,NA,NA,NA,NA,NA,NA,NA,NA,NA,NA,NA,NA,NA,NA,NA,NA,NA,NA,NA,NA,NA,NA,NA,NA,NA,NA,NA,NA,NA,NA,NA,NA,NA,NA,NA,NA,NA,NA,NA,NA,NA,NA,NA,NA,NA,NA,NA,NA,NA,NA,NA,NA,NA,NA,NA,NA,NA,NA,NA,NA,NA,NA,NA,NA,NA,NA,NA,NA,NA,NA,NA,NA,NA,NA,NA,NA,NA,NA,NA,NA,NA,NA,NA,NA,NA,NA,NA,NA,NA,NA,NA,NA,NA,FALSE
NA,Iraniplectus bakhtiari,NA,NA,NA,NA,NA,NA,NA,NA,NA,NA,NA,NA,NA,NA,NA,NA,NA,NA,NA,NA,NA,NA,NA,NA,NA,NA,NA,NA,NA,NA,NA,NA,NA,NA,NA,NA,NA,NA,NA,NA,NA,NA,NA,NA,NA,NA,NA,NA,NA,NA,NA,NA,NA,NA,NA,NA,NA,NA,NA,NA,NA,NA,NA,NA,NA,NA,NA,NA,NA,NA,NA,NA,NA,NA,NA,NA,NA,NA,NA,NA,NA,NA,NA,NA,NA,NA,NA,NA,NA,NA,NA,NA,NA,NA,NA,NA,NA,NA,NA,NA,FALSE
NA,Leithaodon sandroi,NA,NA,NA,NA,NA,NA,NA,NA,NA,NA,NA,NA,NA,NA,NA,NA,NA,NA,NA,NA,NA,NA,NA,NA,NA,NA,NA,NA,NA,NA,NA,NA,NA,NA,NA,NA,NA,NA,NA,NA,NA,NA,NA,NA,NA,NA,NA,NA,NA,NA,NA,NA,NA,NA,NA,NA,NA,NA,NA,NA,NA,NA,NA,NA,NA,NA,NA,NA,NA,NA,NA,NA,NA,NA,NA,NA,NA,NA,NA,NA,NA,NA,NA,NA,NA,NA,NA,NA,NA,NA,NA,NA,NA,NA,NA,NA,NA,NA,NA,NA,FALSE
NA,Moclaybalistes danekrus,NA,NA,NA,NA,NA,NA,NA,NA,NA,NA,NA,NA,NA,NA,NA,NA,NA,NA,NA,NA,NA,NA,NA,NA,NA,NA,NA,NA,NA,NA,NA,NA,NA,NA,NA,NA,NA,NA,NA,NA,NA,NA,NA,NA,NA,NA,NA,NA,NA,NA,NA,NA,NA,NA,NA,NA,NA,NA,NA,NA,NA,NA,NA,NA,NA,NA,NA,NA,NA,NA,NA,NA,NA,NA,NA,NA,NA,NA,NA,NA,NA,NA,NA,NA,NA,NA,NA,NA,NA,NA,NA,NA,NA,NA,NA,NA,NA,NA,NA,NA,FALSE
NA,Oligobalistes robustus,NA,NA,NA,NA,NA,NA,NA,NA,NA,NA,NA,NA,NA,NA,NA,NA,NA,NA,NA,NA,NA,NA,NA,NA,NA,NA,NA,NA,NA,NA,NA,NA,NA,NA,NA,NA,NA,NA,NA,NA,NA,NA,NA,NA,NA,NA,NA,NA,NA,NA,NA,NA,NA,NA,NA,NA,NA,NA,NA,NA,NA,NA,NA,NA,NA,NA,NA,NA,NA,NA,NA,NA,NA,NA,NA,NA,NA,NA,NA,NA,NA,NA,NA,NA,NA,NA,NA,NA,NA,NA,NA,NA,NA,NA,NA,NA,NA,NA,NA,NA,FALSE
NA,Oligolactoria bubiki,NA,NA,NA,NA,NA,NA,NA,NA,NA,NA,NA,NA,NA,NA,NA,NA,NA,NA,NA,NA,NA,NA,NA,NA,NA,NA,NA,NA,NA,NA,NA,NA,NA,NA,NA,NA,NA,NA,NA,NA,NA,NA,NA,NA,NA,NA,NA,NA,NA,NA,NA,NA,NA,NA,NA,NA,NA,NA,NA,NA,NA,NA,NA,NA,NA,NA,NA,NA,NA,NA,NA,NA,NA,NA,NA,NA,NA,NA,NA,NA,NA,NA,NA,NA,NA,NA,NA,NA,NA,NA,NA,NA,NA,NA,NA,NA,NA,NA,NA,NA,FALSE
NA,Plectocretacicus clarae,NA,NA,NA,NA,NA,NA,NA,NA,NA,NA,NA,NA,NA,NA,NA,NA,NA,NA,NA,NA,NA,NA,NA,NA,NA,NA,NA,NA,NA,NA,NA,NA,NA,NA,NA,NA,NA,NA,NA,NA,NA,NA,NA,NA,NA,NA,NA,NA,NA,NA,NA,NA,NA,NA,NA,NA,NA,NA,NA,NA,NA,NA,NA,NA,NA,NA,NA,NA,NA,NA,NA,NA,NA,NA,NA,NA,NA,NA,NA,NA,NA,NA,NA,NA,NA,NA,NA,NA,NA,NA,NA,NA,NA,NA,NA,NA,NA,NA,NA,NA,FALSE
NA,Proaracana dubia,NA,NA,NA,NA,NA,NA,NA,NA,NA,NA,NA,NA,NA,NA,NA,NA,NA,NA,NA,NA,NA,NA,NA,NA,NA,NA,NA,NA,NA,NA,NA,NA,NA,NA,NA,NA,NA,NA,NA,NA,NA,NA,NA,NA,NA,NA,NA,NA,NA,NA,NA,NA,NA,NA,NA,NA,NA,NA,NA,NA,NA,NA,NA,NA,NA,NA,NA,NA,NA,NA,NA,NA,NA,NA,NA,NA,NA,NA,NA,NA,NA,NA,NA,NA,NA,NA,NA,NA,NA,NA,NA,NA,NA,NA,NA,NA,NA,NA,NA,NA,FALSE
NA,Prodiodon erinaceus,NA,NA,NA,NA,NA,NA,NA,NA,NA,NA,NA,NA,NA,NA,NA,NA,NA,NA,NA,NA,NA,NA,NA,NA,NA,NA,NA,NA,NA,NA,NA,NA,NA,NA,NA,NA,NA,NA,NA,NA,NA,NA,NA,NA,NA,NA,NA,NA,NA,NA,NA,NA,NA,NA,NA,NA,NA,NA,NA,NA,NA,NA,NA,NA,NA,NA,NA,NA,NA,NA,NA,NA,NA,NA,NA,NA,NA,NA,NA,NA,NA,NA,NA,NA,NA,NA,NA,NA,NA,NA,NA,NA,NA,NA,NA,NA,NA,NA,NA,NA,FALSE
NA,Prodiodon tenuispinus,NA,NA,NA,NA,NA,NA,NA,NA,NA,NA,NA,NA,NA,NA,NA,NA,NA,NA,NA,NA,NA,NA,NA,NA,NA,NA,NA,NA,NA,NA,NA,NA,NA,NA,NA,NA,NA,NA,NA,NA,NA,NA,NA,NA,NA,NA,NA,NA,NA,NA,NA,NA,NA,NA,NA,NA,NA,NA,NA,NA,NA,NA,NA,NA,NA,NA,NA,NA,NA,NA,NA,NA,NA,NA,NA,NA,NA,NA,NA,NA,NA,NA,NA,NA,NA,NA,NA,NA,NA,NA,NA,NA,NA,NA,NA,NA,NA,NA,NA,NA,FALSE
NA,Prohollardia avita,NA,NA,NA,NA,NA,NA,NA,NA,NA,NA,NA,NA,NA,NA,NA,NA,NA,NA,NA,NA,NA,NA,NA,NA,NA,NA,NA,NA,NA,NA,NA,NA,NA,NA,NA,NA,NA,NA,NA,NA,NA,NA,NA,NA,NA,NA,NA,NA,NA,NA,NA,NA,NA,NA,NA,NA,NA,NA,NA,NA,NA,NA,NA,NA,NA,NA,NA,NA,NA,NA,NA,NA,NA,NA,NA,NA,NA,NA,NA,NA,NA,NA,NA,NA,NA,NA,NA,NA,NA,NA,NA,NA,NA,NA,NA,NA,NA,NA,NA,NA,FALSE
NA,Protacanthodes nimesensis,NA,NA,NA,NA,NA,NA,NA,NA,NA,NA,NA,NA,NA,NA,NA,NA,NA,NA,NA,NA,NA,NA,NA,NA,NA,NA,NA,NA,NA,NA,NA,NA,NA,NA,NA,NA,NA,NA,NA,NA,NA,NA,NA,NA,NA,NA,NA,NA,NA,NA,NA,NA,NA,NA,NA,NA,NA,NA,NA,NA,NA,NA,NA,NA,NA,NA,NA,NA,NA,NA,NA,NA,NA,NA,NA,NA,NA,NA,NA,NA,NA,NA,NA,NA,NA,NA,NA,NA,NA,NA,NA,NA,NA,NA,NA,NA,NA,NA,NA,NA,FALSE
NA,Protacanthodes ombonii,NA,NA,NA,NA,NA,NA,NA,NA,NA,NA,NA,NA,NA,NA,NA,NA,NA,NA,NA,NA,NA,NA,NA,NA,NA,NA,NA,NA,NA,NA,NA,NA,NA,NA,NA,NA,NA,NA,NA,NA,NA,NA,NA,NA,NA,NA,NA,NA,NA,NA,NA,NA,NA,NA,NA,NA,NA,NA,NA,NA,NA,NA,NA,NA,NA,NA,NA,NA,NA,NA,NA,NA,NA,NA,NA,NA,NA,NA,NA,NA,NA,NA,NA,NA,NA,NA,NA,NA,NA,NA,NA,NA,NA,NA,NA,NA,NA,NA,NA,NA,FALSE
NA,Protobalistum imperialis,NA,NA,NA,NA,NA,NA,NA,NA,NA,NA,NA,NA,NA,NA,NA,NA,NA,NA,NA,NA,NA,NA,NA,NA,NA,NA,NA,NA,NA,NA,NA,NA,NA,NA,NA,NA,NA,NA,NA,NA,NA,NA,NA,NA,NA,NA,NA,NA,NA,NA,NA,NA,NA,NA,NA,NA,NA,NA,NA,NA,NA,NA,NA,NA,NA,NA,NA,NA,NA,NA,NA,NA,NA,NA,NA,NA,NA,NA,NA,NA,NA,NA,NA,NA,NA,NA,NA,NA,NA,NA,NA,NA,NA,NA,NA,NA,NA,NA,NA,NA,FALSE
NA,Protriacanthus gortanii,NA,NA,NA,NA,NA,NA,NA,NA,NA,NA,NA,NA,NA,NA,NA,NA,NA,NA,NA,NA,NA,NA,NA,NA,NA,NA,NA,NA,NA,NA,NA,NA,NA,NA,NA,NA,NA,NA,NA,NA,NA,NA,NA,NA,NA,NA,NA,NA,NA,NA,NA,NA,NA,NA,NA,NA,NA,NA,NA,NA,NA,NA,NA,NA,NA,NA,NA,NA,NA,NA,NA,NA,NA,NA,NA,NA,NA,NA,NA,NA,NA,NA,NA,NA,NA,NA,NA,NA,NA,NA,NA,NA,NA,NA,NA,NA,NA,NA,NA,NA,FALSE
NA,Pshekhadiodon parini,NA,NA,NA,NA,NA,NA,NA,NA,NA,NA,NA,NA,NA,NA,NA,NA,NA,NA,NA,NA,NA,NA,NA,NA,NA,NA,NA,NA,NA,NA,NA,NA,NA,NA,NA,NA,NA,NA,NA,NA,NA,NA,NA,NA,NA,NA,NA,NA,NA,NA,NA,NA,NA,NA,NA,NA,NA,NA,NA,NA,NA,NA,NA,NA,NA,NA,NA,NA,NA,NA,NA,NA,NA,NA,NA,NA,NA,NA,NA,NA,NA,NA,NA,NA,NA,NA,NA,NA,NA,NA,NA,NA,NA,NA,NA,NA,NA,NA,NA,NA,FALSE
NA,Slovenitriacanthus saksidae,NA,NA,NA,NA,NA,NA,NA,NA,NA,NA,NA,NA,NA,NA,NA,NA,NA,NA,NA,NA,NA,NA,NA,NA,NA,NA,NA,NA,NA,NA,NA,NA,NA,NA,NA,NA,NA,NA,NA,NA,NA,NA,NA,NA,NA,NA,NA,NA,NA,NA,NA,NA,NA,NA,NA,NA,NA,NA,NA,NA,NA,NA,NA,NA,NA,NA,NA,NA,NA,NA,NA,NA,NA,NA,NA,NA,NA,NA,NA,NA,NA,NA,NA,NA,NA,NA,NA,NA,NA,NA,NA,NA,NA,NA,NA,NA,NA,NA,NA,NA,FALSE
NA,Sphoeroides hyperostosus,NA,NA,NA,NA,NA,NA,NA,NA,NA,NA,NA,NA,NA,NA,NA,NA,NA,NA,NA,NA,NA,NA,NA,NA,NA,NA,NA,NA,NA,NA,NA,NA,NA,NA,NA,NA,NA,NA,NA,NA,NA,NA,NA,NA,NA,NA,NA,NA,NA,NA,NA,NA,NA,NA,NA,NA,NA,NA,NA,NA,NA,NA,NA,NA,NA,NA,NA,NA,NA,NA,NA,NA,NA,NA,NA,NA,NA,NA,NA,NA,NA,NA,NA,NA,NA,NA,NA,NA,NA,NA,NA,NA,NA,NA,NA,NA,NA,NA,NA,NA,FALSE
NA,Spinacanthus cuneiformis,NA,NA,NA,NA,NA,NA,NA,NA,NA,NA,NA,NA,NA,NA,NA,NA,NA,NA,NA,NA,NA,NA,NA,NA,NA,NA,NA,NA,NA,NA,NA,NA,NA,NA,NA,NA,NA,NA,NA,NA,NA,NA,NA,NA,NA,NA,NA,NA,NA,NA,NA,NA,NA,NA,NA,NA,NA,NA,NA,NA,NA,NA,NA,NA,NA,NA,NA,NA,NA,NA,NA,NA,NA,NA,NA,NA,NA,NA,NA,NA,NA,NA,NA,NA,NA,NA,NA,NA,NA,NA,NA,NA,NA,NA,NA,NA,NA,NA,NA,NA,FALSE
NA,Triodon antiquus,NA,NA,NA,NA,NA,NA,NA,NA,NA,NA,NA,NA,NA,NA,NA,NA,NA,NA,NA,NA,NA,NA,NA,NA,NA,NA,NA,NA,NA,NA,NA,NA,NA,NA,NA,NA,NA,NA,NA,NA,NA,NA,NA,NA,NA,NA,NA,NA,NA,NA,NA,NA,NA,NA,NA,NA,NA,NA,NA,NA,NA,NA,NA,NA,NA,NA,NA,NA,NA,NA,NA,NA,NA,NA,NA,NA,NA,NA,NA,NA,NA,NA,NA,NA,NA,NA,NA,NA,NA,NA,NA,NA,NA,NA,NA,NA,NA,NA,NA,NA,FALSE
NA,Zignodon fornasieroae,NA,NA,NA,NA,NA,NA,NA,NA,NA,NA,NA,NA,NA,NA,NA,NA,NA,NA,NA,NA,NA,NA,NA,NA,NA,NA,NA,NA,NA,NA,NA,NA,NA,NA,NA,NA,NA,NA,NA,NA,NA,NA,NA,NA,NA,NA,NA,NA,NA,NA,NA,NA,NA,NA,NA,NA,NA,NA,NA,NA,NA,NA,NA,NA,NA,NA,NA,NA,NA,NA,NA,NA,NA,NA,NA,NA,NA,NA,NA,NA,NA,NA,NA,NA,NA,NA,NA,NA,NA,NA,NA,NA,NA,NA,NA,NA,NA,NA,NA,NA,FALSE
NA,Zignoichthys oblongus,NA,NA,NA,NA,NA,NA,NA,NA,NA,NA,NA,NA,NA,NA,NA,NA,NA,NA,NA,NA,NA,NA,NA,NA,NA,NA,NA,NA,NA,NA,NA,NA,NA,NA,NA,NA,NA,NA,NA,NA,NA,NA,NA,NA,NA,NA,NA,NA,NA,NA,NA,NA,NA,NA,NA,NA,NA,NA,NA,NA,NA,NA,NA,NA,NA,NA,NA,NA,NA,NA,NA,NA,NA,NA,NA,NA,NA,NA,NA,NA,NA,NA,NA,NA,NA,NA,NA,NA,NA,NA,NA,NA,NA,NA,NA,NA,NA,NA,NA,NA,FALSE
NA,Lophiodes caulinaris,NA,NA,NA,NA,NA,NA,NA,NA,NA,NA,NA,NA,NA,NA,NA,NA,NA,NA,NA,NA,NA,NA,NA,NA,NA,NA,NA,NA,NA,NA,NA,NA,NA,NA,NA,NA,NA,NA,NA,NA,NA,NA,NA,NA,NA,NA,NA,NA,NA,NA,NA,NA,NA,NA,NA,NA,NA,NA,NA,NA,NA,NA,NA,NA,NA,NA,NA,NA,NA,NA,NA,NA,NA,NA,NA,NA,NA,NA,NA,NA,NA,NA,NA,NA,NA,NA,NA,NA,NA,NA,NA,NA,NA,NA,NA,NA,NA,NA,NA,NA,FALSE
NA,Lophiodes spilurus,NA,NA,NA,NA,NA,NA,NA,NA,NA,NA,NA,NA,NA,NA,NA,NA,NA,NA,NA,NA,NA,NA,NA,NA,NA,NA,NA,NA,NA,NA,NA,NA,NA,NA,NA,NA,NA,NA,NA,NA,NA,NA,NA,NA,NA,NA,NA,NA,NA,NA,NA,NA,NA,NA,NA,NA,NA,NA,NA,NA,NA,NA,NA,NA,NA,NA,NA,NA,NA,NA,NA,NA,NA,NA,NA,NA,NA,NA,NA,NA,NA,NA,NA,NA,NA,NA,NA,NA,NA,NA,NA,NA,NA,NA,NA,NA,NA,NA,NA,NA,FALSE
NA,Lophiomus cf setigerus,NA,NA,NA,NA,NA,NA,NA,NA,NA,NA,NA,NA,NA,NA,NA,NA,NA,NA,NA,NA,NA,NA,NA,NA,NA,NA,NA,NA,NA,NA,NA,NA,NA,NA,NA,NA,NA,NA,NA,NA,NA,NA,NA,NA,NA,NA,NA,NA,NA,NA,NA,NA,NA,NA,NA,NA,NA,NA,NA,NA,NA,NA,NA,NA,NA,NA,NA,NA,NA,NA,NA,NA,NA,NA,NA,NA,NA,NA,NA,NA,NA,NA,NA,NA,NA,NA,NA,NA,NA,NA,NA,NA,NA,NA,NA,NA,NA,NA,NA,NA,FALSE
NA,Lophius litulon,NA,NA,NA,NA,NA,NA,NA,NA,NA,NA,NA,NA,NA,NA,NA,NA,NA,NA,NA,NA,NA,NA,NA,NA,NA,NA,NA,NA,NA,NA,NA,NA,NA,NA,NA,NA,NA,NA,NA,NA,NA,NA,NA,NA,NA,NA,NA,NA,NA,NA,NA,NA,NA,NA,NA,NA,NA,NA,NA,NA,NA,NA,NA,NA,NA,NA,NA,NA,NA,NA,NA,NA,NA,NA,NA,NA,NA,NA,NA,NA,NA,NA,NA,NA,NA,NA,NA,NA,NA,NA,NA,NA,NA,NA,NA,NA,NA,NA,NA,NA,FALSE
NA,Lophiodes monodi,NA,NA,NA,NA,NA,NA,NA,NA,NA,NA,NA,NA,NA,NA,NA,NA,NA,NA,NA,NA,NA,NA,NA,NA,NA,NA,NA,NA,NA,NA,NA,NA,NA,NA,NA,NA,NA,NA,NA,NA,NA,NA,NA,NA,NA,NA,NA,NA,NA,NA,NA,NA,NA,NA,NA,NA,NA,NA,NA,NA,NA,NA,NA,NA,NA,NA,NA,NA,NA,NA,NA,NA,NA,NA,NA,NA,NA,NA,NA,NA,NA,NA,NA,NA,NA,NA,NA,NA,NA,NA,NA,NA,NA,NA,NA,NA,NA,NA,NA,NA,FALSE
NA,Masturus lanceolatus,NA,NA,NA,NA,NA,NA,NA,NA,NA,NA,NA,NA,NA,NA,NA,NA,NA,NA,NA,NA,NA,NA,NA,NA,NA,NA,NA,NA,NA,NA,NA,NA,NA,NA,NA,NA,NA,NA,NA,NA,NA,NA,NA,NA,NA,NA,NA,NA,NA,NA,NA,NA,NA,NA,NA,NA,NA,NA,NA,NA,NA,NA,NA,NA,NA,NA,NA,NA,NA,NA,NA,NA,NA,NA,NA,NA,NA,NA,NA,NA,NA,NA,NA,NA,NA,NA,NA,NA,NA,NA,NA,NA,NA,NA,NA,NA,NA,NA,NA,NA,FALSE
NA,Ranzania laevis,NA,NA,NA,NA,NA,NA,NA,NA,NA,NA,NA,NA,NA,NA,NA,NA,NA,NA,NA,NA,NA,NA,NA,NA,NA,NA,NA,NA,NA,NA,NA,NA,NA,NA,NA,NA,NA,NA,NA,NA,NA,NA,NA,NA,NA,NA,NA,NA,NA,NA,NA,NA,NA,NA,NA,NA,NA,NA,NA,NA,NA,NA,NA,NA,NA,NA,NA,NA,NA,NA,NA,NA,NA,NA,NA,NA,NA,NA,NA,NA,NA,NA,NA,NA,NA,NA,NA,NA,NA,NA,NA,NA,NA,NA,NA,NA,NA,NA,NA,NA,FALSE
4273,Aluterus heudelotii,Aluterus,7251,"Hollard, 1855",Dotterel filefish,Alheu_u3.jpg,NA,NA,NA,517,NA,5905,NA,short and / or deep,O,NA,NA,0,0,0,-1,demersal,NA,NA,NA,NA,3,2000,58018,10,100,3592,NA,NA,NA,NA,38.37,45,TL,NA,NA,3592,30,TL,NA,NA,26999,NA,NA,NA,NA,NA,NA,NA,NA,NA,unknown,NA,NA,NA,NA,NA,NA,-1,0,0,0,0,0,0,0,0,0,never/rarely,NA,NA,never/rarely,NA,never/rarely,NA,NA,0,NA,harmless,NA,no special ability,NA,NA,-1,NA,NA,0.5625,0,1,1991-05-02T00:00:00Z,1472,2008-07-22T00:00:00Z,10,1994-09-01T00:00:00Z,NA,"Usually occurs in shallow water over sand or mud subtrates, typically associated with seagrass beds.  Late larvae and juveniles commonly pelagic, often near <i>Sargassum</i> mats.  Forages on a variety of plant, including algae and seagrasses, usually grazing off the bottom but sometimes also nibbling at the surface.",FALSE
4274,Aluterus monoceros,Aluterus,3592,"(Linnaeus, 1758)",Unicorn leatherjacket filefish,Almon_u1.jpg,NA,NA,NA,517,NA,5905,NA,short and / or deep,R,NA,NA,0,0,0,-1,reef-associated,NA,NA,NA,NA,1,80,90102,NA,NA,NA,NA,NA,NA,NA,47.86,76.19999694824219,TL,NA,NA,26340,40,TL,NA,NA,3467,2710,NA,40637,ALMON_U2,NA,NA,NA,3467,commercial,unknown,NA,NA,NA,NA,trawls,unspecified bottom trawls (TB),0,0,0,0,0,0,0,0,0,0,never/rarely,NA,NA,never/rarely,NA,never/rarely,NA,NA,0,NA,reports of ciguatera poisoning,30911,no special ability,NA,NA,-1,"Occasionally in shallow water by steep drop-offs.  Solitary or in pairs, occasionally in groups of five or six, at less than 10 m depth.  Juveniles are pelagic, seen under floating objects (Ref. 9318, 48637).  Benthopelagic (Ref. 58302).  Adults and juveniles are rarely seen near reefs.  Juveniles often with large jellies and these may bring them close to reefs and adults may nest on sandflats adjacent to reefs in deep water.  At other times, the adults may form large schools under weed-rafts that usually form during the wet season (Ref. 48637).  Feed on benthic organisms (Ref. 30573).",NA,0.5625,0,1,1991-05-02T00:00:00Z,2291,2013-05-06T00:00:00Z,NA,NA,NA,"Occasionally in shallow water by steep drop-offs.  Solitary or in pairs, occasionally in groups of five or six, at less than 10 m depth.  Juveniles are pelagic, seen under floating objects (Ref. 9318, 48637).  Benthopelagic (Ref. 58302).  Adults and juveniles are rarely seen near reefs. Juveniles are pelagic, seen under floating objects (Ref. 9318).  Juveniles often with large jellies and these may bring them close to reefs and adults may nest on sandflats adjacent to reefs in deep water.  At other times, the adults may form large schools under weed-rafts that usually form during the wet season (Ref. 48637).  Feed on benthic organisms (Ref. 30573).",FALSE
5836,Cantherhines dumerilii,Cantherhines,1602,"(Hollard, 1854)",Whitespotted filefish,Cadum_u1.jpg,NA,NA,NA,517,NA,508,NA,short and / or deep,O,NA,NA,0,0,0,-1,reef-associated,NA,NA,non-migratory,NA,6,70,89467,6,35,9710,NA,NA,NA,NA,35.73,38,TL,NA,NA,30573,25,TL,NA,NA,30573,NA,NA,NA,CADUM_U1,NA,NA,NA,NA,NA,high,Questionable: based on ex-vessel price for species in this genus,NA,NA,NA,NA,NA,0,0,0,0,0,0,0,0,0,0,never/rarely,NA,NA,never/rarely,NA,commercial,based mainly on capture,5358,0,NA,harmless,NA,no special ability,NA,NA,-1,"Inhabit offshore coral reefs usually solitary or in pairs (Ref. 5503, 48637).  Common in surface waters around oceanic islands (Ref. 9318).  Benthopelagic (Ref. 58302).  Shy species, usually retreating quickly into caves or large crevices of the reef (Ref. 48637).  Juveniles are pelagic, seen under floating objects (Ref. 9318).  Feed on tips of branching corals, algae, sponges, sea urchins, and mollusks (Ref. 1602).",NA,0.5001999735832214,0,3,1993-02-26T00:00:00Z,1472,2012-07-13T00:00:00Z,113,1995-07-05T00:00:00Z,NA,"Inhabits offshore coral reefs usually solitary or in pairs (Ref. 5503, 48637).  Common in surface waters around oceanic islands (Ref. 9318).  A shy species, usually retreating quickly into caves or large crevices of the reef (Ref. 48637).  Juveniles are pelagic, seen under floating objects (Ref. 9318).  Feeds on tips of branching corals, algae, sponges, sea urchins, and mollusks (Ref. 1602).  Has powerful jaws and strong teeth, with which it bites off chunks of the skeletal rock that includes many polyps (Ref. 59308).",FALSE
7842,Cantherhines fronticinctus,Cantherhines,4421,"(Günther, 1867)",Spectacled filefish,Cafro_u1.jpg,NA,NA,NA,517,NA,508,NA,short and / or deep,R,NA,NA,0,0,0,-1,reef-associated,NA,NA,NA,NA,1,43,9710,NA,25,9710,NA,NA,NA,NA,29.75,25,TL,NA,NA,5213,NA,NA,NA,NA,NA,NA,NA,NA,CAFRO_U0,NA,NA,NA,NA,NA,high,Questionable: based on ex-vessel price for species in this genus,NA,NA,NA,trawls,unspecified bottom trawls (TB),0,0,0,0,0,0,0,0,0,0,never/rarely,NA,NA,never/rarely,NA,never/rarely,NA,NA,0,NA,harmless,NA,no special ability,NA,NA,-1,"A generally uncommon species found in seaward reefs (Ref. 9710, 48637) and in harbours.  Usually in rich coral with various other mixed-invertebrate habitat (Ref. 48637).  Found close to shelter (Ref. 9710).  Feeds on benthic organisms (Ref. 3467). Solitary (Ref. 90102).",NA,0.5001999735832214,0,34,1993-04-15T00:00:00Z,2291,2013-05-06T00:00:00Z,NA,NA,NA,NA,FALSE
54607,Cantherhines longicaudus,Cantherhines,6220,"Hutchins & Randall, 1982",NA,Calon_u2.jpg,NA,NA,NA,517,NA,508,NA,short and / or deep,O,NA,NA,0,0,0,-1,demersal,NA,NA,NA,NA,18,21,6220,NA,NA,NA,NA,NA,NA,NA,24.17,NA,NA,13.199999809265137,SL,6220,NA,NA,NA,NA,NA,NA,NA,NA,NA,NA,NA,NA,NA,NA,high,Questionable: based on ex-vessel price for species in this genus,NA,NA,NA,NA,NA,0,0,0,0,-1,0,0,0,0,0,never/rarely,NA,NA,never/rarely,NA,never/rarely,NA,NA,0,NA,harmless,NA,no special ability,NA,NA,-1,Feeds on algae and benthic invertebrates (Ref. 89972).,NA,0.5001999735832214,0,14,1999-12-07T00:00:00Z,2291,2014-10-21T00:00:00Z,NA,NA,NA,NA,FALSE
66329,Cantherhines nukuhiva,Cantherhines,88148,"Randall, 2011",NA,Canuk_u0.jpg,NA,NA,NA,517,NA,508,NA,NA,NA,NA,NA,0,0,0,-1,reef-associated,NA,NA,NA,NA,NA,NA,NA,NA,NA,NA,NA,NA,NA,NA,32.91,NA,NA,NA,NA,NA,NA,NA,NA,NA,NA,NA,NA,NA,NA,NA,NA,NA,NA,NA,NA,NA,NA,NA,NA,NA,NA,0,0,0,0,0,0,0,0,0,0,never/rarely,NA,NA,never/rarely,NA,never/rarely,NA,NA,0,NA,harmless,NA,no special ability,NA,NA,-1,NA,NA,0.5001999735832214,0,1016,2011-11-15T20:43:36Z,1016,2011-11-15T20:44:39Z,NA,NA,NA,NA,FALSE
6635,Cantherhines pardalis,Cantherhines,2334,"(Rüppell, 1837)",Honeycomb filefish,Capar_u3.jpg,NA,NA,NA,517,NA,508,NA,short and / or deep,O,NA,NA,0,0,0,-1,reef-associated,NA,NA,NA,NA,2,20,9710,NA,NA,NA,NA,NA,NA,NA,29.75,25,TL,NA,NA,3592,15,TL,NA,NA,3467,NA,NA,NA,CAPAR_U2,NA,NA,NA,NA,minor commercial,high,Questionable: based on ex-vessel price for species in this genus,NA,NA,NA,hooks and lines,Handlines (HL),0,0,0,0,0,0,0,0,0,0,never/rarely,NA,NA,never/rarely,NA,NA,NA,NA,0,NA,harmless,NA,no special ability,NA,NA,-1,"Occurs on outer reef slopes to depths of 2 to more than 20 m (Ref. 1602, 48637), often silty habitats.  Young float with loose surface weeds and adults are often with large <i>Sargassum</i> rafts during the wet season (Ref. 48637).  Solitary.  Feeds on benthic organisms (Ref. 30573).  Somewhat secretive (Ref. 9710).",NA,0.5001999735832214,0,14,1992-11-27T00:00:00Z,1472,2006-06-06T00:00:00Z,1,1994-03-25T00:00:00Z,NA,NA,FALSE
1082,Cantherhines pullus,Cantherhines,7251,"(Ranzani, 1842)",Orangespotted filefish,Capul_u2.jpg,NA,NA,NA,517,NA,508,NA,short and / or deep,O,NA,NA,0,0,0,-1,reef-associated,NA,NA,NA,NA,3,50,3592,3,20,40849,NA,NA,NA,NA,25.85,20,TL,NA,NA,7251,14,TL,NA,NA,3592,NA,NA,NA,CAPUL_U1,NA,NA,NA,3790,subsistence fisheries,high,Questionable: based on ex-vessel price for species in this genus,NA,NA,NA,traps,NA,0,0,0,0,0,0,0,0,0,0,never/rarely,NA,NA,never/rarely,NA,commercial,NA,NA,0,NA,reports of ciguatera poisoning,30303,no special ability,NA,NA,-1,"Found in shallow water and around coral and rocky reefs (Ref. 3790).  Usually remains near the bottom, hiding among gorgonians and branching coral (Ref. 9710).  Feeds on bottom growth, primarily sponge and algae, but stomach often contain tunicates, bryozoans and other sessile benthic invertebrates (Ref. 5521).  The young are pelagic and highly important food items in the diet of large predaceous fishes such as tunas and billfishes (Ref. 3790).  Generally considered as trash fish, rarely consumed (Ref. 3790).",NA,0.5001999735832214,0,2,1990-10-17T00:00:00Z,14,2004-03-11T00:00:00Z,113,1998-03-30T00:00:00Z,NA,"Found in shallow water and around coral and rocky reefs (Ref. 3790).  Usually remains near the bottom, hiding among gorgonians and branching coral (Ref. 9710).  Feeds on bottom growth, primarily sponge and algae, but stomach often contain tunicates, bryozoans and other sessile benthic invertebrates (Ref. 5521).  The young are pelagic and highly important food items in the diet of large predaceous fishes such as tunas and billfishes (Ref. 3790).  Feeds on plants and benthic organisms (Ref. 33).  Omnivore (Ref. 57616).",FALSE
7835,Cantherhines sandwichiensis,Cantherhines,3921,"(Quoy & Gaimard, 1824)",Sandwich isle file,Casan_u0.jpg,NA,NA,NA,517,NA,508,NA,short and / or deep,O,NA,NA,0,0,0,-1,reef-associated,NA,NA,NA,NA,2,73,58302,NA,NA,NA,NA,NA,NA,NA,24.95,19.299999237060547,TL,NA,NA,3921,NA,NA,NA,NA,NA,NA,NA,NA,NA,NA,NA,NA,NA,NA,high,Questionable: based on ex-vessel price for species in this genus,NA,NA,NA,NA,NA,0,0,0,0,0,0,0,0,0,0,never/rarely,NA,NA,never/rarely,NA,commercial,based mainly on capture,5358,0,NA,harmless,NA,no special ability,NA,NA,-1,"Benthopelagic over coral and rock (Ref. 58302).  Feeds mainly on algae and detritus, but also takes  tunicates, corals, sponges and other benthic animals (Ref. 3921).  Young spotted (Ref. 1623).",NA,0.5001999735832214,0,10,1993-04-15T00:00:00Z,65,2013-07-15T00:00:00Z,NA,NA,NA,Feeds mainly on algae but also ingests benthic invertebrates (Ref. 3921).,FALSE
10999,Eubalichthys caeruleoguttatus,Eubalichthys,3132,"Hutchins, 1977",Blue-spotted leatherjacket,Eucae_f0.jpg,NA,NA,NA,517,NA,4343,NA,short and / or deep,O,NA,NA,0,0,0,-1,demersal,NA,NA,NA,NA,22,82,35708,NA,NA,NA,NA,NA,NA,NA,35.73,38,TL,NA,NA,3132,NA,NA,NA,NA,NA,NA,NA,NA,EUCAE_M0,EUCAE_F0,NA,NA,NA,NA,unknown,NA,NA,NA,NA,NA,NA,0,0,0,0,0,0,0,0,0,0,never/rarely,NA,NA,never/rarely,NA,NA,NA,NA,0,NA,harmless,NA,no special ability,NA,NA,-1,Lives on trawling grounds.,NA,0.5156000256538391,0,2,1994-06-17T00:00:00Z,14,2006-04-19T00:00:00Z,NA,NA,NA,NA,FALSE
14538,Eubalichthys mosaicus,Eubalichthys,9563,"(Ramsay & Ogilby, 1886)",Mosaic leatherjacket,Eumos_u0.jpg,NA,NA,NA,517,NA,4343,NA,short and / or deep,o,NA,NA,0,0,0,-1,reef-associated,NA,NA,NA,NA,NA,140,9563,NA,NA,NA,NA,NA,NA,NA,52.38,60,TL,NA,NA,9563,NA,NA,NA,NA,NA,NA,NA,NA,EUMOS_U0,NA,NA,NA,9563,NA,unknown,NA,NA,NA,NA,trawls,NA,0,0,0,0,0,0,0,0,0,0,never/rarely,NA,NA,never/rarely,NA,never/rarely,NA,NA,0,NA,harmless,NA,no special ability,NA,NA,-1,"Adults are found on deep offshore reefs down to about 140 m, while juveniles occur in estuaries and on coastal reefs (Ref. 9563).",NA,0.5156000256538391,0,3,1995-08-11T00:00:00Z,NA,1995-08-11T00:00:00Z,NA,NA,NA,NA,FALSE
14539,Eubalichthys quadrispinis,Eubalichthys,9563,"Hutchins, 1977",Four-spined leatherjacket,Euqua_u0.gif,NA,NA,NA,517,NA,4343,NA,short and / or deep,o,NA,NA,0,0,0,-1,demersal,NA,NA,NA,NA,135,165,9563,NA,NA,NA,NA,NA,NA,NA,37.51,40,TL,NA,NA,9563,NA,NA,NA,NA,NA,NA,NA,NA,EUQUA_U0,NA,NA,NA,9563,NA,unknown,NA,NA,NA,NA,trawls,NA,0,0,0,0,0,0,0,0,0,0,never/rarely,NA,NA,never/rarely,NA,never/rarely,NA,NA,0,NA,harmless,NA,no special ability,NA,NA,-1,Occurs on the continental shelf  (Ref. 9563).  Minimum depth from Ref. 58018.,NA,0.5156000256538391,0,3,1995-08-11T00:00:00Z,303,2010-05-18T00:00:00Z,NA,NA,NA,NA,FALSE
NA,Meuschenia trachylepis,NA,NA,NA,NA,NA,NA,NA,NA,NA,NA,NA,NA,NA,NA,NA,NA,NA,NA,NA,NA,NA,NA,NA,NA,NA,NA,NA,NA,NA,NA,NA,NA,NA,NA,NA,NA,NA,NA,NA,NA,NA,NA,NA,NA,NA,NA,NA,NA,NA,NA,NA,NA,NA,NA,NA,NA,NA,NA,NA,NA,NA,NA,NA,NA,NA,NA,NA,NA,NA,NA,NA,NA,NA,NA,NA,NA,NA,NA,NA,NA,NA,NA,NA,NA,NA,NA,NA,NA,NA,NA,NA,NA,NA,NA,NA,NA,NA,NA,NA,NA,FALSE
NA,Monacanthus chinensis ciliatus,NA,NA,NA,NA,NA,NA,NA,NA,NA,NA,NA,NA,NA,NA,NA,NA,NA,NA,NA,NA,NA,NA,NA,NA,NA,NA,NA,NA,NA,NA,NA,NA,NA,NA,NA,NA,NA,NA,NA,NA,NA,NA,NA,NA,NA,NA,NA,NA,NA,NA,NA,NA,NA,NA,NA,NA,NA,NA,NA,NA,NA,NA,NA,NA,NA,NA,NA,NA,NA,NA,NA,NA,NA,NA,NA,NA,NA,NA,NA,NA,NA,NA,NA,NA,NA,NA,NA,NA,NA,NA,NA,NA,NA,NA,NA,NA,NA,NA,NA,NA,FALSE
NA,Paramonacanthus choirocephalus,NA,NA,NA,NA,NA,NA,NA,NA,NA,NA,NA,NA,NA,NA,NA,NA,NA,NA,NA,NA,NA,NA,NA,NA,NA,NA,NA,NA,NA,NA,NA,NA,NA,NA,NA,NA,NA,NA,NA,NA,NA,NA,NA,NA,NA,NA,NA,NA,NA,NA,NA,NA,NA,NA,NA,NA,NA,NA,NA,NA,NA,NA,NA,NA,NA,NA,NA,NA,NA,NA,NA,NA,NA,NA,NA,NA,NA,NA,NA,NA,NA,NA,NA,NA,NA,NA,NA,NA,NA,NA,NA,NA,NA,NA,NA,NA,NA,NA,NA,NA,FALSE
NA,Paramonacanthus filicauda,NA,NA,NA,NA,NA,NA,NA,NA,NA,NA,NA,NA,NA,NA,NA,NA,NA,NA,NA,NA,NA,NA,NA,NA,NA,NA,NA,NA,NA,NA,NA,NA,NA,NA,NA,NA,NA,NA,NA,NA,NA,NA,NA,NA,NA,NA,NA,NA,NA,NA,NA,NA,NA,NA,NA,NA,NA,NA,NA,NA,NA,NA,NA,NA,NA,NA,NA,NA,NA,NA,NA,NA,NA,NA,NA,NA,NA,NA,NA,NA,NA,NA,NA,NA,NA,NA,NA,NA,NA,NA,NA,NA,NA,NA,NA,NA,NA,NA,NA,NA,FALSE
NA,Paramonacanthus japonicus,NA,NA,NA,NA,NA,NA,NA,NA,NA,NA,NA,NA,NA,NA,NA,NA,NA,NA,NA,NA,NA,NA,NA,NA,NA,NA,NA,NA,NA,NA,NA,NA,NA,NA,NA,NA,NA,NA,NA,NA,NA,NA,NA,NA,NA,NA,NA,NA,NA,NA,NA,NA,NA,NA,NA,NA,NA,NA,NA,NA,NA,NA,NA,NA,NA,NA,NA,NA,NA,NA,NA,NA,NA,NA,NA,NA,NA,NA,NA,NA,NA,NA,NA,NA,NA,NA,NA,NA,NA,NA,NA,NA,NA,NA,NA,NA,NA,NA,NA,NA,FALSE
NA,Paramonacanthus lowei,NA,NA,NA,NA,NA,NA,NA,NA,NA,NA,NA,NA,NA,NA,NA,NA,NA,NA,NA,NA,NA,NA,NA,NA,NA,NA,NA,NA,NA,NA,NA,NA,NA,NA,NA,NA,NA,NA,NA,NA,NA,NA,NA,NA,NA,NA,NA,NA,NA,NA,NA,NA,NA,NA,NA,NA,NA,NA,NA,NA,NA,NA,NA,NA,NA,NA,NA,NA,NA,NA,NA,NA,NA,NA,NA,NA,NA,NA,NA,NA,NA,NA,NA,NA,NA,NA,NA,NA,NA,NA,NA,NA,NA,NA,NA,NA,NA,NA,NA,NA,FALSE
NA,Paramonacanthus oblongus,NA,NA,NA,NA,NA,NA,NA,NA,NA,NA,NA,NA,NA,NA,NA,NA,NA,NA,NA,NA,NA,NA,NA,NA,NA,NA,NA,NA,NA,NA,NA,NA,NA,NA,NA,NA,NA,NA,NA,NA,NA,NA,NA,NA,NA,NA,NA,NA,NA,NA,NA,NA,NA,NA,NA,NA,NA,NA,NA,NA,NA,NA,NA,NA,NA,NA,NA,NA,NA,NA,NA,NA,NA,NA,NA,NA,NA,NA,NA,NA,NA,NA,NA,NA,NA,NA,NA,NA,NA,NA,NA,NA,NA,NA,NA,NA,NA,NA,NA,NA,FALSE
NA,Pervagor janthinosoma,NA,NA,NA,NA,NA,NA,NA,NA,NA,NA,NA,NA,NA,NA,NA,NA,NA,NA,NA,NA,NA,NA,NA,NA,NA,NA,NA,NA,NA,NA,NA,NA,NA,NA,NA,NA,NA,NA,NA,NA,NA,NA,NA,NA,NA,NA,NA,NA,NA,NA,NA,NA,NA,NA,NA,NA,NA,NA,NA,NA,NA,NA,NA,NA,NA,NA,NA,NA,NA,NA,NA,NA,NA,NA,NA,NA,NA,NA,NA,NA,NA,NA,NA,NA,NA,NA,NA,NA,NA,NA,NA,NA,NA,NA,NA,NA,NA,NA,NA,NA,FALSE
NA,Pervagor marginalis,NA,NA,NA,NA,NA,NA,NA,NA,NA,NA,NA,NA,NA,NA,NA,NA,NA,NA,NA,NA,NA,NA,NA,NA,NA,NA,NA,NA,NA,NA,NA,NA,NA,NA,NA,NA,NA,NA,NA,NA,NA,NA,NA,NA,NA,NA,NA,NA,NA,NA,NA,NA,NA,NA,NA,NA,NA,NA,NA,NA,NA,NA,NA,NA,NA,NA,NA,NA,NA,NA,NA,NA,NA,NA,NA,NA,NA,NA,NA,NA,NA,NA,NA,NA,NA,NA,NA,NA,NA,NA,NA,NA,NA,NA,NA,NA,NA,NA,NA,NA,FALSE
NA,Pervagor melanocephalus,NA,NA,NA,NA,NA,NA,NA,NA,NA,NA,NA,NA,NA,NA,NA,NA,NA,NA,NA,NA,NA,NA,NA,NA,NA,NA,NA,NA,NA,NA,NA,NA,NA,NA,NA,NA,NA,NA,NA,NA,NA,NA,NA,NA,NA,NA,NA,NA,NA,NA,NA,NA,NA,NA,NA,NA,NA,NA,NA,NA,NA,NA,NA,NA,NA,NA,NA,NA,NA,NA,NA,NA,NA,NA,NA,NA,NA,NA,NA,NA,NA,NA,NA,NA,NA,NA,NA,NA,NA,NA,NA,NA,NA,NA,NA,NA,NA,NA,NA,NA,FALSE
NA,Pervagor nigrolineatus,NA,NA,NA,NA,NA,NA,NA,NA,NA,NA,NA,NA,NA,NA,NA,NA,NA,NA,NA,NA,NA,NA,NA,NA,NA,NA,NA,NA,NA,NA,NA,NA,NA,NA,NA,NA,NA,NA,NA,NA,NA,NA,NA,NA,NA,NA,NA,NA,NA,NA,NA,NA,NA,NA,NA,NA,NA,NA,NA,NA,NA,NA,NA,NA,NA,NA,NA,NA,NA,NA,NA,NA,NA,NA,NA,NA,NA,NA,NA,NA,NA,NA,NA,NA,NA,NA,NA,NA,NA,NA,NA,NA,NA,NA,NA,NA,NA,NA,NA,NA,FALSE
NA,Pseudalutarius cf nasicornis,NA,NA,NA,NA,NA,NA,NA,NA,NA,NA,NA,NA,NA,NA,NA,NA,NA,NA,NA,NA,NA,NA,NA,NA,NA,NA,NA,NA,NA,NA,NA,NA,NA,NA,NA,NA,NA,NA,NA,NA,NA,NA,NA,NA,NA,NA,NA,NA,NA,NA,NA,NA,NA,NA,NA,NA,NA,NA,NA,NA,NA,NA,NA,NA,NA,NA,NA,NA,NA,NA,NA,NA,NA,NA,NA,NA,NA,NA,NA,NA,NA,NA,NA,NA,NA,NA,NA,NA,NA,NA,NA,NA,NA,NA,NA,NA,NA,NA,NA,NA,FALSE
NA,Pseudomonacanthus elongatus,NA,NA,NA,NA,NA,NA,NA,NA,NA,NA,NA,NA,NA,NA,NA,NA,NA,NA,NA,NA,NA,NA,NA,NA,NA,NA,NA,NA,NA,NA,NA,NA,NA,NA,NA,NA,NA,NA,NA,NA,NA,NA,NA,NA,NA,NA,NA,NA,NA,NA,NA,NA,NA,NA,NA,NA,NA,NA,NA,NA,NA,NA,NA,NA,NA,NA,NA,NA,NA,NA,NA,NA,NA,NA,NA,NA,NA,NA,NA,NA,NA,NA,NA,NA,NA,NA,NA,NA,NA,NA,NA,NA,NA,NA,NA,NA,NA,NA,NA,NA,FALSE
NA,Pseudomonacanthus peroni,NA,NA,NA,NA,NA,NA,NA,NA,NA,NA,NA,NA,NA,NA,NA,NA,NA,NA,NA,NA,NA,NA,NA,NA,NA,NA,NA,NA,NA,NA,NA,NA,NA,NA,NA,NA,NA,NA,NA,NA,NA,NA,NA,NA,NA,NA,NA,NA,NA,NA,NA,NA,NA,NA,NA,NA,NA,NA,NA,NA,NA,NA,NA,NA,NA,NA,NA,NA,NA,NA,NA,NA,NA,NA,NA,NA,NA,NA,NA,NA,NA,NA,NA,NA,NA,NA,NA,NA,NA,NA,NA,NA,NA,NA,NA,NA,NA,NA,NA,NA,FALSE
NA,Rudarius minutus,NA,NA,NA,NA,NA,NA,NA,NA,NA,NA,NA,NA,NA,NA,NA,NA,NA,NA,NA,NA,NA,NA,NA,NA,NA,NA,NA,NA,NA,NA,NA,NA,NA,NA,NA,NA,NA,NA,NA,NA,NA,NA,NA,NA,NA,NA,NA,NA,NA,NA,NA,NA,NA,NA,NA,NA,NA,NA,NA,NA,NA,NA,NA,NA,NA,NA,NA,NA,NA,NA,NA,NA,NA,NA,NA,NA,NA,NA,NA,NA,NA,NA,NA,NA,NA,NA,NA,NA,NA,NA,NA,NA,NA,NA,NA,NA,NA,NA,NA,NA,FALSE
NA,Stephanolepis cirrhifer,NA,NA,NA,NA,NA,NA,NA,NA,NA,NA,NA,NA,NA,NA,NA,NA,NA,NA,NA,NA,NA,NA,NA,NA,NA,NA,NA,NA,NA,NA,NA,NA,NA,NA,NA,NA,NA,NA,NA,NA,NA,NA,NA,NA,NA,NA,NA,NA,NA,NA,NA,NA,NA,NA,NA,NA,NA,NA,NA,NA,NA,NA,NA,NA,NA,NA,NA,NA,NA,NA,NA,NA,NA,NA,NA,NA,NA,NA,NA,NA,NA,NA,NA,NA,NA,NA,NA,NA,NA,NA,NA,NA,NA,NA,NA,NA,NA,NA,NA,NA,FALSE
NA,Stephanolepis hispidus,NA,NA,NA,NA,NA,NA,NA,NA,NA,NA,NA,NA,NA,NA,NA,NA,NA,NA,NA,NA,NA,NA,NA,NA,NA,NA,NA,NA,NA,NA,NA,NA,NA,NA,NA,NA,NA,NA,NA,NA,NA,NA,NA,NA,NA,NA,NA,NA,NA,NA,NA,NA,NA,NA,NA,NA,NA,NA,NA,NA,NA,NA,NA,NA,NA,NA,NA,NA,NA,NA,NA,NA,NA,NA,NA,NA,NA,NA,NA,NA,NA,NA,NA,NA,NA,NA,NA,NA,NA,NA,NA,NA,NA,NA,NA,NA,NA,NA,NA,NA,FALSE
NA,Stephanolepis setifer,NA,NA,NA,NA,NA,NA,NA,NA,NA,NA,NA,NA,NA,NA,NA,NA,NA,NA,NA,NA,NA,NA,NA,NA,NA,NA,NA,NA,NA,NA,NA,NA,NA,NA,NA,NA,NA,NA,NA,NA,NA,NA,NA,NA,NA,NA,NA,NA,NA,NA,NA,NA,NA,NA,NA,NA,NA,NA,NA,NA,NA,NA,NA,NA,NA,NA,NA,NA,NA,NA,NA,NA,NA,NA,NA,NA,NA,NA,NA,NA,NA,NA,NA,NA,NA,NA,NA,NA,NA,NA,NA,NA,NA,NA,NA,NA,NA,NA,NA,NA,FALSE
NA,Thamnaconus degeni,NA,NA,NA,NA,NA,NA,NA,NA,NA,NA,NA,NA,NA,NA,NA,NA,NA,NA,NA,NA,NA,NA,NA,NA,NA,NA,NA,NA,NA,NA,NA,NA,NA,NA,NA,NA,NA,NA,NA,NA,NA,NA,NA,NA,NA,NA,NA,NA,NA,NA,NA,NA,NA,NA,NA,NA,NA,NA,NA,NA,NA,NA,NA,NA,NA,NA,NA,NA,NA,NA,NA,NA,NA,NA,NA,NA,NA,NA,NA,NA,NA,NA,NA,NA,NA,NA,NA,NA,NA,NA,NA,NA,NA,NA,NA,NA,NA,NA,NA,NA,FALSE
NA,Thamnaconus tessellatus,NA,NA,NA,NA,NA,NA,NA,NA,NA,NA,NA,NA,NA,NA,NA,NA,NA,NA,NA,NA,NA,NA,NA,NA,NA,NA,NA,NA,NA,NA,NA,NA,NA,NA,NA,NA,NA,NA,NA,NA,NA,NA,NA,NA,NA,NA,NA,NA,NA,NA,NA,NA,NA,NA,NA,NA,NA,NA,NA,NA,NA,NA,NA,NA,NA,NA,NA,NA,NA,NA,NA,NA,NA,NA,NA,NA,NA,NA,NA,NA,NA,NA,NA,NA,NA,NA,NA,NA,NA,NA,NA,NA,NA,NA,NA,NA,NA,NA,NA,NA,FALSE
51356,Acanthaluteres spilomelanurus,Acanthaluteres,9002,"(Quoy & Gaimard, 1824)",Bridled leatherjacket,Acspi_f0.jpg,NA,NA,NA,517,NA,4284,NA,short and / or deep,o,NA,NA,0,0,-1,-1,demersal,NA,NA,NA,NA,NA,NA,NA,NA,NA,NA,NA,NA,NA,NA,21.25,14,TL,NA,NA,9002,NA,NA,NA,NA,NA,NA,NA,NA,NA,NA,NA,NA,NA,NA,unknown,NA,NA,NA,NA,NA,NA,0,0,0,0,0,0,0,0,0,0,never/rarely,NA,NA,never/rarely,NA,never/rarely,NA,NA,0,NA,harmless,NA,no special ability,NA,NA,-1,"Primarily found in estuaries, schooling over seagrass beds and in <i>Sargassum</i> seaweed areas (Ref. 9002).",NA,0.625,0,113,1999-02-09T00:00:00Z,309,2005-07-06T00:00:00Z,NA,NA,NA,"Primarily found in estuaries, schooling over seagrass beds and in <i>Sargassum</i> seaweed areas (Ref. 9002).",FALSE
8178,Anacanthus barbatus,Anacanthus,3132,"Gray, 1830",Bearded leatherjacket,Anbar_u2.jpg,NA,NA,NA,517,NA,8345,NA,elongated,O,NA,NA,0,0,-1,-1,reef-associated,NA,NA,NA,NA,2,20,90102,NA,NA,NA,NA,NA,NA,NA,34.51,35,TL,NA,NA,9710,NA,NA,NA,NA,NA,NA,NA,NA,ANBAR_U0,NA,NA,NA,11298,minor commercial,unknown,NA,NA,NA,NA,NA,NA,0,0,0,0,0,0,0,0,0,0,never/rarely,NA,NA,never/rarely,NA,never/rarely,NA,NA,0,NA,harmless,NA,no special ability,NA,NA,-1,"Inhabits sandy weedy areas of coastal reefs (Ref. 9710).  Lives in open muddy substrates in estuaries as well as deep coastal bays.  Usually found lining up with ropes, seawhips and large stringy-type sponges.  Incredible mimic that may float over the open bottom like a mangrove-shoot, may stand on its head (Ref. 48637).  Enters mangroves (Ref. 9710).",NA,1,0,34,1993-08-05T00:00:00Z,97,2018-04-12T00:00:00Z,NA,NA,NA,"Lives in open muddy substrates in estuaries as well as deep coastal bays.  Usually found lining up with ropes, seawhips and large stringy-type sponges.  Incredible mimic that may float over the open bottom like a mangrove-shoot, may stand on its head (Ref. 48637).  Enters mangroves (Ref. 9710).",FALSE
14534,Brachaluteres jacksonianus,Brachaluteres,9563,"(Quoy & Gaimard, 1824)",Pigmy leatherjacket,Brjac_u0.jpg,NA,NA,NA,517,NA,4285,NA,short and / or deep,O,NA,NA,0,0,-1,-1,reef-associated,NA,NA,NA,NA,1,73,86942,NA,NA,NA,NA,NA,NA,NA,14.62,10,TL,NA,NA,9563,NA,NA,NA,NA,NA,NA,NA,NA,BRJAC_U0,NA,NA,NA,9563,NA,unknown,NA,NA,NA,NA,trawls,NA,0,0,0,0,0,0,0,0,0,0,never/rarely,NA,NA,never/rarely,NA,never/rarely,NA,NA,0,NA,harmless,NA,no special ability,NA,NA,-1,"Found in estuaries, coastal reefs and offshore islands (Ref. 9563).",NA,0.5625,0,3,1995-08-11T00:00:00Z,2291,2015-06-10T00:00:00Z,NA,NA,NA,NA,FALSE
22547,Brachaluteres taylori,Brachaluteres,1602,"Woods, 1966",Taylor's inflator filefish,Brtay_u0.jpg,NA,NA,NA,517,NA,4285,NA,short and / or deep,O,NA,NA,0,0,0,-1,reef-associated,NA,NA,NA,NA,NA,60,86942,NA,NA,NA,NA,NA,NA,NA,10,5,SL,NA,NA,48594,NA,NA,NA,NA,NA,NA,NA,NA,NA,NA,NA,NA,NA,NA,unknown,NA,NA,NA,NA,NA,NA,0,0,0,0,0,0,0,0,0,0,never/rarely,NA,NA,never/rarely,NA,never/rarely,NA,NA,0,NA,harmless,NA,no special ability,NA,NA,-1,"Solitary among seaweed, hard and soft corals, sponges and crinoids. Inhabits coastal reefs in 8-35 m (Ref. 90102).",NA,0.5625,0,14,1996-04-29T00:00:00Z,2291,2015-06-10T00:00:00Z,NA,NA,NA,NA,FALSE
13778,Cantheschenia grandisquamis,Cantheschenia,2334,"Hutchins, 1977",Large-scaled leatherjacket,Cagra_u0.gif,NA,NA,NA,517,NA,4959,NA,short and / or deep,O,NA,NA,0,0,0,-1,reef-associated,NA,NA,NA,NA,NA,29,58018,NA,NA,NA,NA,NA,NA,NA,30.11,26,TL,NA,NA,2334,NA,NA,NA,NA,NA,NA,NA,NA,NA,NA,NA,NA,NA,NA,unknown,NA,NA,NA,NA,NA,NA,0,0,0,0,0,0,0,0,0,0,never/rarely,NA,NA,never/rarely,NA,never/rarely,NA,NA,0,NA,harmless,NA,no special ability,NA,NA,-1,In sheltered coastal and offshore reefs.  Uncommon (Ref. 9710).,NA,0.75,0,14,1995-07-04T00:00:00Z,949,2013-01-23T00:00:00Z,NA,NA,NA,NA,FALSE
52447,Eubalichthys gunnii,Eubalichthys,9002,"(Günther, 1870)",Gunn's leatherjacket,NA,NA,NA,NA,517,NA,4343,NA,NA,O,NA,NA,0,0,-1,-1,demersal,NA,NA,NA,NA,5,150,9002,NA,NA,NA,NA,NA,NA,NA,51.88,60,TL,NA,NA,9002,NA,NA,NA,NA,NA,NA,NA,NA,NA,NA,NA,NA,NA,NA,unknown,NA,NA,NA,NA,NA,NA,0,0,0,0,0,0,0,0,0,0,never/rarely,NA,NA,never/rarely,NA,never/rarely,NA,NA,0,NA,harmless,NA,no special ability,NA,NA,-1,"Found in coastal reefs, primarily deepwater outcrops (Ref. 9002).  Juveniles are common in estuaries (Ref. 9002).",NA,0.5156000256538391,0,2,1999-05-04T00:00:00Z,NA,1999-05-04T00:00:00Z,NA,NA,NA,NA,FALSE
NA,Thamnaconus striatus,NA,NA,NA,NA,NA,NA,NA,NA,NA,NA,NA,NA,NA,NA,NA,NA,NA,NA,NA,NA,NA,NA,NA,NA,NA,NA,NA,NA,NA,NA,NA,NA,NA,NA,NA,NA,NA,NA,NA,NA,NA,NA,NA,NA,NA,NA,NA,NA,NA,NA,NA,NA,NA,NA,NA,NA,NA,NA,NA,NA,NA,NA,NA,NA,NA,NA,NA,NA,NA,NA,NA,NA,NA,NA,NA,NA,NA,NA,NA,NA,NA,NA,NA,NA,NA,NA,NA,NA,NA,NA,NA,NA,NA,NA,NA,NA,NA,NA,NA,NA,FALSE
4287,Acanthostracion polygonius,Acanthostracion,35505,"Poey, 1876",Honeycomb cowfish,Acpol_ub.jpg,NA,NA,NA,446,NA,4119,NA,short and / or deep,O,NA,NA,0,0,0,-1,reef-associated,NA,NA,NA,NA,3,80,9710,NA,NA,NA,NA,NA,NA,NA,25.58,50,TL,NA,NA,36453,25,TL,NA,NA,5217,152.39999389648438,NA,118626,ACPOL_U0,NA,NA,NA,5217,commercial,high,Very questionable: based on ex-vessel price for species in this family,NA,NA,NA,NA,NA,-1,0,0,-1,0,0,0,0,0,0,never/rarely,NA,NA,never/rarely,NA,commercial,based mainly on capture,12090,0,NA,reports of ciguatera poisoning,30303,no special ability,NA,NA,-1,"Occurs in clear water around coral reefs.  Feeds on sponges, alcyonarians, tunicates, and shrimp.  Uncommon and wary (Ref. 9710).  Consumed fresh, generally roasted (Ref. 5217).",NA,0.5625,0,1,1991-05-02T00:00:00Z,2648,2018-10-03T00:00:00Z,97,2000-02-03T00:00:00Z,NA,"Occurs in clear water around coral reefs. Feeds on sponges, alcyonarians, tunicates, and shrimp.  Uncommon and wary (Ref. 9710).",FALSE
NA,Lactophrys trigonus,NA,NA,NA,NA,NA,NA,NA,NA,NA,NA,NA,NA,NA,NA,NA,NA,NA,NA,NA,NA,NA,NA,NA,NA,NA,NA,NA,NA,NA,NA,NA,NA,NA,NA,NA,NA,NA,NA,NA,NA,NA,NA,NA,NA,NA,NA,NA,NA,NA,NA,NA,NA,NA,NA,NA,NA,NA,NA,NA,NA,NA,NA,NA,NA,NA,NA,NA,NA,NA,NA,NA,NA,NA,NA,NA,NA,NA,NA,NA,NA,NA,NA,NA,NA,NA,NA,NA,NA,NA,NA,NA,NA,NA,NA,NA,NA,NA,NA,NA,NA,FALSE
NA,Lactophrys triqueter,NA,NA,NA,NA,NA,NA,NA,NA,NA,NA,NA,NA,NA,NA,NA,NA,NA,NA,NA,NA,NA,NA,NA,NA,NA,NA,NA,NA,NA,NA,NA,NA,NA,NA,NA,NA,NA,NA,NA,NA,NA,NA,NA,NA,NA,NA,NA,NA,NA,NA,NA,NA,NA,NA,NA,NA,NA,NA,NA,NA,NA,NA,NA,NA,NA,NA,NA,NA,NA,NA,NA,NA,NA,NA,NA,NA,NA,NA,NA,NA,NA,NA,NA,NA,NA,NA,NA,NA,NA,NA,NA,NA,NA,NA,NA,NA,NA,NA,NA,NA,FALSE
NA,Lactoria diaphana,NA,NA,NA,NA,NA,NA,NA,NA,NA,NA,NA,NA,NA,NA,NA,NA,NA,NA,NA,NA,NA,NA,NA,NA,NA,NA,NA,NA,NA,NA,NA,NA,NA,NA,NA,NA,NA,NA,NA,NA,NA,NA,NA,NA,NA,NA,NA,NA,NA,NA,NA,NA,NA,NA,NA,NA,NA,NA,NA,NA,NA,NA,NA,NA,NA,NA,NA,NA,NA,NA,NA,NA,NA,NA,NA,NA,NA,NA,NA,NA,NA,NA,NA,NA,NA,NA,NA,NA,NA,NA,NA,NA,NA,NA,NA,NA,NA,NA,NA,NA,FALSE
NA,Ostracion meleagris,NA,NA,NA,NA,NA,NA,NA,NA,NA,NA,NA,NA,NA,NA,NA,NA,NA,NA,NA,NA,NA,NA,NA,NA,NA,NA,NA,NA,NA,NA,NA,NA,NA,NA,NA,NA,NA,NA,NA,NA,NA,NA,NA,NA,NA,NA,NA,NA,NA,NA,NA,NA,NA,NA,NA,NA,NA,NA,NA,NA,NA,NA,NA,NA,NA,NA,NA,NA,NA,NA,NA,NA,NA,NA,NA,NA,NA,NA,NA,NA,NA,NA,NA,NA,NA,NA,NA,NA,NA,NA,NA,NA,NA,NA,NA,NA,NA,NA,NA,NA,FALSE
NA,Ostracion nasus tuberculatus,NA,NA,NA,NA,NA,NA,NA,NA,NA,NA,NA,NA,NA,NA,NA,NA,NA,NA,NA,NA,NA,NA,NA,NA,NA,NA,NA,NA,NA,NA,NA,NA,NA,NA,NA,NA,NA,NA,NA,NA,NA,NA,NA,NA,NA,NA,NA,NA,NA,NA,NA,NA,NA,NA,NA,NA,NA,NA,NA,NA,NA,NA,NA,NA,NA,NA,NA,NA,NA,NA,NA,NA,NA,NA,NA,NA,NA,NA,NA,NA,NA,NA,NA,NA,NA,NA,NA,NA,NA,NA,NA,NA,NA,NA,NA,NA,NA,NA,NA,NA,FALSE
NA,Ostracion rhinorhynchos,NA,NA,NA,NA,NA,NA,NA,NA,NA,NA,NA,NA,NA,NA,NA,NA,NA,NA,NA,NA,NA,NA,NA,NA,NA,NA,NA,NA,NA,NA,NA,NA,NA,NA,NA,NA,NA,NA,NA,NA,NA,NA,NA,NA,NA,NA,NA,NA,NA,NA,NA,NA,NA,NA,NA,NA,NA,NA,NA,NA,NA,NA,NA,NA,NA,NA,NA,NA,NA,NA,NA,NA,NA,NA,NA,NA,NA,NA,NA,NA,NA,NA,NA,NA,NA,NA,NA,NA,NA,NA,NA,NA,NA,NA,NA,NA,NA,NA,NA,NA,FALSE
NA,Ostracion solorensis,NA,NA,NA,NA,NA,NA,NA,NA,NA,NA,NA,NA,NA,NA,NA,NA,NA,NA,NA,NA,NA,NA,NA,NA,NA,NA,NA,NA,NA,NA,NA,NA,NA,NA,NA,NA,NA,NA,NA,NA,NA,NA,NA,NA,NA,NA,NA,NA,NA,NA,NA,NA,NA,NA,NA,NA,NA,NA,NA,NA,NA,NA,NA,NA,NA,NA,NA,NA,NA,NA,NA,NA,NA,NA,NA,NA,NA,NA,NA,NA,NA,NA,NA,NA,NA,NA,NA,NA,NA,NA,NA,NA,NA,NA,NA,NA,NA,NA,NA,NA,FALSE
NA,Ostracion whitleyi,NA,NA,NA,NA,NA,NA,NA,NA,NA,NA,NA,NA,NA,NA,NA,NA,NA,NA,NA,NA,NA,NA,NA,NA,NA,NA,NA,NA,NA,NA,NA,NA,NA,NA,NA,NA,NA,NA,NA,NA,NA,NA,NA,NA,NA,NA,NA,NA,NA,NA,NA,NA,NA,NA,NA,NA,NA,NA,NA,NA,NA,NA,NA,NA,NA,NA,NA,NA,NA,NA,NA,NA,NA,NA,NA,NA,NA,NA,NA,NA,NA,NA,NA,NA,NA,NA,NA,NA,NA,NA,NA,NA,NA,NA,NA,NA,NA,NA,NA,NA,FALSE
NA,Rhynchostracion nasus,NA,NA,NA,NA,NA,NA,NA,NA,NA,NA,NA,NA,NA,NA,NA,NA,NA,NA,NA,NA,NA,NA,NA,NA,NA,NA,NA,NA,NA,NA,NA,NA,NA,NA,NA,NA,NA,NA,NA,NA,NA,NA,NA,NA,NA,NA,NA,NA,NA,NA,NA,NA,NA,NA,NA,NA,NA,NA,NA,NA,NA,NA,NA,NA,NA,NA,NA,NA,NA,NA,NA,NA,NA,NA,NA,NA,NA,NA,NA,NA,NA,NA,NA,NA,NA,NA,NA,NA,NA,NA,NA,NA,NA,NA,NA,NA,NA,NA,NA,NA,FALSE
NA,Tetrosomus concatenatus,NA,NA,NA,NA,NA,NA,NA,NA,NA,NA,NA,NA,NA,NA,NA,NA,NA,NA,NA,NA,NA,NA,NA,NA,NA,NA,NA,NA,NA,NA,NA,NA,NA,NA,NA,NA,NA,NA,NA,NA,NA,NA,NA,NA,NA,NA,NA,NA,NA,NA,NA,NA,NA,NA,NA,NA,NA,NA,NA,NA,NA,NA,NA,NA,NA,NA,NA,NA,NA,NA,NA,NA,NA,NA,NA,NA,NA,NA,NA,NA,NA,NA,NA,NA,NA,NA,NA,NA,NA,NA,NA,NA,NA,NA,NA,NA,NA,NA,NA,NA,FALSE
NA,Tetrosomus gibbosus,NA,NA,NA,NA,NA,NA,NA,NA,NA,NA,NA,NA,NA,NA,NA,NA,NA,NA,NA,NA,NA,NA,NA,NA,NA,NA,NA,NA,NA,NA,NA,NA,NA,NA,NA,NA,NA,NA,NA,NA,NA,NA,NA,NA,NA,NA,NA,NA,NA,NA,NA,NA,NA,NA,NA,NA,NA,NA,NA,NA,NA,NA,NA,NA,NA,NA,NA,NA,NA,NA,NA,NA,NA,NA,NA,NA,NA,NA,NA,NA,NA,NA,NA,NA,NA,NA,NA,NA,NA,NA,NA,NA,NA,NA,NA,NA,NA,NA,NA,NA,FALSE
NA,Mola mola,NA,NA,NA,NA,NA,NA,NA,NA,NA,NA,NA,NA,NA,NA,NA,NA,NA,NA,NA,NA,NA,NA,NA,NA,NA,NA,NA,NA,NA,NA,NA,NA,NA,NA,NA,NA,NA,NA,NA,NA,NA,NA,NA,NA,NA,NA,NA,NA,NA,NA,NA,NA,NA,NA,NA,NA,NA,NA,NA,NA,NA,NA,NA,NA,NA,NA,NA,NA,NA,NA,NA,NA,NA,NA,NA,NA,NA,NA,NA,NA,NA,NA,NA,NA,NA,NA,NA,NA,NA,NA,NA,NA,NA,NA,NA,NA,NA,NA,NA,NA,FALSE
NA,Takifugu flavidus,NA,NA,NA,NA,NA,NA,NA,NA,NA,NA,NA,NA,NA,NA,NA,NA,NA,NA,NA,NA,NA,NA,NA,NA,NA,NA,NA,NA,NA,NA,NA,NA,NA,NA,NA,NA,NA,NA,NA,NA,NA,NA,NA,NA,NA,NA,NA,NA,NA,NA,NA,NA,NA,NA,NA,NA,NA,NA,NA,NA,NA,NA,NA,NA,NA,NA,NA,NA,NA,NA,NA,NA,NA,NA,NA,NA,NA,NA,NA,NA,NA,NA,NA,NA,NA,NA,NA,NA,NA,NA,NA,NA,NA,NA,NA,NA,NA,NA,NA,NA,FALSE
NA,Takifugu rubripes,NA,NA,NA,NA,NA,NA,NA,NA,NA,NA,NA,NA,NA,NA,NA,NA,NA,NA,NA,NA,NA,NA,NA,NA,NA,NA,NA,NA,NA,NA,NA,NA,NA,NA,NA,NA,NA,NA,NA,NA,NA,NA,NA,NA,NA,NA,NA,NA,NA,NA,NA,NA,NA,NA,NA,NA,NA,NA,NA,NA,NA,NA,NA,NA,NA,NA,NA,NA,NA,NA,NA,NA,NA,NA,NA,NA,NA,NA,NA,NA,NA,NA,NA,NA,NA,NA,NA,NA,NA,NA,NA,NA,NA,NA,NA,NA,NA,NA,NA,NA,FALSE
NA,Tetraodon nigroviridis,NA,NA,NA,NA,NA,NA,NA,NA,NA,NA,NA,NA,NA,NA,NA,NA,NA,NA,NA,NA,NA,NA,NA,NA,NA,NA,NA,NA,NA,NA,NA,NA,NA,NA,NA,NA,NA,NA,NA,NA,NA,NA,NA,NA,NA,NA,NA,NA,NA,NA,NA,NA,NA,NA,NA,NA,NA,NA,NA,NA,NA,NA,NA,NA,NA,NA,NA,NA,NA,NA,NA,NA,NA,NA,NA,NA,NA,NA,NA,NA,NA,NA,NA,NA,NA,NA,NA,NA,NA,NA,NA,NA,NA,NA,NA,NA,NA,NA,NA,NA,FALSE
5425,Arothron hispidus,Arothron,1602,"(Linnaeus, 1758)",White-spotted puffer,Arhis_ub.jpg,NA,NA,NA,448,Tetraodontinae,2774,NA,short and / or deep,O,NA,NA,0,0,-1,-1,reef-associated,NA,NA,non-migratory,NA,1,50,90102,NA,NA,NA,NA,NA,NA,NA,34.01,50,TL,NA,NA,30874,NA,NA,NA,NA,NA,2010,NA,40637,ARHIS_U2,NA,NA,NA,NA,minor commercial,very high,Very questionable: based on ex-vessel price for species in this family,NA,NA,NA,NA,NA,0,0,0,0,0,0,0,0,0,0,never/rarely,NA,NA,never/rarely,NA,commercial,based mainly on capture,5358,0,NA,poisonous to eat,4690,no special ability,NA,NA,-1,"Inhabit outer reef slopes to depths of at least 50 m, inner reef flats and lagoons.  Juveniles common in weedy areas of estuaries (Ref. 4919).  Also found in coastal bays and estuaries, usually near rocky reef or on sand-stretches between reefs with low algae-rubble reef to about 20 meters depth, or in shallow with sparse seagrass growth (Ref. 48637).  Benthopelagic (Ref. 58302).  Usually solitary and territorial on sandy to rubble areas.  Feed on fleshy, calcareous, or coralline algae, detritus, mollusks, tunicates, sponges, corals, zoanthid anemones, crabs, tube worms and echinoderms (Ref. 1602).",NA,0.5,0,1,1992-04-27T00:00:00Z,303,2013-07-15T00:00:00Z,113,1995-07-20T00:00:00Z,NA,"Solitary and slow moving. The species occurs in a wide range of habitats from estuaries and inner reef flats and lagoons to a depth of at least 50 m on outer reef slopes. It tends to be more common in sandy to rubble areas than in coral-rich areas. It feeds both during night and day on a wide range of marine organisms, including some algae (Ref. 11889). Omnivore (Ref. 57615).",FALSE
6401,Arothron meleagris,Arothron,1602,"(Anonymous, 1798)",Guineafowl puffer,Armel_u9.jpg,NA,NA,NA,448,Tetraodontinae,2774,NA,short and / or deep,O,NA,NA,0,0,0,-1,reef-associated,NA,NA,NA,NA,1,73,89467,NA,NA,NA,NA,NA,NA,NA,34.01,50,TL,NA,NA,9710,NA,NA,NA,NA,NA,NA,NA,NA,ARMEL_U1,NA,NA,NA,NA,NA,very high,Very questionable: based on ex-vessel price for species in this family,NA,NA,NA,NA,NA,0,0,0,0,0,0,0,0,0,0,never/rarely,NA,NA,never/rarely,NA,commercial,based mainly on capture,5358,0,NA,poisonous to eat,4690,no special ability,NA,NA,-1,"Occurs in coral-rich areas of clear lagoon and seaward reefs, Ref. 48637.  Prefers oceanic localities (Ref. 48637). Solitary (Ref. 90102). Benthopelagic (Ref. 58302).  Feeds mainly on tips of branching corals and to a lesser extent on sponges, mollusks, bryozoans, tunicates, forams, algae, and detritus.",NA,0.5,0,10,1992-09-14T00:00:00Z,303,2014-10-20T00:00:00Z,113,1995-07-20T00:00:00Z,NA,"Occurs in coral-rich areas of clear lagoon and seaward reefs.  Feeds mainly on tips of branching corals and to a lesser extent on sponges, molluscs, bryozoans, tunicates, forams, algae, and detritus. Omnivore (Ref. 57615).",FALSE
6400,Arothron nigropunctatus,Arothron,2334,"(Bloch & Schneider, 1801)",Blackspotted puffer,Arnig_uf.jpg,NA,NA,NA,448,Tetraodontinae,2774,NA,short and / or deep,O,NA,NA,0,0,0,-1,reef-associated,NA,NA,NA,NA,3,25,30874,NA,NA,NA,NA,NA,NA,NA,25.85,33,TL,NA,NA,9710,NA,NA,NA,NA,NA,NA,NA,NA,ARNIG_U1,NA,NA,NA,NA,NA,very high,Very questionable: based on ex-vessel price for species in this family,NA,NA,NA,NA,NA,0,0,0,0,0,0,0,0,0,0,NA,NA,NA,NA,NA,public aquariums,based mainly on capture,9183,0,NA,poisonous to eat,4690,no special ability,NA,NA,-1,"Inhabit coastal to outer reef crest and slopes with rich invertebrate growth. Sometimes solitary (Ref. 90102). Adults often in pairs (Ref. 48637).  Feed on corals (usually <i>Acropora tips</i>), crustaceans, mollusks,  sponges, tunicates and algae (Ref. 2334).  Generally common (Ref. 9710).",NA,0.5,0,10,1992-09-14T00:00:00Z,303,2013-07-15T00:00:00Z,97,1995-08-29T00:00:00Z,NA,"Inhabits coastal to outer reef crest and slopes with rich invertebrate growth.  Adults often in pairs (Ref. 48637).  Feeds on corals (usually <i>Acropora</i> tips), crustaceans, mollusks,  sponges, tunicates and algae (Ref. 2334, 54301).  Generally common (Ref. 9710).",FALSE
6594,Arothron reticularis,Arothron,559,"(Bloch & Schneider, 1801)",Reticulated pufferfish,Arret_u3.jpg,NA,NA,NA,448,Tetraodontinae,2774,NA,short and / or deep,O,NA,NA,0,0,-1,-1,reef-associated,NA,NA,NA,NA,1,25,9407,NA,NA,NA,NA,NA,NA,NA,41.73,45,SL,NA,NA,48637,NA,NA,NA,NA,NA,NA,NA,NA,ARRET_U0,NA,NA,NA,4833,of no interest,NA,NA,NA,NA,NA,NA,NA,0,0,0,0,0,0,0,0,0,0,never/rarely,NA,NA,never/rarely,NA,NA,NA,NA,0,NA,harmless,NA,no special ability,NA,NA,-1,"Occurs in shallow water reefs near sand or seaweed areas.  Also found in estuaries and protected muddy bays; juveniles in mangroves and entering the lower reaches of streams (Ref. 9407, 48637). Solitary (Ref. 90102). Adults at moderate depths, often laying on the mud during the day (Ref. 48637).",NA,0.5,0,14,1992-11-24T00:00:00Z,97,2018-04-05T00:00:00Z,NA,NA,NA,"Occurs in shallow water reefs near sand or seaweed areas.  Also found in estuaries and protected muddy bays; juveniles in mangroves and entering the lower reaches of streams (Ref. 9407, 48637).",FALSE
6526,Arothron stellatus,Arothron,559,"(Anonymous, 1798)",Stellate puffer,Arste_u4.jpg,NA,NA,Arste_j2.jpg,448,Tetraodontinae,2774,NA,short and / or deep,O,NA,NA,0,0,-1,-1,reef-associated,NA,NA,NA,NA,3,58,1602,NA,NA,NA,NA,NA,NA,NA,61.07,120,TL,NA,NA,9710,54,TL,NA,NA,5450,NA,NA,NA,ARSTE_U0,NA,NA,NA,9700,of no interest,NA,NA,NA,NA,NA,NA,NA,0,0,0,0,0,-1,0,0,0,0,never/rarely,NA,NA,never/rarely,NA,NA,NA,NA,0,NA,poisonous to eat,559,no special ability,NA,NA,-1,"Relatively uncommon in patch reefs and coral slopes near sandy areas of clear lagoon and seaward reefs.  Juveniles occur in sandy and weedy inner reefs, adults on clear lagoons and seaward reefs (Ref. 9710).  Juveniles inshore, usually on muddy substrates and often estuarine.  Adults on deep slopes and range to outer reefs, sometimes swimming high above the substrate or just below the surface.  Pelagic larvae may disperse over great distance and juveniles occur in subtropical zone (Ref. 48637).  Enter estuaries (Ref. 4833).  Considered as the giant among puffers reaching a total length well in excess of a meter.",NA,0.5,0,14,1992-11-12T00:00:00Z,2291,2014-10-20T00:00:00Z,NA,NA,NA,"Relatively uncommon in patch reefs and coral slopes near sandy areas of clear lagoon and seaward reefs.  Juveniles occur in sandy and weedy inner reefs, adults on clear lagoons and seaward reefs (Ref. 9710).  Enter estuaries (Ref. 4833).",FALSE
25172,Auriglobus nefastus,Auriglobus,7050,"(Roberts, 1982)",Greenbottle pufferfish,Aunef_u0.jpg,NA,NA,NA,448,Tetraodontinae,4162,NA,short and / or deep,O,NA,NA,0,-1,0,0,demersal,NA,NA,NA,NA,NA,NA,NA,NA,NA,NA,NA,NA,NA,NA,13.79,13,SL,NA,NA,30857,NA,NA,NA,NA,NA,NA,NA,NA,CHNEF_U0,NA,NA,NA,NA,NA,very high,Very questionable: based on ex-vessel price for species in this family,NA,NA,NA,NA,NA,-1,0,0,-1,0,0,0,0,0,-1,never/rarely,NA,NA,never/rarely,NA,never/rarely,NA,12693,0,NA,harmless,NA,no special ability,NA,NA,-1,Occurs in flowing waters of rivers and streams.  May also be found in flooded forests and plains during the river's high water levels.  Feeds on fish scales and fins.  Seen in markets as part of mixed catches.,NA,0.5311999917030334,0,97,1996-09-03T00:00:00Z,303,2013-07-15T00:00:00Z,NA,NA,NA,NA,FALSE
65366,Canthigaster axiologus,Canthigaster,83660,"Whitley, 1931",Pacific crown toby,Caaxi_u1.jpg,NA,NA,NA,448,Canthigasterinae,1159,NA,short and / or deep,O,NA,NA,0,0,0,-1,reef-associated,NA,NA,NA,NA,10,80,90102,NA,NA,NA,NA,NA,NA,NA,11.03,10.100000381469727,SL,NA,NA,83660,NA,NA,NA,NA,NA,NA,NA,NA,NA,NA,NA,NA,NA,NA,NA,NA,NA,NA,NA,NA,NA,0,0,0,0,0,0,0,0,0,0,never/rarely,NA,NA,never/rarely,NA,never/rarely,NA,NA,0,NA,harmless,NA,no special ability,NA,NA,-1,"Occurs in sheltered habitat, often on open sand and rubble bottom near reefs; but appears to be far less common than <i>C. coronata</i> (Ref. 83660). Solitary (Ref. 90102).",NA,0.5,0,14,2010-03-04T00:00:00Z,303,2013-07-19T00:00:00Z,NA,NA,NA,NA,FALSE
6541,Canthigaster bennetti,Canthigaster,1602,"(Bleeker, 1854)",Bennett's sharpnose puffer,Caben_u1.jpg,NA,NA,NA,448,Canthigasterinae,1159,NA,short and / or deep,O,NA,NA,0,0,0,-1,reef-associated,NA,NA,NA,NA,1,15,90102,NA,NA,NA,NA,NA,NA,NA,10,10,TL,NA,NA,4919,NA,NA,NA,NA,NA,NA,NA,NA,CABEN_U0,NA,NA,NA,NA,NA,very high,Very questionable: based on ex-vessel price for species in this family,NA,NA,NA,NA,NA,0,0,0,0,0,0,0,0,0,0,never/rarely,NA,NA,never/rarely,NA,never/rarely,NA,NA,0,NA,harmless,NA,no special ability,NA,NA,-1,"Inhabits inner reef flats and sheltered lagoons.  A common inshore species, often on algal or silty reefs and among attached <i>Sargassum</i> on shallow rubble flats (Ref. 48637). Solitary or in groups (Ref. 90102). Feeds mainly on filamentous green algae and to a lesser extent on fleshy and coralline red algae and on benthic invertebrates.  Monogamous (Ref. 52884).",NA,0.5,0,14,1992-11-17T00:00:00Z,303,2013-07-15T00:00:00Z,NA,NA,NA,NA,FALSE
7845,Canthigaster coronata,Canthigaster,83660,"(Vaillant & Sauvage, 1875)",Crowned puffer,Cacor_ua.jpg,NA,NA,NA,448,Canthigasterinae,1159,NA,short and / or deep,O,NA,NA,0,0,0,-1,reef-associated,NA,NA,NA,NA,6,165,83660,NA,NA,NA,NA,NA,NA,NA,12.01,11,SL,NA,NA,83660,NA,NA,NA,NA,NA,NA,NA,NA,CACOR_U3,NA,NA,NA,NA,NA,very high,Very questionable: based on ex-vessel price for species in this family,NA,NA,NA,NA,NA,0,0,0,0,0,0,0,0,0,0,never/rarely,NA,NA,never/rarely,NA,commercial,based mainly on capture,5358,0,NA,other,NA,no special ability,NA,NA,-1,"Found mostly below depths of 23 m, but occasionally seen in as little as 6 m (Ref. 3921).  Benthopelagic (Ref. 58302).  Usually found on sand or sand and rubble bottom or algal flats, often in the vicinity of coral reefs (Ref. 83660).  Feed on a wide variety of benthic organisms:  gastropods, sponges, algae, bivalves, polychaetes, tunicates, crabs, sea urchins, heart urchins, brittle stars, bryozoans, peanut worms, various small crustaceans and foraminiferans (Ref. 3921).",NA,0.5,0,10,1993-04-15T00:00:00Z,303,2013-07-15T00:00:00Z,21,1994-03-04T00:00:00Z,NA,"Found mostly below depths of 23 m, but occasionally seen in as little as 6 m. Feeds on a wide variety of benthic organisms: gastropods, sponges, algae, bivalves, polychaetes, tunicates, crabs, sea urchins, heart urchins, brittle stars, bryozoans, peanut worms, various small crustaceans and foraminiferans.",FALSE
67437,Canthigaster criobe,Canthigaster,95278,"Williams, Delrieu-Trottin & Planes, 2012",Striped toby,Cacri_u0.jpg,NA,NA,NA,448,Canthigasterinae,1159,NA,other (see remarks),O,NA,NA,NA,0,0,-1,reef-associated,NA,NA,NA,NA,15,20,95278,NA,NA,NA,NA,NA,NA,NA,10,3.869999885559082,SL,NA,NA,95278,NA,NA,NA,NA,NA,NA,NA,NA,NA,NA,NA,NA,NA,NA,NA,NA,NA,NA,NA,NA,NA,0,0,0,0,0,0,0,0,0,0,never/rarely,NA,NA,never/rarely,NA,never/rarely,NA,NA,0,NA,harmless,NA,no special ability,NA,NA,-1,NA,NA,0.5,0,14,2014-07-30T00:00:00Z,NA,2014-07-30T00:00:00Z,NA,NA,NA,NA,FALSE
65363,Canthigaster cyanospilota,Canthigaster,83660,"Randall, Williams & Rocha, 2008",Blue-spotted toby,Cacor_u3.jpg,NA,NA,NA,448,Canthigasterinae,1159,NA,short and / or deep,O,NA,NA,0,0,0,-1,demersal,NA,NA,NA,NA,10,80,90102,NA,NA,NA,NA,NA,NA,NA,11.53,10.399999618530273,SL,NA,NA,83660,NA,NA,NA,NA,NA,NA,NA,NA,NA,NA,NA,NA,NA,NA,NA,NA,NA,NA,NA,NA,NA,0,0,0,0,0,0,0,0,0,0,never/rarely,NA,NA,never/rarely,NA,never/rarely,NA,NA,0,NA,harmless,NA,no special ability,NA,NA,-1,Inhabits seaward reefs on sand-rubble bottoms in 10-80 m. Solitary (Ref. 90102).,NA,0.5,0,14,2010-03-03T00:00:00Z,303,2013-07-19T00:00:00Z,NA,NA,NA,NA,FALSE
7844,Canthigaster jactator,Canthigaster,3921,"(Jenkins, 1901)",Hawaiian whitespotted toby,Cajac_u4.jpg,NA,NA,NA,448,Canthigasterinae,1159,NA,fusiform / normal,O,NA,NA,0,0,0,-1,reef-associated,NA,NA,NA,NA,1,30,9710,NA,NA,NA,NA,NA,NA,NA,10,9,TL,NA,NA,9710,NA,NA,NA,NA,NA,NA,NA,NA,CAJAC_U2,NA,NA,NA,NA,NA,very high,Very questionable: based on ex-vessel price for species in this family,NA,NA,NA,NA,NA,0,0,0,0,0,0,0,0,0,0,never/rarely,NA,NA,never/rarely,NA,commercial,based mainly on capture,5358,0,NA,harmless,NA,no special ability,NA,NA,-1,"Commonly found on lagoon and seaward reefs (Ref. 9710).  Benthopelagic over coral, rock, rubble, and sand at 1-89 m (Ref. 58302).  Feeds on sponges, algae, detritus, tunicates, polychaetes, bryozoans, sea urchins, brittle stars, crabs, peanut worms, shrimps, zoanthids, fishes, amphipods and foraminiferans (Ref. 3921).",NA,0.5,0,10,1993-04-15T00:00:00Z,65,2013-07-18T00:00:00Z,NA,NA,NA,NA,FALSE
55005,Canthigaster marquesensis,Canthigaster,33021,"Allen & Randall, 1977",NA,Camar_ub.jpg,NA,NA,NA,448,Canthigasterinae,1159,NA,short and / or deep,O,NA,NA,0,0,0,-1,reef-associated,NA,NA,NA,NA,15,42,89972,NA,NA,NA,NA,NA,NA,NA,10,7.099999904632568,SL,NA,NA,28618,NA,NA,NA,NA,NA,NA,NA,NA,NA,NA,NA,NA,NA,NA,very high,Very questionable: based on ex-vessel price for species in this family,NA,NA,NA,NA,NA,0,0,0,0,0,0,0,0,0,0,never/rarely,NA,NA,never/rarely,NA,never/rarely,NA,NA,0,NA,harmless,NA,no special ability,NA,NA,-1,Feeds on filamentous algae and small invertebrates (Ref. 89972).,NA,0.5,0,97,2000-02-04T00:00:00Z,2291,2014-10-20T00:00:00Z,NA,NA,NA,NA,FALSE
14159,Canthigaster punctatissima,Canthigaster,9349,"(Günther, 1870)",Spotted sharpnosed puffer,Capun_u0.jpg,NA,NA,NA,448,Canthigasterinae,1159,NA,fusiform / normal,R,NA,NA,0,0,0,-1,reef-associated,NA,NA,NA,NA,3,21,5227,NA,NA,NA,NA,NA,NA,NA,10,9,TL,NA,NA,9349,NA,NA,NA,NA,NA,NA,NA,NA,CAPUN_U0,NA,NA,NA,NA,NA,very high,Very questionable: based on ex-vessel price for species in this family,NA,NA,NA,NA,NA,0,0,0,0,0,0,0,0,0,0,never/rarely,NA,NA,never/rarely,NA,never/rarely,NA,NA,0,NA,harmless,NA,no special ability,NA,NA,-1,"Hides in shaded, protected recesses in rocky reefs, boulder strewn slopes and along walls (Ref. 5227). Monogamous (Ref. 52884).",NA,0.5,0,113,1995-07-20T00:00:00Z,65,2013-07-18T00:00:00Z,NA,NA,NA,"Hides in shaded, protected recesses in rocky reefs, boulder strewn slopes and along walls (Ref. 5227).   Omnivore (Ref. 57615).",FALSE
55008,Canthigaster rapaensis,Canthigaster,33021,"Allen & Randall, 1977",NA,Carap_u4.jpg,NA,NA,NA,448,Canthigasterinae,1159,NA,short and / or deep,O,NA,NA,0,0,0,-1,reef-associated,NA,NA,non-migratory,NA,NA,NA,NA,NA,NA,NA,NA,NA,NA,NA,10,7.800000190734863,SL,NA,NA,28618,NA,NA,NA,NA,NA,NA,NA,NA,NA,NA,NA,NA,NA,NA,very high,Very questionable: based on ex-vessel price for species in this family,NA,NA,NA,NA,NA,0,0,0,0,0,0,0,0,0,0,never/rarely,NA,NA,never/rarely,NA,never/rarely,NA,NA,0,NA,harmless,NA,no special ability,NA,NA,-1,NA,NA,0.5,0,97,2000-02-04T00:00:00Z,303,2013-07-15T00:00:00Z,NA,NA,NA,NA,FALSE
4291,Canthigaster rostrata,Canthigaster,43205,"(Bloch, 1786)",Caribbean sharpnose-puffer,Caros_u3.jpg,NA,NA,NA,448,Canthigasterinae,1159,NA,short and / or deep,r,NA,NA,0,0,0,-1,reef-associated,NA,NA,NA,NA,1,40,43205,NA,NA,NA,NA,NA,NA,NA,11.03,12,TL,NA,NA,26340,NA,NA,NA,NA,NA,NA,NA,NA,NA,NA,NA,NA,NA,NA,very high,Very questionable: based on ex-vessel price for species in this family,NA,NA,NA,NA,NA,0,0,0,0,0,0,0,0,0,0,never/rarely,NA,NA,never/rarely,NA,commercial,based mainly on capture,12090,0,NA,harmless,NA,no special ability,NA,NA,-1,"Inhabits reefs and marginal habitats such as seagrass beds (Ref. 43205).  Diet consists of seagrass, sponges, crabs and other crustaceans, mollusks, polychaete worms, sea urchins, starfishes, hydroids and algae (Ref. 13442).  Monogamous (Ref. 52884).",NA,0.5,0,1,1991-05-02T00:00:00Z,303,2013-07-15T00:00:00Z,10,1994-09-01T00:00:00Z,NA,"Inhabits reefs and marginal habitats such as seagrass beds (Ref. 43205).  Diet consists of seagrass, sponges, crabs and other crustaceans, mollusks, polychaete worms, sea urchins, starfishes, hydroids and algae (Ref. 13442).  Omnivore (Ref. 57616).",FALSE
6578,Canthigaster solandri,Canthigaster,1602,"(Richardson, 1845)",Spotted sharpnose,Casol_u0.jpg,NA,NA,NA,448,Canthigasterinae,1159,NA,short and / or deep,O,NA,NA,0,0,0,-1,reef-associated,NA,NA,NA,NA,10,36,1602,NA,NA,NA,NA,NA,NA,NA,10.53,11.5,TL,NA,NA,11441,NA,NA,NA,NA,NA,NA,NA,NA,CASOL_U0,NA,NA,NA,NA,NA,very high,Very questionable: based on ex-vessel price for species in this family,NA,NA,NA,NA,NA,0,0,0,0,0,0,0,0,0,0,never/rarely,NA,NA,never/rarely,NA,commercial,based mainly on capture,4907,0,NA,harmless,NA,no special ability,NA,NA,-1,"Inhabit sheltered rocky reefs (Ref. 48637).  Also live in intertidal reef flats, lagoon and seaward reefs.  Occur over open barren areas, also among corals and under ledges (Ref. 9710).  Benthopelagic (Ref. 58302).  Often found in pairs, sometimes in small groups.  Feed mainly on filamentous red and green algae and coralline red algae but also on corals, tunicates, mollusks, echinoderms, polychaetes, crustaceans and bryozoans.  Common (Ref. 9710).  Monogamous (Ref. 52884).",NA,0.5,0,14,1992-11-19T00:00:00Z,303,2013-07-15T00:00:00Z,21,1994-03-04T00:00:00Z,NA,NA,FALSE
6544,Canthigaster valentini,Canthigaster,1602,"(Bleeker, 1853)",Valentin's sharpnose puffer,Caval_u2.jpg,NA,NA,NA,448,Canthigasterinae,1159,NA,short and / or deep,O,NA,NA,0,0,0,-1,reef-associated,NA,NA,NA,NA,1,55,1602,NA,NA,NA,NA,NA,NA,NA,10,11,TL,NA,NA,4919,NA,NA,NA,NA,NA,NA,NA,NA,CAVAL_U2,NA,NA,NA,NA,NA,very high,Very questionable: based on ex-vessel price for species in this family,NA,NA,NA,NA,NA,0,0,0,0,0,0,0,0,0,0,never/rarely,NA,NA,never/rarely,NA,commercial,based mainly on capture,4907,0,NA,poisonous to eat,4919,no special ability,NA,NA,-1,"Found among coral heads and rocks of subtidal lagoon and seaward reefs (Ref. 4919, 5503).  Common on coastal reefs at various depths.  Mimic filefish, males are territorial and are often seen fighting (Ref. 48637).  Feed mainly on filamentous green and red algae, tunicates, and on smaller amounts of corals, bryozoans, polychaetes, echinoderms, mollusks, and brown and coralline red algae.  Form shoals (10-100 or more) often with the filefish, <i>Paraluteres prionurus</i> (about 5% of shoal) mimicking <i>C. valentini</i> to protect it from predators (Ref. 4919, 5503).  Territorial and haremic; males spawn with a different female each day (Ref. 9710).  One or more territories are occupied and defended each by a female where a single large male stands guard (Ref. 55082).  All sexually mature females are territorial females (Ref. 55082).  Demersal spawner (Ref. 35298).",NA,0.5,0,14,1992-11-17T00:00:00Z,303,2013-07-15T00:00:00Z,21,1994-03-04T00:00:00Z,NA,"Found among coral heads and rocks of subtidal lagoon and seaward reefs (Ref. 4919, 5503).  Common on coastal reefs at various depths.  Mimic filefish, males are territorial and are often seen fighting (Ref. 48637).  Feeds mainly on filamentous green and red algae, tunicates, and on smaller amounts of corals, bryozoans, polychaetes, echinoderms, mollusks, and brown and coralline red algae.  Forms shoals (10-100 or more) often with the filefish, <i>Paraluteres prionurus</i> (about 5% of shoal) mimicking <i>C. valentini</i> to protect it from predators (Ref. 4919, 5503).  Territorial and haremic; males spawn with a different female each day (Ref. 9710).  One or more territories are occupied and defended each by a female where a single large male stands guard (Ref. 55082).",FALSE
27253,Carinotetraodon salivator,Carinotetraodon,13214,"Lim & Kottelat, 1995",NA,Casal_u0.jpg,NA,NA,NA,448,Tetraodontinae,4347,NA,short and / or deep,O,NA,NA,0,-1,0,0,benthopelagic,NA,NA,NA,NA,1,2,13214,NA,NA,NA,NA,NA,NA,NA,10,4,SL,NA,NA,13214,NA,NA,NA,NA,NA,NA,NA,NA,NA,NA,NA,NA,NA,NA,very high,Very questionable: based on ex-vessel price for species in this family,NA,NA,NA,NA,NA,0,0,0,0,0,0,0,0,0,0,never/rarely,NA,NA,never/rarely,NA,never/rarely,NA,NA,0,NA,harmless,NA,no special ability,NA,NA,-1,"Found in a large stream with soft and silty bottoms in some parts, sandy in others, with leaf litter and submerged logs.  Occurs in relatively fast flowing waters.",NA,0.5156000256538391,0,10,1997-07-12T00:00:00Z,303,2013-07-15T00:00:00Z,NA,NA,NA,NA,FALSE
6610,Chelonodon patoca,Chelonodon,7050,"(Hamilton, 1822)",Milkspotted puffer,Chpat_u6.jpg,NA,NA,NA,448,Tetraodontinae,1320,NA,short and / or deep,O,NA,NA,0,-1,-1,-1,reef-associated,NA,NA,anadromous,51243,4,60,86942,NA,NA,NA,NA,NA,NA,NA,37.84,38,SL,NA,NA,48637,NA,NA,NA,NA,NA,NA,NA,NA,CHPAT_U0,NA,NA,NA,12484,minor commercial,very high,Very questionable: based on ex-vessel price for species in this family,NA,NA,NA,NA,NA,0,0,0,0,0,0,0,0,0,0,never/rarely,NA,NA,never/rarely,NA,NA,NA,NA,0,NA,poisonous to eat,12484,no special ability,NA,NA,-1,"Inhabits coastal waters and enters the lower reaches of rivers and lagoons (Ref. 4833).  Occurs on sand and mudflats, usually in estuaries (Ref. 48637).  Usually found around the mouths of rivers or in brackish mangrove estuaries and sometimes penetrates fresh water, but is never found more than a few km from the sea (Ref. 2847, 44894).  Often in schools and sometimes swims up freshwater streams (Ref. 48637).  Considered a delicacy in Japan (Ref. 12484).",NA,0.5625,0,3,1992-11-25T00:00:00Z,97,2018-04-05T00:00:00Z,97,1996-09-02T00:00:00Z,NA,"Inhabits coastal waters and enters the lower reaches of rivers and lagoons (Ref. 4833).  Occurs on sand and mudflats, usually in estuaries (Ref. 48637).  Usually found around the mouths of rivers or in brackish mangrove estuaries and sometimes penetrates fresh water, but is never found more than a few km from the sea (Ref. 2847, 44894).  Also Ref. 58652.  Associated with seagrass (Ref. 118046).",FALSE
25182,Chonerhinos naritus,Chonerhinos,7050,"(Richardson, 1848)",NA,Xenar_u0.jpg,NA,NA,NA,448,Tetraodontinae,556,NA,short and / or deep,O,NA,NA,0,-1,0,0,demersal,NA,NA,amphidromous,51243,NA,NA,NA,NA,NA,NA,NA,NA,NA,NA,24.25,28.5,TL,NA,NA,7050,NA,NA,NA,NA,NA,NA,NA,NA,NA,NA,NA,NA,4833,of no interest,NA,NA,NA,NA,NA,NA,NA,0,0,0,0,0,0,0,0,0,0,never/rarely,NA,NA,never/rarely,NA,never/rarely,NA,NA,0,NA,harmless,NA,no special ability,NA,NA,-1,Found in rivers (Ref. 4833).,NA,1,0,97,1996-09-03T00:00:00Z,303,2013-07-15T00:00:00Z,10,1996-09-20T00:00:00Z,NA,NA,FALSE
51376,Colomesus asellus,Colomesus,6329,"(Müller & Troschel, 1849)",Amazon puffer,Coase_u1.jpg,NA,NA,NA,448,Tetraodontinae,4693,NA,short and / or deep,O,NA,NA,0,-1,0,0,demersal,NA,NA,NA,NA,NA,NA,NA,NA,NA,NA,NA,NA,NA,NA,13.79,12.800000190734863,SL,NA,NA,79673,NA,NA,NA,NA,NA,NA,NA,NA,NA,NA,NA,NA,NA,NA,very high,Very questionable: based on ex-vessel price for species in this family,NA,NA,NA,NA,NA,0,0,0,0,0,0,0,0,0,0,never/rarely,NA,NA,never/rarely,NA,commercial,NA,NA,0,NA,harmless,NA,no special ability,NA,NA,-1,"Found mostly in freshwater and coastal streams, but can tolerate brackish water.  Sometimes kept in aquariums (Ref. 26938).",NA,0.75,0,10,1999-02-10T00:00:00Z,303,2013-07-15T00:00:00Z,NA,NA,NA,NA,FALSE
11214,Feroxodon multistriatus,Feroxodon,6771,"(Richardson, 1854)",Manystriped blowfish,Femul_u1.jpg,NA,NA,NA,448,Tetraodontinae,3515,NA,short and / or deep,O,NA,NA,0,0,0,-1,reef-associated,NA,NA,NA,NA,NA,NA,NA,NA,NA,NA,NA,NA,NA,NA,29.33,39,TL,NA,NA,9710,NA,NA,NA,NA,NA,NA,NA,NA,FEMUL_U1,NA,NA,NA,9700,NA,very high,Very questionable: based on ex-vessel price for species in this family,NA,NA,NA,NA,NA,0,0,0,0,0,-1,0,0,0,0,never/rarely,NA,NA,never/rarely,NA,NA,NA,NA,0,NA,venomous,NA,no special ability,NA,NA,-1,Inhabits shallow inshore waters and offshore soft bottoms (Ref. 9710).  Feeds on fishes and invertebrates (Ref. 9710).  Highly toxic and is responsible for amputation of swimmers toes (Ref. 9710).,NA,1,0,2,1994-06-21T00:00:00Z,303,2013-07-15T00:00:00Z,NA,NA,NA,Inhabits shallow inshore waters and offshore soft bottoms. Feeds on fishes and invertebrates.,FALSE
NA,Lagocephalus cheesemanii,NA,NA,NA,NA,NA,NA,NA,NA,NA,NA,NA,NA,NA,NA,NA,NA,NA,NA,NA,NA,NA,NA,NA,NA,NA,NA,NA,NA,NA,NA,NA,NA,NA,NA,NA,NA,NA,NA,NA,NA,NA,NA,NA,NA,NA,NA,NA,NA,NA,NA,NA,NA,NA,NA,NA,NA,NA,NA,NA,NA,NA,NA,NA,NA,NA,NA,NA,NA,NA,NA,NA,NA,NA,NA,NA,NA,NA,NA,NA,NA,NA,NA,NA,NA,NA,NA,NA,NA,NA,NA,NA,NA,NA,NA,NA,NA,NA,NA,NA,NA,FALSE
NA,Lagocephalus guentheri,NA,NA,NA,NA,NA,NA,NA,NA,NA,NA,NA,NA,NA,NA,NA,NA,NA,NA,NA,NA,NA,NA,NA,NA,NA,NA,NA,NA,NA,NA,NA,NA,NA,NA,NA,NA,NA,NA,NA,NA,NA,NA,NA,NA,NA,NA,NA,NA,NA,NA,NA,NA,NA,NA,NA,NA,NA,NA,NA,NA,NA,NA,NA,NA,NA,NA,NA,NA,NA,NA,NA,NA,NA,NA,NA,NA,NA,NA,NA,NA,NA,NA,NA,NA,NA,NA,NA,NA,NA,NA,NA,NA,NA,NA,NA,NA,NA,NA,NA,NA,FALSE
NA,Lagocephalus laevigatus,NA,NA,NA,NA,NA,NA,NA,NA,NA,NA,NA,NA,NA,NA,NA,NA,NA,NA,NA,NA,NA,NA,NA,NA,NA,NA,NA,NA,NA,NA,NA,NA,NA,NA,NA,NA,NA,NA,NA,NA,NA,NA,NA,NA,NA,NA,NA,NA,NA,NA,NA,NA,NA,NA,NA,NA,NA,NA,NA,NA,NA,NA,NA,NA,NA,NA,NA,NA,NA,NA,NA,NA,NA,NA,NA,NA,NA,NA,NA,NA,NA,NA,NA,NA,NA,NA,NA,NA,NA,NA,NA,NA,NA,NA,NA,NA,NA,NA,NA,NA,FALSE
NA,Lagocephalus sceleratus,NA,NA,NA,NA,NA,NA,NA,NA,NA,NA,NA,NA,NA,NA,NA,NA,NA,NA,NA,NA,NA,NA,NA,NA,NA,NA,NA,NA,NA,NA,NA,NA,NA,NA,NA,NA,NA,NA,NA,NA,NA,NA,NA,NA,NA,NA,NA,NA,NA,NA,NA,NA,NA,NA,NA,NA,NA,NA,NA,NA,NA,NA,NA,NA,NA,NA,NA,NA,NA,NA,NA,NA,NA,NA,NA,NA,NA,NA,NA,NA,NA,NA,NA,NA,NA,NA,NA,NA,NA,NA,NA,NA,NA,NA,NA,NA,NA,NA,NA,NA,FALSE
NA,Marilyna darwinii,NA,NA,NA,NA,NA,NA,NA,NA,NA,NA,NA,NA,NA,NA,NA,NA,NA,NA,NA,NA,NA,NA,NA,NA,NA,NA,NA,NA,NA,NA,NA,NA,NA,NA,NA,NA,NA,NA,NA,NA,NA,NA,NA,NA,NA,NA,NA,NA,NA,NA,NA,NA,NA,NA,NA,NA,NA,NA,NA,NA,NA,NA,NA,NA,NA,NA,NA,NA,NA,NA,NA,NA,NA,NA,NA,NA,NA,NA,NA,NA,NA,NA,NA,NA,NA,NA,NA,NA,NA,NA,NA,NA,NA,NA,NA,NA,NA,NA,NA,NA,FALSE
NA,Monotrete leiurus,NA,NA,NA,NA,NA,NA,NA,NA,NA,NA,NA,NA,NA,NA,NA,NA,NA,NA,NA,NA,NA,NA,NA,NA,NA,NA,NA,NA,NA,NA,NA,NA,NA,NA,NA,NA,NA,NA,NA,NA,NA,NA,NA,NA,NA,NA,NA,NA,NA,NA,NA,NA,NA,NA,NA,NA,NA,NA,NA,NA,NA,NA,NA,NA,NA,NA,NA,NA,NA,NA,NA,NA,NA,NA,NA,NA,NA,NA,NA,NA,NA,NA,NA,NA,NA,NA,NA,NA,NA,NA,NA,NA,NA,NA,NA,NA,NA,NA,NA,NA,FALSE
NA,Sphoeroides annulatus,NA,NA,NA,NA,NA,NA,NA,NA,NA,NA,NA,NA,NA,NA,NA,NA,NA,NA,NA,NA,NA,NA,NA,NA,NA,NA,NA,NA,NA,NA,NA,NA,NA,NA,NA,NA,NA,NA,NA,NA,NA,NA,NA,NA,NA,NA,NA,NA,NA,NA,NA,NA,NA,NA,NA,NA,NA,NA,NA,NA,NA,NA,NA,NA,NA,NA,NA,NA,NA,NA,NA,NA,NA,NA,NA,NA,NA,NA,NA,NA,NA,NA,NA,NA,NA,NA,NA,NA,NA,NA,NA,NA,NA,NA,NA,NA,NA,NA,NA,NA,FALSE
NA,Sphoeroides dorsalis,NA,NA,NA,NA,NA,NA,NA,NA,NA,NA,NA,NA,NA,NA,NA,NA,NA,NA,NA,NA,NA,NA,NA,NA,NA,NA,NA,NA,NA,NA,NA,NA,NA,NA,NA,NA,NA,NA,NA,NA,NA,NA,NA,NA,NA,NA,NA,NA,NA,NA,NA,NA,NA,NA,NA,NA,NA,NA,NA,NA,NA,NA,NA,NA,NA,NA,NA,NA,NA,NA,NA,NA,NA,NA,NA,NA,NA,NA,NA,NA,NA,NA,NA,NA,NA,NA,NA,NA,NA,NA,NA,NA,NA,NA,NA,NA,NA,NA,NA,NA,FALSE
NA,Sphoeroides greeleyi,NA,NA,NA,NA,NA,NA,NA,NA,NA,NA,NA,NA,NA,NA,NA,NA,NA,NA,NA,NA,NA,NA,NA,NA,NA,NA,NA,NA,NA,NA,NA,NA,NA,NA,NA,NA,NA,NA,NA,NA,NA,NA,NA,NA,NA,NA,NA,NA,NA,NA,NA,NA,NA,NA,NA,NA,NA,NA,NA,NA,NA,NA,NA,NA,NA,NA,NA,NA,NA,NA,NA,NA,NA,NA,NA,NA,NA,NA,NA,NA,NA,NA,NA,NA,NA,NA,NA,NA,NA,NA,NA,NA,NA,NA,NA,NA,NA,NA,NA,NA,FALSE
NA,Sphoeroides lobatus,NA,NA,NA,NA,NA,NA,NA,NA,NA,NA,NA,NA,NA,NA,NA,NA,NA,NA,NA,NA,NA,NA,NA,NA,NA,NA,NA,NA,NA,NA,NA,NA,NA,NA,NA,NA,NA,NA,NA,NA,NA,NA,NA,NA,NA,NA,NA,NA,NA,NA,NA,NA,NA,NA,NA,NA,NA,NA,NA,NA,NA,NA,NA,NA,NA,NA,NA,NA,NA,NA,NA,NA,NA,NA,NA,NA,NA,NA,NA,NA,NA,NA,NA,NA,NA,NA,NA,NA,NA,NA,NA,NA,NA,NA,NA,NA,NA,NA,NA,NA,FALSE
NA,Sphoeroides maculatus,NA,NA,NA,NA,NA,NA,NA,NA,NA,NA,NA,NA,NA,NA,NA,NA,NA,NA,NA,NA,NA,NA,NA,NA,NA,NA,NA,NA,NA,NA,NA,NA,NA,NA,NA,NA,NA,NA,NA,NA,NA,NA,NA,NA,NA,NA,NA,NA,NA,NA,NA,NA,NA,NA,NA,NA,NA,NA,NA,NA,NA,NA,NA,NA,NA,NA,NA,NA,NA,NA,NA,NA,NA,NA,NA,NA,NA,NA,NA,NA,NA,NA,NA,NA,NA,NA,NA,NA,NA,NA,NA,NA,NA,NA,NA,NA,NA,NA,NA,NA,FALSE
NA,Sphoeroides marmoratus,NA,NA,NA,NA,NA,NA,NA,NA,NA,NA,NA,NA,NA,NA,NA,NA,NA,NA,NA,NA,NA,NA,NA,NA,NA,NA,NA,NA,NA,NA,NA,NA,NA,NA,NA,NA,NA,NA,NA,NA,NA,NA,NA,NA,NA,NA,NA,NA,NA,NA,NA,NA,NA,NA,NA,NA,NA,NA,NA,NA,NA,NA,NA,NA,NA,NA,NA,NA,NA,NA,NA,NA,NA,NA,NA,NA,NA,NA,NA,NA,NA,NA,NA,NA,NA,NA,NA,NA,NA,NA,NA,NA,NA,NA,NA,NA,NA,NA,NA,NA,FALSE
NA,Sphoeroides nephelus,NA,NA,NA,NA,NA,NA,NA,NA,NA,NA,NA,NA,NA,NA,NA,NA,NA,NA,NA,NA,NA,NA,NA,NA,NA,NA,NA,NA,NA,NA,NA,NA,NA,NA,NA,NA,NA,NA,NA,NA,NA,NA,NA,NA,NA,NA,NA,NA,NA,NA,NA,NA,NA,NA,NA,NA,NA,NA,NA,NA,NA,NA,NA,NA,NA,NA,NA,NA,NA,NA,NA,NA,NA,NA,NA,NA,NA,NA,NA,NA,NA,NA,NA,NA,NA,NA,NA,NA,NA,NA,NA,NA,NA,NA,NA,NA,NA,NA,NA,NA,FALSE
NA,Sphoeroides pachygaster,NA,NA,NA,NA,NA,NA,NA,NA,NA,NA,NA,NA,NA,NA,NA,NA,NA,NA,NA,NA,NA,NA,NA,NA,NA,NA,NA,NA,NA,NA,NA,NA,NA,NA,NA,NA,NA,NA,NA,NA,NA,NA,NA,NA,NA,NA,NA,NA,NA,NA,NA,NA,NA,NA,NA,NA,NA,NA,NA,NA,NA,NA,NA,NA,NA,NA,NA,NA,NA,NA,NA,NA,NA,NA,NA,NA,NA,NA,NA,NA,NA,NA,NA,NA,NA,NA,NA,NA,NA,NA,NA,NA,NA,NA,NA,NA,NA,NA,NA,NA,FALSE
NA,Sphoeroides spengleri,NA,NA,NA,NA,NA,NA,NA,NA,NA,NA,NA,NA,NA,NA,NA,NA,NA,NA,NA,NA,NA,NA,NA,NA,NA,NA,NA,NA,NA,NA,NA,NA,NA,NA,NA,NA,NA,NA,NA,NA,NA,NA,NA,NA,NA,NA,NA,NA,NA,NA,NA,NA,NA,NA,NA,NA,NA,NA,NA,NA,NA,NA,NA,NA,NA,NA,NA,NA,NA,NA,NA,NA,NA,NA,NA,NA,NA,NA,NA,NA,NA,NA,NA,NA,NA,NA,NA,NA,NA,NA,NA,NA,NA,NA,NA,NA,NA,NA,NA,NA,FALSE
NA,Sphoeroides testudineus,NA,NA,NA,NA,NA,NA,NA,NA,NA,NA,NA,NA,NA,NA,NA,NA,NA,NA,NA,NA,NA,NA,NA,NA,NA,NA,NA,NA,NA,NA,NA,NA,NA,NA,NA,NA,NA,NA,NA,NA,NA,NA,NA,NA,NA,NA,NA,NA,NA,NA,NA,NA,NA,NA,NA,NA,NA,NA,NA,NA,NA,NA,NA,NA,NA,NA,NA,NA,NA,NA,NA,NA,NA,NA,NA,NA,NA,NA,NA,NA,NA,NA,NA,NA,NA,NA,NA,NA,NA,NA,NA,NA,NA,NA,NA,NA,NA,NA,NA,NA,FALSE
NA,Takifugu niphobles,NA,NA,NA,NA,NA,NA,NA,NA,NA,NA,NA,NA,NA,NA,NA,NA,NA,NA,NA,NA,NA,NA,NA,NA,NA,NA,NA,NA,NA,NA,NA,NA,NA,NA,NA,NA,NA,NA,NA,NA,NA,NA,NA,NA,NA,NA,NA,NA,NA,NA,NA,NA,NA,NA,NA,NA,NA,NA,NA,NA,NA,NA,NA,NA,NA,NA,NA,NA,NA,NA,NA,NA,NA,NA,NA,NA,NA,NA,NA,NA,NA,NA,NA,NA,NA,NA,NA,NA,NA,NA,NA,NA,NA,NA,NA,NA,NA,NA,NA,NA,FALSE
NA,Takifugu ocellatus,NA,NA,NA,NA,NA,NA,NA,NA,NA,NA,NA,NA,NA,NA,NA,NA,NA,NA,NA,NA,NA,NA,NA,NA,NA,NA,NA,NA,NA,NA,NA,NA,NA,NA,NA,NA,NA,NA,NA,NA,NA,NA,NA,NA,NA,NA,NA,NA,NA,NA,NA,NA,NA,NA,NA,NA,NA,NA,NA,NA,NA,NA,NA,NA,NA,NA,NA,NA,NA,NA,NA,NA,NA,NA,NA,NA,NA,NA,NA,NA,NA,NA,NA,NA,NA,NA,NA,NA,NA,NA,NA,NA,NA,NA,NA,NA,NA,NA,NA,NA,FALSE
NA,Tetraodon biocellatus,NA,NA,NA,NA,NA,NA,NA,NA,NA,NA,NA,NA,NA,NA,NA,NA,NA,NA,NA,NA,NA,NA,NA,NA,NA,NA,NA,NA,NA,NA,NA,NA,NA,NA,NA,NA,NA,NA,NA,NA,NA,NA,NA,NA,NA,NA,NA,NA,NA,NA,NA,NA,NA,NA,NA,NA,NA,NA,NA,NA,NA,NA,NA,NA,NA,NA,NA,NA,NA,NA,NA,NA,NA,NA,NA,NA,NA,NA,NA,NA,NA,NA,NA,NA,NA,NA,NA,NA,NA,NA,NA,NA,NA,NA,NA,NA,NA,NA,NA,NA,FALSE
NA,Tetraodon fluviatilis,NA,NA,NA,NA,NA,NA,NA,NA,NA,NA,NA,NA,NA,NA,NA,NA,NA,NA,NA,NA,NA,NA,NA,NA,NA,NA,NA,NA,NA,NA,NA,NA,NA,NA,NA,NA,NA,NA,NA,NA,NA,NA,NA,NA,NA,NA,NA,NA,NA,NA,NA,NA,NA,NA,NA,NA,NA,NA,NA,NA,NA,NA,NA,NA,NA,NA,NA,NA,NA,NA,NA,NA,NA,NA,NA,NA,NA,NA,NA,NA,NA,NA,NA,NA,NA,NA,NA,NA,NA,NA,NA,NA,NA,NA,NA,NA,NA,NA,NA,NA,FALSE
NA,Tetraodon mbu,NA,NA,NA,NA,NA,NA,NA,NA,NA,NA,NA,NA,NA,NA,NA,NA,NA,NA,NA,NA,NA,NA,NA,NA,NA,NA,NA,NA,NA,NA,NA,NA,NA,NA,NA,NA,NA,NA,NA,NA,NA,NA,NA,NA,NA,NA,NA,NA,NA,NA,NA,NA,NA,NA,NA,NA,NA,NA,NA,NA,NA,NA,NA,NA,NA,NA,NA,NA,NA,NA,NA,NA,NA,NA,NA,NA,NA,NA,NA,NA,NA,NA,NA,NA,NA,NA,NA,NA,NA,NA,NA,NA,NA,NA,NA,NA,NA,NA,NA,NA,FALSE
NA,Torquigener hicksii,NA,NA,NA,NA,NA,NA,NA,NA,NA,NA,NA,NA,NA,NA,NA,NA,NA,NA,NA,NA,NA,NA,NA,NA,NA,NA,NA,NA,NA,NA,NA,NA,NA,NA,NA,NA,NA,NA,NA,NA,NA,NA,NA,NA,NA,NA,NA,NA,NA,NA,NA,NA,NA,NA,NA,NA,NA,NA,NA,NA,NA,NA,NA,NA,NA,NA,NA,NA,NA,NA,NA,NA,NA,NA,NA,NA,NA,NA,NA,NA,NA,NA,NA,NA,NA,NA,NA,NA,NA,NA,NA,NA,NA,NA,NA,NA,NA,NA,NA,NA,FALSE
NA,Torquigener pleurogramma,NA,NA,NA,NA,NA,NA,NA,NA,NA,NA,NA,NA,NA,NA,NA,NA,NA,NA,NA,NA,NA,NA,NA,NA,NA,NA,NA,NA,NA,NA,NA,NA,NA,NA,NA,NA,NA,NA,NA,NA,NA,NA,NA,NA,NA,NA,NA,NA,NA,NA,NA,NA,NA,NA,NA,NA,NA,NA,NA,NA,NA,NA,NA,NA,NA,NA,NA,NA,NA,NA,NA,NA,NA,NA,NA,NA,NA,NA,NA,NA,NA,NA,NA,NA,NA,NA,NA,NA,NA,NA,NA,NA,NA,NA,NA,NA,NA,NA,NA,NA,FALSE
NA,Tylerius spinosissimus,NA,NA,NA,NA,NA,NA,NA,NA,NA,NA,NA,NA,NA,NA,NA,NA,NA,NA,NA,NA,NA,NA,NA,NA,NA,NA,NA,NA,NA,NA,NA,NA,NA,NA,NA,NA,NA,NA,NA,NA,NA,NA,NA,NA,NA,NA,NA,NA,NA,NA,NA,NA,NA,NA,NA,NA,NA,NA,NA,NA,NA,NA,NA,NA,NA,NA,NA,NA,NA,NA,NA,NA,NA,NA,NA,NA,NA,NA,NA,NA,NA,NA,NA,NA,NA,NA,NA,NA,NA,NA,NA,NA,NA,NA,NA,NA,NA,NA,NA,NA,FALSE
NA,Triacanthus biaculeatus,NA,NA,NA,NA,NA,NA,NA,NA,NA,NA,NA,NA,NA,NA,NA,NA,NA,NA,NA,NA,NA,NA,NA,NA,NA,NA,NA,NA,NA,NA,NA,NA,NA,NA,NA,NA,NA,NA,NA,NA,NA,NA,NA,NA,NA,NA,NA,NA,NA,NA,NA,NA,NA,NA,NA,NA,NA,NA,NA,NA,NA,NA,NA,NA,NA,NA,NA,NA,NA,NA,NA,NA,NA,NA,NA,NA,NA,NA,NA,NA,NA,NA,NA,NA,NA,NA,NA,NA,NA,NA,NA,NA,NA,NA,NA,NA,NA,NA,NA,NA,FALSE
NA,Triacanthus nieuhofi,NA,NA,NA,NA,NA,NA,NA,NA,NA,NA,NA,NA,NA,NA,NA,NA,NA,NA,NA,NA,NA,NA,NA,NA,NA,NA,NA,NA,NA,NA,NA,NA,NA,NA,NA,NA,NA,NA,NA,NA,NA,NA,NA,NA,NA,NA,NA,NA,NA,NA,NA,NA,NA,NA,NA,NA,NA,NA,NA,NA,NA,NA,NA,NA,NA,NA,NA,NA,NA,NA,NA,NA,NA,NA,NA,NA,NA,NA,NA,NA,NA,NA,NA,NA,NA,NA,NA,NA,NA,NA,NA,NA,NA,NA,NA,NA,NA,NA,NA,NA,FALSE
NA,Tripodichthys blochii,NA,NA,NA,NA,NA,NA,NA,NA,NA,NA,NA,NA,NA,NA,NA,NA,NA,NA,NA,NA,NA,NA,NA,NA,NA,NA,NA,NA,NA,NA,NA,NA,NA,NA,NA,NA,NA,NA,NA,NA,NA,NA,NA,NA,NA,NA,NA,NA,NA,NA,NA,NA,NA,NA,NA,NA,NA,NA,NA,NA,NA,NA,NA,NA,NA,NA,NA,NA,NA,NA,NA,NA,NA,NA,NA,NA,NA,NA,NA,NA,NA,NA,NA,NA,NA,NA,NA,NA,NA,NA,NA,NA,NA,NA,NA,NA,NA,NA,NA,NA,FALSE
NA,Trixiphichthys weberi,NA,NA,NA,NA,NA,NA,NA,NA,NA,NA,NA,NA,NA,NA,NA,NA,NA,NA,NA,NA,NA,NA,NA,NA,NA,NA,NA,NA,NA,NA,NA,NA,NA,NA,NA,NA,NA,NA,NA,NA,NA,NA,NA,NA,NA,NA,NA,NA,NA,NA,NA,NA,NA,NA,NA,NA,NA,NA,NA,NA,NA,NA,NA,NA,NA,NA,NA,NA,NA,NA,NA,NA,NA,NA,NA,NA,NA,NA,NA,NA,NA,NA,NA,NA,NA,NA,NA,NA,NA,NA,NA,NA,NA,NA,NA,NA,NA,NA,NA,NA,FALSE
NA,Atrophacanthus sp,NA,NA,NA,NA,NA,NA,NA,NA,NA,NA,NA,NA,NA,NA,NA,NA,NA,NA,NA,NA,NA,NA,NA,NA,NA,NA,NA,NA,NA,NA,NA,NA,NA,NA,NA,NA,NA,NA,NA,NA,NA,NA,NA,NA,NA,NA,NA,NA,NA,NA,NA,NA,NA,NA,NA,NA,NA,NA,NA,NA,NA,NA,NA,NA,NA,NA,NA,NA,NA,NA,NA,NA,NA,NA,NA,NA,NA,NA,NA,NA,NA,NA,NA,NA,NA,NA,NA,NA,NA,NA,NA,NA,NA,NA,NA,NA,NA,NA,NA,NA,FALSE
NA,Halimochirurgus alcocki,NA,NA,NA,NA,NA,NA,NA,NA,NA,NA,NA,NA,NA,NA,NA,NA,NA,NA,NA,NA,NA,NA,NA,NA,NA,NA,NA,NA,NA,NA,NA,NA,NA,NA,NA,NA,NA,NA,NA,NA,NA,NA,NA,NA,NA,NA,NA,NA,NA,NA,NA,NA,NA,NA,NA,NA,NA,NA,NA,NA,NA,NA,NA,NA,NA,NA,NA,NA,NA,NA,NA,NA,NA,NA,NA,NA,NA,NA,NA,NA,NA,NA,NA,NA,NA,NA,NA,NA,NA,NA,NA,NA,NA,NA,NA,NA,NA,NA,NA,NA,FALSE
NA,Halimochirurgus centriscoides,NA,NA,NA,NA,NA,NA,NA,NA,NA,NA,NA,NA,NA,NA,NA,NA,NA,NA,NA,NA,NA,NA,NA,NA,NA,NA,NA,NA,NA,NA,NA,NA,NA,NA,NA,NA,NA,NA,NA,NA,NA,NA,NA,NA,NA,NA,NA,NA,NA,NA,NA,NA,NA,NA,NA,NA,NA,NA,NA,NA,NA,NA,NA,NA,NA,NA,NA,NA,NA,NA,NA,NA,NA,NA,NA,NA,NA,NA,NA,NA,NA,NA,NA,NA,NA,NA,NA,NA,NA,NA,NA,NA,NA,NA,NA,NA,NA,NA,NA,NA,FALSE
NA,Hollardia hollardia,NA,NA,NA,NA,NA,NA,NA,NA,NA,NA,NA,NA,NA,NA,NA,NA,NA,NA,NA,NA,NA,NA,NA,NA,NA,NA,NA,NA,NA,NA,NA,NA,NA,NA,NA,NA,NA,NA,NA,NA,NA,NA,NA,NA,NA,NA,NA,NA,NA,NA,NA,NA,NA,NA,NA,NA,NA,NA,NA,NA,NA,NA,NA,NA,NA,NA,NA,NA,NA,NA,NA,NA,NA,NA,NA,NA,NA,NA,NA,NA,NA,NA,NA,NA,NA,NA,NA,NA,NA,NA,NA,NA,NA,NA,NA,NA,NA,NA,NA,NA,FALSE
NA,Parahollardia lineata,NA,NA,NA,NA,NA,NA,NA,NA,NA,NA,NA,NA,NA,NA,NA,NA,NA,NA,NA,NA,NA,NA,NA,NA,NA,NA,NA,NA,NA,NA,NA,NA,NA,NA,NA,NA,NA,NA,NA,NA,NA,NA,NA,NA,NA,NA,NA,NA,NA,NA,NA,NA,NA,NA,NA,NA,NA,NA,NA,NA,NA,NA,NA,NA,NA,NA,NA,NA,NA,NA,NA,NA,NA,NA,NA,NA,NA,NA,NA,NA,NA,NA,NA,NA,NA,NA,NA,NA,NA,NA,NA,NA,NA,NA,NA,NA,NA,NA,NA,NA,FALSE
NA,Paratriacanthodes retrospinis,NA,NA,NA,NA,NA,NA,NA,NA,NA,NA,NA,NA,NA,NA,NA,NA,NA,NA,NA,NA,NA,NA,NA,NA,NA,NA,NA,NA,NA,NA,NA,NA,NA,NA,NA,NA,NA,NA,NA,NA,NA,NA,NA,NA,NA,NA,NA,NA,NA,NA,NA,NA,NA,NA,NA,NA,NA,NA,NA,NA,NA,NA,NA,NA,NA,NA,NA,NA,NA,NA,NA,NA,NA,NA,NA,NA,NA,NA,NA,NA,NA,NA,NA,NA,NA,NA,NA,NA,NA,NA,NA,NA,NA,NA,NA,NA,NA,NA,NA,NA,FALSE
NA,Triacanthodes anomalus,NA,NA,NA,NA,NA,NA,NA,NA,NA,NA,NA,NA,NA,NA,NA,NA,NA,NA,NA,NA,NA,NA,NA,NA,NA,NA,NA,NA,NA,NA,NA,NA,NA,NA,NA,NA,NA,NA,NA,NA,NA,NA,NA,NA,NA,NA,NA,NA,NA,NA,NA,NA,NA,NA,NA,NA,NA,NA,NA,NA,NA,NA,NA,NA,NA,NA,NA,NA,NA,NA,NA,NA,NA,NA,NA,NA,NA,NA,NA,NA,NA,NA,NA,NA,NA,NA,NA,NA,NA,NA,NA,NA,NA,NA,NA,NA,NA,NA,NA,NA,FALSE
NA,Triacanthodes ethiops,NA,NA,NA,NA,NA,NA,NA,NA,NA,NA,NA,NA,NA,NA,NA,NA,NA,NA,NA,NA,NA,NA,NA,NA,NA,NA,NA,NA,NA,NA,NA,NA,NA,NA,NA,NA,NA,NA,NA,NA,NA,NA,NA,NA,NA,NA,NA,NA,NA,NA,NA,NA,NA,NA,NA,NA,NA,NA,NA,NA,NA,NA,NA,NA,NA,NA,NA,NA,NA,NA,NA,NA,NA,NA,NA,NA,NA,NA,NA,NA,NA,NA,NA,NA,NA,NA,NA,NA,NA,NA,NA,NA,NA,NA,NA,NA,NA,NA,NA,NA,FALSE
NA,Triacanthodes sp1,NA,NA,NA,NA,NA,NA,NA,NA,NA,NA,NA,NA,NA,NA,NA,NA,NA,NA,NA,NA,NA,NA,NA,NA,NA,NA,NA,NA,NA,NA,NA,NA,NA,NA,NA,NA,NA,NA,NA,NA,NA,NA,NA,NA,NA,NA,NA,NA,NA,NA,NA,NA,NA,NA,NA,NA,NA,NA,NA,NA,NA,NA,NA,NA,NA,NA,NA,NA,NA,NA,NA,NA,NA,NA,NA,NA,NA,NA,NA,NA,NA,NA,NA,NA,NA,NA,NA,NA,NA,NA,NA,NA,NA,NA,NA,NA,NA,NA,NA,NA,FALSE
NA,Tydemania navigatoris,NA,NA,NA,NA,NA,NA,NA,NA,NA,NA,NA,NA,NA,NA,NA,NA,NA,NA,NA,NA,NA,NA,NA,NA,NA,NA,NA,NA,NA,NA,NA,NA,NA,NA,NA,NA,NA,NA,NA,NA,NA,NA,NA,NA,NA,NA,NA,NA,NA,NA,NA,NA,NA,NA,NA,NA,NA,NA,NA,NA,NA,NA,NA,NA,NA,NA,NA,NA,NA,NA,NA,NA,NA,NA,NA,NA,NA,NA,NA,NA,NA,NA,NA,NA,NA,NA,NA,NA,NA,NA,NA,NA,NA,NA,NA,NA,NA,NA,NA,NA,FALSE
NA,Triodon macropterus,NA,NA,NA,NA,NA,NA,NA,NA,NA,NA,NA,NA,NA,NA,NA,NA,NA,NA,NA,NA,NA,NA,NA,NA,NA,NA,NA,NA,NA,NA,NA,NA,NA,NA,NA,NA,NA,NA,NA,NA,NA,NA,NA,NA,NA,NA,NA,NA,NA,NA,NA,NA,NA,NA,NA,NA,NA,NA,NA,NA,NA,NA,NA,NA,NA,NA,NA,NA,NA,NA,NA,NA,NA,NA,NA,NA,NA,NA,NA,NA,NA,NA,NA,NA,NA,NA,NA,NA,NA,NA,NA,NA,NA,NA,NA,NA,NA,NA,NA,NA,FALSE
14560,Anoplocapros lenticularis,Anoplocapros,9563,"(Richardson, 1841)",White-barred boxfish,Anlen_u0.jpg,NA,NA,NA,633,NA,1435,NA,short and / or deep,o,NA,NA,0,0,0,-1,demersal,NA,NA,NA,NA,10,220,9563,NA,NA,NA,NA,NA,NA,NA,17.57,33,TL,NA,NA,9563,NA,NA,NA,NA,NA,NA,NA,NA,ANLEN_U0,NA,NA,NA,9563,NA,unknown,NA,NA,NA,NA,trawls,NA,0,0,0,0,0,0,0,0,0,0,never/rarely,NA,NA,never/rarely,NA,never/rarely,NA,NA,0,NA,harmless,NA,no special ability,NA,NA,-1,Occurs on the continental shelf (Ref. 9563).,NA,0.6251999735832214,0,3,1995-08-12T00:00:00Z,65,2013-07-15T00:00:00Z,NA,NA,NA,NA,TRUE
14561,Aracana aurita,Aracana,9563,"(Shaw, 1798)",Striped cowfish,Araur_f0.jpg,NA,NA,NA,633,NA,6557,NA,short and / or deep,o,NA,Authorship and spelling of genus based on Eschmeyer's Ref. 1830:11.,0,0,0,-1,demersal,NA,NA,NA,NA,10,200,9563,NA,NA,NA,NA,NA,NA,NA,10,20,TL,NA,NA,9563,NA,NA,NA,NA,NA,NA,NA,NA,ACAUR_U0,NA,NA,NA,9563,NA,unknown,NA,NA,NA,NA,trawls,NA,0,0,0,0,0,0,0,0,0,0,never/rarely,NA,NA,never/rarely,NA,never/rarely,NA,NA,0,NA,harmless,NA,no special ability,NA,NA,-1,"Occurs on the continental shelf (Ref. 9563).  Known in rocky reefs, usually fairly deep, including estuaries (Ref. 9002).",NA,0.7501999735832214,0,3,1995-08-13T00:00:00Z,303,2005-06-29T00:00:00Z,NA,NA,NA,NA,TRUE
14564,Caprichthys gymnura,Caprichthys,9563,"McCulloch & Waite, 1915",Rigid boxfish,Cagym_u0.gif,NA,NA,NA,633,NA,7549,NA,short and / or deep,o,NA,NA,0,0,0,-1,demersal,NA,NA,NA,NA,40,200,9563,NA,NA,NA,NA,NA,NA,NA,10,11,TL,NA,NA,9563,NA,NA,NA,NA,NA,NA,NA,NA,CAGYM_U0,NA,NA,NA,9563,NA,unknown,NA,NA,NA,NA,trawls,NA,0,0,0,0,0,0,0,0,0,0,never/rarely,NA,NA,never/rarely,NA,never/rarely,NA,NA,0,NA,harmless,NA,no special ability,NA,NA,-1,Occurs on the continental shelf (Ref. 9563).,NA,1.0002000331878662,0,3,1995-08-13T00:00:00Z,303,2005-06-29T00:00:00Z,NA,NA,NA,NA,TRUE
58334,Abalistes stellatus,Abalistes,11441,"(Anonymous, 1798)",NA,Abste_u9.jpg,NA,NA,NA,445,NA,6790,NA,short and / or deep,O,NA,NA,0,0,0,-1,reef-associated,NA,NA,NA,NA,7,350,58488,NA,NA,NA,NA,NA,NA,NA,43.83,60,TL,NA,NA,11441,NA,NA,NA,NA,NA,NA,NA,NA,NA,NA,NA,NA,NA,NA,medium,Very questionable: based on ex-vessel price for species in this family,NA,NA,NA,NA,NA,0,0,0,0,0,0,0,0,0,0,never/rarely,NA,NA,never/rarely,NA,never/rarely,NA,NA,0,NA,harmless,NA,no special ability,NA,NA,-1,"Inhabits mud and silt sand bottoms (Ref. 11441, 48637).  Adults on deep coastal slopes and usually seen swimming high above the bottom, sometimes found in estuaries.  Juveniles in sheltered coastal bays and estuaries with outcrops of rubble or debris on open substrates (Ref. 48637).",NA,0.625,0,14,2001-09-18T00:00:00Z,303,2013-01-18T00:00:00Z,NA,NA,NA,NA,TRUE
NA,Melichthys indicus,NA,NA,NA,NA,NA,NA,NA,NA,NA,NA,NA,NA,NA,NA,NA,NA,NA,NA,NA,NA,NA,NA,NA,NA,NA,NA,NA,NA,NA,NA,NA,NA,NA,NA,NA,NA,NA,NA,NA,NA,NA,NA,NA,NA,NA,NA,NA,NA,NA,NA,NA,NA,NA,NA,NA,NA,NA,NA,NA,NA,NA,NA,NA,NA,NA,NA,NA,NA,NA,NA,NA,NA,NA,NA,NA,NA,NA,NA,NA,NA,NA,NA,NA,NA,NA,NA,NA,NA,NA,NA,NA,NA,NA,NA,NA,NA,NA,NA,NA,NA,TRUE
NA,Rhinecanthus aculeatus,NA,NA,NA,NA,NA,NA,NA,NA,NA,NA,NA,NA,NA,NA,NA,NA,NA,NA,NA,NA,NA,NA,NA,NA,NA,NA,NA,NA,NA,NA,NA,NA,NA,NA,NA,NA,NA,NA,NA,NA,NA,NA,NA,NA,NA,NA,NA,NA,NA,NA,NA,NA,NA,NA,NA,NA,NA,NA,NA,NA,NA,NA,NA,NA,NA,NA,NA,NA,NA,NA,NA,NA,NA,NA,NA,NA,NA,NA,NA,NA,NA,NA,NA,NA,NA,NA,NA,NA,NA,NA,NA,NA,NA,NA,NA,NA,NA,NA,NA,NA,TRUE
14573,Allomycterus pilatus,Allomycterus,93017,"Whitley, 1931",Deep-water burrfish,Alpil_u1.jpg,NA,NA,NA,449,NA,9937,NA,short and / or deep,o,NA,NA,0,0,0,-1,demersal,NA,NA,NA,NA,40,270,9563,NA,NA,NA,NA,NA,NA,NA,40.85,50,TL,NA,NA,9563,NA,NA,NA,NA,NA,NA,NA,NA,ALPIL_U0,NA,NA,NA,9563,NA,unknown,NA,NA,NA,NA,trawls,NA,0,0,0,0,0,0,0,0,0,0,never/rarely,NA,NA,never/rarely,NA,never/rarely,NA,NA,0,NA,harmless,NA,no special ability,NA,NA,-1,A deepwater species found on the continental shelf.  Capable of inflating its body by sucking in air or water and easily gets entangled in nets (Ref. 9563).,NA,1,0,3,1995-08-13T00:00:00Z,65,2013-07-15T00:00:00Z,NA,NA,NA,NA,TRUE
4659,Diodon holocanthus,Diodon,3393,"Linnaeus, 1758",Longspined porcupinefish,Dihol_u3.jpg,NA,NA,NA,449,NA,822,NA,short and / or deep,O,NA,NA,0,0,0,-1,reef-associated,NA,NA,NA,NA,2,200,5951,2,35,40849,NA,NA,NA,NA,27.17,50,TL,NA,NA,7251,15,TL,NA,NA,55763,NA,NA,NA,DIHOL_U0,NA,NA,NA,35316,minor commercial,unknown,NA,Taken as bycatch.,NA,NA,trawls,unspecified bottom trawls (TB),0,-1,0,0,0,-1,0,0,0,0,never/rarely,NA,NA,never/rarely,NA,commercial,based mainly on capture,5358,0,NA,reports of ciguatera poisoning,30303,no special ability,NA,NA,-1,"Inhabit shallow reefs to open, soft bottoms.  Also in areas with rocky substrata.  Sometimes form groups (Ref. 9710, 48637).  Occur on open muddy substrates as well as on rich soft-bottom and coral reefs.  Juveniles often with floating <i>Sargassum</i> rafts.  Young and sub-adults may form small groups (Ref. 48637).  Benthopelagic (Ref. 58302).  Juveniles pelagic to about 6-9 cm.  Solitary.  Feed on mollusks, sea urchins, hermit crabs, and crabs at  night  (Ref. 9680).  Relatively poor swimmers (Ref. 9710).  Used in Chinese medicine (Ref. 12166).  Captured at the surface using a hand net (Ref. 26165).",NA,0.5313000082969666,0,3,1991-10-09T00:00:00Z,393,2010-04-05T00:00:00Z,97,1996-02-23T00:00:00Z,NA,"Inhabits lagoon and seaward reefs (Ref. 37816, 58534) to open shallow, soft bottoms. Occurs on open muddy substrates as well as on rich soft-bottom and coral reefs.  Also in areas with rocky substrata. Young and sub-adults may form small groups (Ref. 48637).  Juveniles pelagic to about 6-9 cm.  Solitary.  Feeds on mollusks, sea urchins, hermit crabs, shellfish and crabs at  night  (Ref. 9680, 54301).  Mobile-invertebrate feeder (Ref. 57615, 57616).  A relatively poor swimmer (Ref. 9710).",TRUE
7849,Acreichthys tomentosus,Acreichthys,559,"(Linnaeus, 1758)",Bristle-tail file-fish,Actom_u1.jpg,NA,NA,NA,517,NA,10233,NA,short and / or deep,O,NA,NA,0,0,0,-1,reef-associated,NA,NA,non-migratory,NA,2,15,48637,NA,NA,NA,NA,NA,NA,NA,15.57,14,SL,NA,NA,108462,NA,NA,NA,NA,NA,NA,NA,NA,ACTOM_U0,NA,NA,NA,11298,minor commercial,unknown,NA,NA,NA,NA,NA,NA,0,0,0,0,0,0,0,0,0,0,never/rarely,NA,NA,never/rarely,NA,commercial,NA,8631,0,NA,harmless,NA,no special ability,NA,NA,-1,"Adults inhabit reef, weed, and rubble areas on shallow coral reefs (Ref. 43248, 48637),  commonly found in seagrasses (Ref. 58881). Solitary (Ref. 90102). Major food items include amphipods, polychaetes and molluscs (Ref. 58881).  Oviparous (Ref. 205).",NA,0.625,0,14,1993-04-16T00:00:00Z,65,2018-04-25T00:00:00Z,97,2005-06-23T00:00:00Z,NA,"Adults inhabit sand and seagrass areas of protected lagoon reefs (Ref. 37816). Larval forms occur in mangrove waters (Ref. 43081).  Major food items include amphipods, seaweeds, seagrasses, polychaetes and molluscs (Ref. 58881).",TRUE
4275,Aluterus scriptus,Aluterus,4421,"(Osbeck, 1765)",Scribbled leatherjacket filefish,Alscr_uc.jpg,NA,NA,NA,517,NA,5905,NA,short and / or deep,R,NA,NA,0,0,0,-1,reef-associated,NA,NA,NA,NA,3,120,36484,3,20,40849,NA,NA,NA,NA,67.69,110,TL,NA,NA,9710,55,TL,NA,NA,5450,2500,NA,26340,ALSCR_U3,NA,NA,NA,NA,NA,unknown,NA,NA,NA,NA,NA,NA,-1,0,0,0,0,0,0,0,0,-1,never/rarely,NA,NA,never/rarely,NA,commercial,based mainly on capture,5358,-1,4699,reports of ciguatera poisoning,4690,no special ability,NA,NA,-1,"Inhabit lagoon and seaward reefs (Ref. 9710).  Occasionally are seen under floating objects (Ref. 1602).  Juveniles may travel with weed rafts in open ocean for a long time and reaching a large size.  Adults are usually seen along deep coastal slopes or outer reef drop-offs in about 20 meters depth (Ref. 48637).  Benthopelagic (Ref. 58302).  Feed on algae, seagrass, hydrozoans, gorgonians, colonial anemones, and tunicates.  Caught at the surface using a hand net (Ref. 26165).",NA,0.5625,0,1,1991-05-02T00:00:00Z,393,2010-03-31T00:00:00Z,113,1995-07-05T00:00:00Z,NA,"Inhabits lagoon and seaward reefs (Ref. 9710). Occasionally are seen under floating objects (Ref. 1602).  Feeds on algae, seagrass, hydrozoans, gorgonians, colonial anemones, and tunicates. Feeds on benthic invertebrates and plants (Ref. 33).  Omnivore (Ref. 57615, 57616).",TRUE
6672,Amanses scopas,Amanses,1602,"(Cuvier, 1829)",Broom filefish,Amsco_m1.jpg,NA,NA,NA,517,NA,3704,NA,short and / or deep,O,NA,NA,0,0,0,-1,reef-associated,NA,NA,NA,NA,3,18,9710,NA,NA,NA,NA,NA,NA,NA,25.85,20,TL,NA,NA,4421,NA,NA,NA,NA,NA,NA,NA,NA,AMSCO_U1,AMSCO_F0,NA,NA,NA,minor commercial,unknown,NA,NA,NA,NA,NA,NA,0,0,0,0,0,0,0,0,0,0,never/rarely,NA,NA,never/rarely,NA,never/rarely,NA,NA,0,NA,harmless,NA,no special ability,NA,NA,-1,"Inhabits clear coastal to outer reefs, usually in rich coral areas with rubble patches or gutters (Ref. 48637). Feeds on coral polyps (Ref. 89972). Solitary or in pairs (Ref. 90102). Less approachable than most filefishes (Ref. 9710).  Usually seeks coverage in large corals when approached (Ref. 48637).",NA,1,0,14,1992-12-16T00:00:00Z,2291,2014-10-21T00:00:00Z,1,1994-03-25T00:00:00Z,NA,"Occurs in areas of mixed sand, rubble, and coral heads of semi-protected seaward reefs.   Less approachable than most filefishes (Ref. 9710).",TRUE
NA,Chaetoderma penicilligera,NA,NA,NA,NA,NA,NA,NA,NA,NA,NA,NA,NA,NA,NA,NA,NA,NA,NA,NA,NA,NA,NA,NA,NA,NA,NA,NA,NA,NA,NA,NA,NA,NA,NA,NA,NA,NA,NA,NA,NA,NA,NA,NA,NA,NA,NA,NA,NA,NA,NA,NA,NA,NA,NA,NA,NA,NA,NA,NA,NA,NA,NA,NA,NA,NA,NA,NA,NA,NA,NA,NA,NA,NA,NA,NA,NA,NA,NA,NA,NA,NA,NA,NA,NA,NA,NA,NA,NA,NA,NA,NA,NA,NA,NA,NA,NA,NA,NA,NA,NA,TRUE
14535,Eubalichthys bucephalus,Eubalichthys,9563,"(Whitley, 1931)",Black reef leatherjacket,Eubuc_u0.gif,NA,NA,NA,517,NA,4343,NA,short and / or deep,o,NA,NA,0,0,-1,-1,demersal,NA,NA,NA,NA,10,250,9563,NA,NA,NA,NA,NA,NA,NA,46.84,50,TL,NA,NA,9563,NA,NA,NA,NA,NA,NA,NA,NA,EUBUC_U0,NA,NA,NA,9563,NA,unknown,NA,NA,NA,NA,trawls,NA,0,0,0,0,0,0,0,0,0,0,never/rarely,NA,NA,never/rarely,NA,never/rarely,NA,NA,0,NA,harmless,NA,no special ability,NA,NA,-1,"Occurs on the continental shelf (Ref. 9563).  Observed in pairs, secretly moving about in and out of holes among boulders (Ref. 9002).",NA,0.5156000256538391,0,3,1995-08-11T00:00:00Z,NA,1999-12-06T00:00:00Z,NA,NA,NA,NA,TRUE
NA,Oxymonacanthus longirostris,NA,NA,NA,NA,NA,NA,NA,NA,NA,NA,NA,NA,NA,NA,NA,NA,NA,NA,NA,NA,NA,NA,NA,NA,NA,NA,NA,NA,NA,NA,NA,NA,NA,NA,NA,NA,NA,NA,NA,NA,NA,NA,NA,NA,NA,NA,NA,NA,NA,NA,NA,NA,NA,NA,NA,NA,NA,NA,NA,NA,NA,NA,NA,NA,NA,NA,NA,NA,NA,NA,NA,NA,NA,NA,NA,NA,NA,NA,NA,NA,NA,NA,NA,NA,NA,NA,NA,NA,NA,NA,NA,NA,NA,NA,NA,NA,NA,NA,NA,NA,TRUE
NA,Paraluteres prionurus,NA,NA,NA,NA,NA,NA,NA,NA,NA,NA,NA,NA,NA,NA,NA,NA,NA,NA,NA,NA,NA,NA,NA,NA,NA,NA,NA,NA,NA,NA,NA,NA,NA,NA,NA,NA,NA,NA,NA,NA,NA,NA,NA,NA,NA,NA,NA,NA,NA,NA,NA,NA,NA,NA,NA,NA,NA,NA,NA,NA,NA,NA,NA,NA,NA,NA,NA,NA,NA,NA,NA,NA,NA,NA,NA,NA,NA,NA,NA,NA,NA,NA,NA,NA,NA,NA,NA,NA,NA,NA,NA,NA,NA,NA,NA,NA,NA,NA,NA,NA,TRUE
NA,Pervagor aspricaudus,NA,NA,NA,NA,NA,NA,NA,NA,NA,NA,NA,NA,NA,NA,NA,NA,NA,NA,NA,NA,NA,NA,NA,NA,NA,NA,NA,NA,NA,NA,NA,NA,NA,NA,NA,NA,NA,NA,NA,NA,NA,NA,NA,NA,NA,NA,NA,NA,NA,NA,NA,NA,NA,NA,NA,NA,NA,NA,NA,NA,NA,NA,NA,NA,NA,NA,NA,NA,NA,NA,NA,NA,NA,NA,NA,NA,NA,NA,NA,NA,NA,NA,NA,NA,NA,NA,NA,NA,NA,NA,NA,NA,NA,NA,NA,NA,NA,NA,NA,NA,TRUE
NA,Pseudomonacanthus macrurus,NA,NA,NA,NA,NA,NA,NA,NA,NA,NA,NA,NA,NA,NA,NA,NA,NA,NA,NA,NA,NA,NA,NA,NA,NA,NA,NA,NA,NA,NA,NA,NA,NA,NA,NA,NA,NA,NA,NA,NA,NA,NA,NA,NA,NA,NA,NA,NA,NA,NA,NA,NA,NA,NA,NA,NA,NA,NA,NA,NA,NA,NA,NA,NA,NA,NA,NA,NA,NA,NA,NA,NA,NA,NA,NA,NA,NA,NA,NA,NA,NA,NA,NA,NA,NA,NA,NA,NA,NA,NA,NA,NA,NA,NA,NA,NA,NA,NA,NA,NA,TRUE
14550,Acanthaluteres vittiger,Acanthaluteres,9563,"(Castelnau, 1873)",Toothbrush leatherjacket,Acvit_u0.gif,NA,NA,NA,517,NA,4284,NA,short and / or deep,o,NA,NA,0,0,0,-1,demersal,NA,NA,NA,NA,1,40,9563,NA,NA,NA,NA,NA,NA,NA,34.51,35,TL,NA,NA,9563,NA,NA,NA,NA,NA,NA,NA,NA,PEVIT_U1,NA,NA,NA,9563,NA,unknown,NA,NA,NA,NA,trawls,NA,0,0,0,0,0,0,0,0,0,0,never/rarely,NA,NA,never/rarely,NA,never/rarely,NA,NA,0,NA,harmless,NA,no special ability,NA,NA,-1,Found in seagrass beds and on rocky reefs.  Females resemble the rough leatherjacket <i>Scobinichthys granulatus</i> (Ref. 9563).,NA,0.625,0,3,1995-08-11T00:00:00Z,NA,1999-12-01T00:00:00Z,NA,NA,NA,NA,TRUE
92,Acanthostracion quadricornis,Acanthostracion,3141,"(Linnaeus, 1758)",Scrawled cowfish,Acqua_u4.jpg,NA,NA,NA,446,NA,4119,NA,short and / or deep,R,NA,NA,0,0,0,-1,reef-associated,NA,NA,NA,NA,1,80,26938,10,30,40849,NA,NA,NA,NA,31.74,55,TL,NA,NA,6937,20,TL,NA,NA,3696,NA,NA,NA,ACQUA_U0,NA,NA,NA,3696,minor commercial,high,Very questionable: based on ex-vessel price for species in this family,NA,NA,NA,traps,NA,-1,0,0,0,0,0,0,0,0,0,never/rarely,NA,NA,never/rarely,NA,commercial,based mainly on capture,12090,0,NA,reports of ciguatera poisoning,30303,no special ability,NA,NA,-1,"Found in shallow water down to about 80 m, mainly in seagrass beds (Ref. 3696).  Feeds on sessile invertebrates such as tunicates, gorgonians and anemones, as well as on slow-moving crustaceans, sponges (Ref. 3696), hermit crabs and marine plants (Ref. 13442).  Oviparous (Ref. 205).  Considered an excellent food fish; marketed fresh (Ref. 3696).",NA,0.5625,0,2,1990-10-17T00:00:00Z,303,2005-06-29T00:00:00Z,NA,NA,NA,"Occurs in shallow waters, mainly over seagrass beds (Ref. 33, 3696).  Found in shallow water down to about 80 m (Ref. 3696).  Feeds on sessile invertebrates such as tunicates, gorgonians and anemones, as well as on slow-moving crustaceans, sponges (Ref. 3696), hermit crabs and marine plants (Ref. 13442).",TRUE
NA,Lactoria cornuta,NA,NA,NA,NA,NA,NA,NA,NA,NA,NA,NA,NA,NA,NA,NA,NA,NA,NA,NA,NA,NA,NA,NA,NA,NA,NA,NA,NA,NA,NA,NA,NA,NA,NA,NA,NA,NA,NA,NA,NA,NA,NA,NA,NA,NA,NA,NA,NA,NA,NA,NA,NA,NA,NA,NA,NA,NA,NA,NA,NA,NA,NA,NA,NA,NA,NA,NA,NA,NA,NA,NA,NA,NA,NA,NA,NA,NA,NA,NA,NA,NA,NA,NA,NA,NA,NA,NA,NA,NA,NA,NA,NA,NA,NA,NA,NA,NA,NA,NA,NA,TRUE
NA,Lactoria fornasini,NA,NA,NA,NA,NA,NA,NA,NA,NA,NA,NA,NA,NA,NA,NA,NA,NA,NA,NA,NA,NA,NA,NA,NA,NA,NA,NA,NA,NA,NA,NA,NA,NA,NA,NA,NA,NA,NA,NA,NA,NA,NA,NA,NA,NA,NA,NA,NA,NA,NA,NA,NA,NA,NA,NA,NA,NA,NA,NA,NA,NA,NA,NA,NA,NA,NA,NA,NA,NA,NA,NA,NA,NA,NA,NA,NA,NA,NA,NA,NA,NA,NA,NA,NA,NA,NA,NA,NA,NA,NA,NA,NA,NA,NA,NA,NA,NA,NA,NA,NA,TRUE
NA,Ostracion cubicus,NA,NA,NA,NA,NA,NA,NA,NA,NA,NA,NA,NA,NA,NA,NA,NA,NA,NA,NA,NA,NA,NA,NA,NA,NA,NA,NA,NA,NA,NA,NA,NA,NA,NA,NA,NA,NA,NA,NA,NA,NA,NA,NA,NA,NA,NA,NA,NA,NA,NA,NA,NA,NA,NA,NA,NA,NA,NA,NA,NA,NA,NA,NA,NA,NA,NA,NA,NA,NA,NA,NA,NA,NA,NA,NA,NA,NA,NA,NA,NA,NA,NA,NA,NA,NA,NA,NA,NA,NA,NA,NA,NA,NA,NA,NA,NA,NA,NA,NA,NA,TRUE
6543,Canthigaster janthinoptera,Canthigaster,1602,"(Bleeker, 1855)",Honeycomb toby,Cajan_u6.jpg,NA,NA,NA,448,Canthigasterinae,1159,NA,short and / or deep,O,NA,NA,0,0,0,-1,reef-associated,NA,NA,NA,NA,1,30,1602,NA,NA,NA,NA,NA,NA,NA,10,9,TL,NA,NA,4919,NA,NA,NA,NA,NA,NA,NA,NA,CAJAN_U0,NA,NA,NA,NA,NA,very high,Very questionable: based on ex-vessel price for species in this family,NA,NA,NA,NA,NA,0,0,0,0,0,0,0,0,0,0,never/rarely,NA,NA,never/rarely,NA,commercial,based mainly on capture,4907,0,NA,harmless,NA,no special ability,NA,NA,-1,"Occurs in clear lagoon and seaward reefs, Ref. 48637.  Found  with sponges at various depths (Ref. 48637).  Prefers sheltered areas in the form of holes in dead and living corals.  Solitary or paired.  Feeds on sponges, polychaetes, filamentous algae and on smaller quantities of tunicates, crustaceans, echinoderms and corals.",NA,0.5,0,14,1992-11-17T00:00:00Z,303,2013-07-15T00:00:00Z,NA,NA,NA,It is solitary or may be found in pairs.  Feeds on plants and benthic invertebrates (Ref. 1602).,TRUE
NA,Lagocephalus spadiceus,NA,NA,NA,NA,NA,NA,NA,NA,NA,NA,NA,NA,NA,NA,NA,NA,NA,NA,NA,NA,NA,NA,NA,NA,NA,NA,NA,NA,NA,NA,NA,NA,NA,NA,NA,NA,NA,NA,NA,NA,NA,NA,NA,NA,NA,NA,NA,NA,NA,NA,NA,NA,NA,NA,NA,NA,NA,NA,NA,NA,NA,NA,NA,NA,NA,NA,NA,NA,NA,NA,NA,NA,NA,NA,NA,NA,NA,NA,NA,NA,NA,NA,NA,NA,NA,NA,NA,NA,NA,NA,NA,NA,NA,NA,NA,NA,NA,NA,NA,NA,TRUE
NA,Torquigener parcuspinus,NA,NA,NA,NA,NA,NA,NA,NA,NA,NA,NA,NA,NA,NA,NA,NA,NA,NA,NA,NA,NA,NA,NA,NA,NA,NA,NA,NA,NA,NA,NA,NA,NA,NA,NA,NA,NA,NA,NA,NA,NA,NA,NA,NA,NA,NA,NA,NA,NA,NA,NA,NA,NA,NA,NA,NA,NA,NA,NA,NA,NA,NA,NA,NA,NA,NA,NA,NA,NA,NA,NA,NA,NA,NA,NA,NA,NA,NA,NA,NA,NA,NA,NA,NA,NA,NA,NA,NA,NA,NA,NA,NA,NA,NA,NA,NA,NA,NA,NA,NA,TRUE
NA,Pseudotriacanthus strigilifer,NA,NA,NA,NA,NA,NA,NA,NA,NA,NA,NA,NA,NA,NA,NA,NA,NA,NA,NA,NA,NA,NA,NA,NA,NA,NA,NA,NA,NA,NA,NA,NA,NA,NA,NA,NA,NA,NA,NA,NA,NA,NA,NA,NA,NA,NA,NA,NA,NA,NA,NA,NA,NA,NA,NA,NA,NA,NA,NA,NA,NA,NA,NA,NA,NA,NA,NA,NA,NA,NA,NA,NA,NA,NA,NA,NA,NA,NA,NA,NA,NA,NA,NA,NA,NA,NA,NA,NA,NA,NA,NA,NA,NA,NA,NA,NA,NA,NA,NA,NA,TRUE
NA,Halimochirurgus platycheilus,NA,NA,NA,NA,NA,NA,NA,NA,NA,NA,NA,NA,NA,NA,NA,NA,NA,NA,NA,NA,NA,NA,NA,NA,NA,NA,NA,NA,NA,NA,NA,NA,NA,NA,NA,NA,NA,NA,NA,NA,NA,NA,NA,NA,NA,NA,NA,NA,NA,NA,NA,NA,NA,NA,NA,NA,NA,NA,NA,NA,NA,NA,NA,NA,NA,NA,NA,NA,NA,NA,NA,NA,NA,NA,NA,NA,NA,NA,NA,NA,NA,NA,NA,NA,NA,NA,NA,NA,NA,NA,NA,NA,NA,NA,NA,NA,NA,NA,NA,NA,TRUE
NA,Hollardia meadi,NA,NA,NA,NA,NA,NA,NA,NA,NA,NA,NA,NA,NA,NA,NA,NA,NA,NA,NA,NA,NA,NA,NA,NA,NA,NA,NA,NA,NA,NA,NA,NA,NA,NA,NA,NA,NA,NA,NA,NA,NA,NA,NA,NA,NA,NA,NA,NA,NA,NA,NA,NA,NA,NA,NA,NA,NA,NA,NA,NA,NA,NA,NA,NA,NA,NA,NA,NA,NA,NA,NA,NA,NA,NA,NA,NA,NA,NA,NA,NA,NA,NA,NA,NA,NA,NA,NA,NA,NA,NA,NA,NA,NA,NA,NA,NA,NA,NA,NA,NA,TRUE
